  0
SECTION
  2
HEADER
  9
$ACADVER
  1
AC1015
  9
$ACADMAINTVER
 70
6
  9
$DWGCODEPAGE
  3
ANSI_1252
  9
$INSBASE
 10
0.0
 20
0.0
 30
0.0
  9
$EXTMIN
 10
1e+20
 20
1e+20
 30
1e+20
  9
$EXTMAX
 10
-1e+20
 20
-1e+20
 30
-1e+20
  9
$LIMMIN
 10
0.0
 20
0.0
  9
$LIMMAX
 10
420.0
 20
297.0
  9
$ORTHOMODE
 70
0
  9
$REGENMODE
 70
1
  9
$FILLMODE
 70
1
  9
$QTEXTMODE
 70
0
  9
$MIRRTEXT
 70
1
  9
$LTSCALE
 40
1.0
  9
$ATTMODE
 70
1
  9
$TEXTSIZE
 40
2.5
  9
$TRACEWID
 40
1.0
  9
$TEXTSTYLE
  7
Standard
  9
$CLAYER
  8
Modules
  9
$CELTYPE
  6
ByLayer
  9
$CECOLOR
 62
256
  9
$CELTSCALE
 40
1.0
  9
$DISPSILH
 70
0
  9
$DIMSCALE
 40
1.0
  9
$DIMASZ
 40
2.5
  9
$DIMEXO
 40
0.625
  9
$DIMDLI
 40
3.75
  9
$DIMRND
 40
0.0
  9
$DIMDLE
 40
0.0
  9
$DIMEXE
 40
1.25
  9
$DIMTP
 40
0.0
  9
$DIMTM
 40
0.0
  9
$DIMTXT
 40
1.0
  9
$DIMCEN
 40
2.5
  9
$DIMTSZ
 40
0.0
  9
$DIMTOL
 70
0
  9
$DIMLIM
 70
0
  9
$DIMTIH
 70
0
  9
$DIMTOH
 70
0
  9
$DIMSE1
 70
0
  9
$DIMSE2
 70
0
  9
$DIMTAD
 70
1
  9
$DIMZIN
 70
8
  9
$DIMBLK
  1

  9
$DIMASO
 70
1
  9
$DIMSHO
 70
1
  9
$DIMPOST
  1

  9
$DIMAPOST
  1

  9
$DIMALT
 70
0
  9
$DIMALTD
 70
3
  9
$DIMALTF
 40
0.03937007874
  9
$DIMLFAC
 40
1.0
  9
$DIMTOFL
 70
1
  9
$DIMTVP
 40
0.0
  9
$DIMTIX
 70
0
  9
$DIMSOXD
 70
0
  9
$DIMSAH
 70
0
  9
$DIMBLK1
  1

  9
$DIMBLK2
  1

  9
$DIMSTYLE
  2
ISO-25
  9
$DIMCLRD
 70
0
  9
$DIMCLRE
 70
0
  9
$DIMCLRT
 70
0
  9
$DIMTFAC
 40
1.0
  9
$DIMGAP
 40
0.625
  9
$DIMJUST
 70
0
  9
$DIMSD1
 70
0
  9
$DIMSD2
 70
0
  9
$DIMTOLJ
 70
0
  9
$DIMTZIN
 70
8
  9
$DIMALTZ
 70
0
  9
$DIMALTTZ
 70
0
  9
$DIMUPT
 70
0
  9
$DIMDEC
 70
2
  9
$DIMTDEC
 70
2
  9
$DIMALTU
 70
2
  9
$DIMALTTD
 70
3
  9
$DIMTXSTY
  7
Standard
  9
$DIMAUNIT
 70
0
  9
$DIMADEC
 70
0
  9
$DIMALTRND
 40
0.0
  9
$DIMAZIN
 70
0
  9
$DIMDSEP
 70
44
  9
$DIMATFIT
 70
3
  9
$DIMFRAC
 70
0
  9
$DIMLDRBLK
  1

  9
$DIMLUNIT
 70
2
  9
$DIMLWD
 70
-2
  9
$DIMLWE
 70
-2
  9
$DIMTMOVE
 70
0
  9
$LUNITS
 70
2
  9
$LUPREC
 70
4
  9
$SKETCHINC
 40
1.0
  9
$FILLETRAD
 40
10.0
  9
$AUNITS
 70
0
  9
$AUPREC
 70
2
  9
$MENU
  1
.
  9
$ELEVATION
 40
0.0
  9
$PELEVATION
 40
0.0
  9
$THICKNESS
 40
0.0
  9
$LIMCHECK
 70
0
  9
$CHAMFERA
 40
0.0
  9
$CHAMFERB
 40
0.0
  9
$CHAMFERC
 40
0.0
  9
$CHAMFERD
 40
0.0
  9
$SKPOLY
 70
0
  9
$TDCREATE
 40
2461307.4601157405
  9
$TDUCREATE
 40
2458532.153996898
  9
$TDUPDATE
 40
2461307.460127315
  9
$TDUUPDATE
 40
2458532.1544311
  9
$TDINDWG
 40
0.0
  9
$TDUSRTIMER
 40
0.0
  9
$USRTIMER
 70
1
  9
$ANGBASE
 50
0.0
  9
$ANGDIR
 70
0
  9
$PDMODE
 70
0
  9
$PDSIZE
 40
0.0
  9
$PLINEWID
 40
0.0
  9
$SPLFRAME
 70
0
  9
$SPLINETYPE
 70
6
  9
$SPLINESEGS
 70
8
  9
$HANDSEED
  5
CD8
  9
$SURFTAB1
 70
6
  9
$SURFTAB2
 70
6
  9
$SURFTYPE
 70
6
  9
$SURFU
 70
6
  9
$SURFV
 70
6
  9
$UCSBASE
  2

  9
$UCSNAME
  2

  9
$UCSORG
 10
0.0
 20
0.0
 30
0.0
  9
$UCSXDIR
 10
1.0
 20
0.0
 30
0.0
  9
$UCSYDIR
 10
0.0
 20
1.0
 30
0.0
  9
$UCSORTHOREF
  2

  9
$UCSORTHOVIEW
 70
0
  9
$UCSORGTOP
 10
0.0
 20
0.0
 30
0.0
  9
$UCSORGBOTTOM
 10
0.0
 20
0.0
 30
0.0
  9
$UCSORGLEFT
 10
0.0
 20
0.0
 30
0.0
  9
$UCSORGRIGHT
 10
0.0
 20
0.0
 30
0.0
  9
$UCSORGFRONT
 10
0.0
 20
0.0
 30
0.0
  9
$UCSORGBACK
 10
0.0
 20
0.0
 30
0.0
  9
$PUCSBASE
  2

  9
$PUCSNAME
  2

  9
$PUCSORG
 10
0.0
 20
0.0
 30
0.0
  9
$PUCSXDIR
 10
1.0
 20
0.0
 30
0.0
  9
$PUCSYDIR
 10
0.0
 20
1.0
 30
0.0
  9
$PUCSORTHOREF
  2

  9
$PUCSORTHOVIEW
 70
0
  9
$PUCSORGTOP
 10
0.0
 20
0.0
 30
0.0
  9
$PUCSORGBOTTOM
 10
0.0
 20
0.0
 30
0.0
  9
$PUCSORGLEFT
 10
0.0
 20
0.0
 30
0.0
  9
$PUCSORGRIGHT
 10
0.0
 20
0.0
 30
0.0
  9
$PUCSORGFRONT
 10
0.0
 20
0.0
 30
0.0
  9
$PUCSORGBACK
 10
0.0
 20
0.0
 30
0.0
  9
$USERI1
 70
0
  9
$USERI2
 70
0
  9
$USERI3
 70
0
  9
$USERI4
 70
0
  9
$USERI5
 70
0
  9
$USERR1
 40
0.0
  9
$USERR2
 40
0.0
  9
$USERR3
 40
0.0
  9
$USERR4
 40
0.0
  9
$USERR5
 40
0.0
  9
$WORLDVIEW
 70
1
  9
$SHADEDGE
 70
3
  9
$SHADEDIF
 70
70
  9
$TILEMODE
 70
1
  9
$MAXACTVP
 70
64
  9
$PINSBASE
 10
0.0
 20
0.0
 30
0.0
  9
$PLIMCHECK
 70
0
  9
$PEXTMIN
 10
1e+20
 20
1e+20
 30
1e+20
  9
$PEXTMAX
 10
-1e+20
 20
-1e+20
 30
-1e+20
  9
$PLIMMIN
 10
0.0
 20
0.0
  9
$PLIMMAX
 10
420.0
 20
297.0
  9
$UNITMODE
 70
0
  9
$VISRETAIN
 70
1
  9
$PLINEGEN
 70
0
  9
$PSLTSCALE
 70
1
  9
$TREEDEPTH
 70
3020
  9
$CMLSTYLE
  2
Standard
  9
$CMLJUST
 70
0
  9
$CMLSCALE
 40
20.0
  9
$PROXYGRAPHICS
 70
1
  9
$MEASUREMENT
 70
1
  9
$CELWEIGHT
370
-1
  9
$ENDCAPS
280
0
  9
$JOINSTYLE
280
0
  9
$LWDISPLAY
290
0
  9
$INSUNITS
 70
6
  9
$HYPERLINKBASE
  1

  9
$STYLESHEET
  1

  9
$XEDIT
290
1
  9
$CEPSNTYPE
380
0
  9
$PSTYLEMODE
290
1
  9
$FINGERPRINTGUID
  2
{6A59B909-1210-4A60-9822-5AE0C4F82B71}
  9
$VERSIONGUID
  2
{4E97C4E1-9397-4380-9200-EC9BA239EF99}
  9
$EXTNAMES
290
1
  9
$PSVPSCALE
 40
0.0
  9
$OLESTARTUP
290
0
  0
ENDSEC
  0
SECTION
  2
CLASSES
  0
CLASS
  1
ACDBDICTIONARYWDFLT
  2
AcDbDictionaryWithDefault
  3
ObjectDBX Classes
 90
0
280
0
281
0
  0
CLASS
  1
SUN
  2
AcDbSun
  3
SCENEOE
 90
1153
280
0
281
0
  0
CLASS
  1
VISUALSTYLE
  2
AcDbVisualStyle
  3
ObjectDBX Classes
 90
4095
280
0
281
0
  0
CLASS
  1
MATERIAL
  2
AcDbMaterial
  3
ObjectDBX Classes
 90
1153
280
0
281
0
  0
CLASS
  1
SCALE
  2
AcDbScale
  3
ObjectDBX Classes
 90
1153
280
0
281
0
  0
CLASS
  1
TABLESTYLE
  2
AcDbTableStyle
  3
ObjectDBX Classes
 90
4095
280
0
281
0
  0
CLASS
  1
MLEADERSTYLE
  2
AcDbMLeaderStyle
  3
ACDB_MLEADERSTYLE_CLASS
 90
4095
280
0
281
0
  0
CLASS
  1
DICTIONARYVAR
  2
AcDbDictionaryVar
  3
ObjectDBX Classes
 90
0
280
0
281
0
  0
CLASS
  1
CELLSTYLEMAP
  2
AcDbCellStyleMap
  3
ObjectDBX Classes
 90
1152
280
0
281
0
  0
CLASS
  1
MENTALRAYRENDERSETTINGS
  2
AcDbMentalRayRenderSettings
  3
SCENEOE
 90
1024
280
0
281
0
  0
CLASS
  1
ACDBDETAILVIEWSTYLE
  2
AcDbDetailViewStyle
  3
ObjectDBX Classes
 90
1025
280
0
281
0
  0
CLASS
  1
ACDBSECTIONVIEWSTYLE
  2
AcDbSectionViewStyle
  3
ObjectDBX Classes
 90
1025
280
0
281
0
  0
CLASS
  1
RASTERVARIABLES
  2
AcDbRasterVariables
  3
ISM
 90
0
280
0
281
0
  0
CLASS
  1
ACDBPLACEHOLDER
  2
AcDbPlaceHolder
  3
ObjectDBX Classes
 90
0
280
0
281
0
  0
CLASS
  1
LAYOUT
  2
AcDbLayout
  3
ObjectDBX Classes
 90
0
280
0
281
0
  0
CLASS
  1
IMAGE
  2
AcDbRasterImage
  3
ISM
 90
2175
280
0
281
1
  0
CLASS
  1
IMAGEDEF
  2
AcDbRasterImageDef
  3
ISM
 90
0
280
0
281
0
  0
CLASS
  1
IMAGEDEF_REACTOR
  2
AcDbRasterImageDefReactor
  3
ISM
 90
1
280
0
281
0
  0
ENDSEC
  0
SECTION
  2
TABLES
  0
TABLE
  2
VPORT
  5
8
330
0
100
AcDbSymbolTable
 70
1
  0
VPORT
  5
23
330
8
100
AcDbSymbolTableRecord
100
AcDbViewportTableRecord
  2
*Active
 70
0
 10
0.0
 20
0.0
 11
1.0
 21
1.0
 12
0.0
 22
0.0
 13
0.0
 23
0.0
 14
0.5
 24
0.5
 15
0.5
 25
0.5
 16
0.0
 26
0.0
 36
1.0
 17
0.0
 27
0.0
 37
0.0
 40
1000.0
 41
1.34
 42
50.0
 43
0.0
 44
0.0
 50
0.0
 51
0.0
 71
0
 72
1000
 73
1
 74
3
 75
0
 76
0
 77
0
 78
0
281
0
 65
0
146
0.0
  0
ENDTAB
  0
TABLE
  2
LTYPE
  5
2
330
0
100
AcDbSymbolTable
 70
4
  0
LTYPE
  5
24
330
2
100
AcDbSymbolTableRecord
100
AcDbLinetypeTableRecord
  2
ByBlock
 70
0
  3

 72
65
 73
0
 40
0.0
  0
LTYPE
  5
25
330
2
100
AcDbSymbolTableRecord
100
AcDbLinetypeTableRecord
  2
ByLayer
 70
0
  3

 72
65
 73
0
 40
0.0
  0
LTYPE
  5
26
330
2
100
AcDbSymbolTableRecord
100
AcDbLinetypeTableRecord
  2
Continuous
 70
0
  3

 72
65
 73
0
 40
0.0
  0
LTYPE
  5
30
330
2
100
AcDbSymbolTableRecord
100
AcDbLinetypeTableRecord
  2
DASHED
 70
0
  3
Dashed __ __ __ __ __ __ __ __ __
 72
65
 73
0
 40
0.0
  0
ENDTAB
  0
TABLE
  2
LAYER
  5
1
330
0
100
AcDbSymbolTable
 70
6
  0
LAYER
  5
27
330
1
100
AcDbSymbolTableRecord
100
AcDbLayerTableRecord
  2
0
 70
0
 62
7
  6
Continuous
370
-3
390
13
  0
LAYER
  5
28
330
1
100
AcDbSymbolTableRecord
100
AcDbLayerTableRecord
  2
Defpoints
 70
0
 62
7
  6
Continuous
290
0
370
-3
390
13
  0
LAYER
  5
37
330
1
100
AcDbSymbolTableRecord
100
AcDbLayerTableRecord
  2
Modules
 70
0
 62
160
  6
Continuous
370
-3
390
13
  0
LAYER
  5
C3E
330
1
100
AcDbSymbolTableRecord
100
AcDbLayerTableRecord
  2
Field_Segments
 70
0
 62
142
  6
Continuous
370
-3
390
13
  0
LAYER
  5
C3F
330
1
100
AcDbSymbolTableRecord
100
AcDbLayerTableRecord
  2
Field_Segment_Setback
 70
0
 62
21
  6
DASHED
370
-3
390
13
  0
LAYER
  5
CD4
330
1
100
AcDbSymbolTableRecord
100
AcDbLayerTableRecord
  2
Keepouts
 70
0
 62
20
  6
Continuous
370
-3
390
13
  0
ENDTAB
  0
TABLE
  2
STYLE
  5
5
330
0
100
AcDbSymbolTable
 70
1
  0
STYLE
  5
29
330
5
100
AcDbSymbolTableRecord
100
AcDbTextStyleTableRecord
  2
Standard
 70
0
 40
0.0
 41
1.0
 50
0.0
 71
0
 42
2.5
  3
txt
  4

  0
ENDTAB
  0
TABLE
  2
VIEW
  5
7
330
0
100
AcDbSymbolTable
 70
0
  0
ENDTAB
  0
TABLE
  2
UCS
  5
6
330
0
100
AcDbSymbolTable
 70
0
  0
ENDTAB
  0
TABLE
  2
APPID
  5
3
330
0
100
AcDbSymbolTable
 70
4
  0
APPID
  5
2A
330
3
100
AcDbSymbolTableRecord
100
AcDbRegAppTableRecord
  2
ACAD
 70
0
  0
APPID
  5
2F
330
3
100
AcDbSymbolTableRecord
100
AcDbRegAppTableRecord
  2
HelioScope
 70
0
  0
APPID
  5
CD5
330
3
100
AcDbSymbolTableRecord
100
AcDbRegAppTableRecord
  2
HATCHBACKGROUNDCOLOR
 70
0
  0
APPID
  5
CD6
330
3
100
AcDbSymbolTableRecord
100
AcDbRegAppTableRecord
  2
EZDXF
 70
0
  0
ENDTAB
  0
TABLE
  2
DIMSTYLE
  5
4
330
0
100
AcDbSymbolTable
 70
1
100
AcDbDimStyleTable
  0
DIMSTYLE
105
2B
330
4
100
AcDbSymbolTableRecord
100
AcDbDimStyleTableRecord
  2
Standard
 70
0
  3

  4

 40
1.0
 41
2.5
 42
0.625
 43
3.75
 44
1.25
 45
0.0
 46
0.0
 47
0.0
 48
0.0
140
2.5
141
2.5
142
0.0
143
0.03937007874
144
1.0
145
0.0
146
1.0
147
0.625
148
0.0
 71
0
 72
0
 73
0
 74
0
 75
0
 76
0
 77
1
 78
8
 79
3
170
0
171
3
172
1
173
0
174
0
175
0
176
0
177
0
178
0
179
2
271
2
272
2
273
2
274
3
275
0
276
0
277
2
278
44
279
0
280
0
281
0
282
0
283
0
284
8
285
0
286
0
288
0
289
3
371
-2
372
-2
  0
ENDTAB
  0
TABLE
  2
BLOCK_RECORD
  5
9
330
0
100
AcDbSymbolTable
 70
4
  0
BLOCK_RECORD
  5
17
330
9
100
AcDbSymbolTableRecord
100
AcDbBlockTableRecord
  2
*Model_Space
340
1A
  0
BLOCK_RECORD
  5
1B
330
9
100
AcDbSymbolTableRecord
100
AcDbBlockTableRecord
  2
*Paper_Space
340
1E
  0
BLOCK_RECORD
  5
38
330
9
100
AcDbSymbolTableRecord
100
AcDbBlockTableRecord
  2
fs_54641099_full
340
0
  0
BLOCK_RECORD
  5
3B
330
9
100
AcDbSymbolTableRecord
100
AcDbBlockTableRecord
  2
module_characterization_128666_15.0deg_portrait
340
0
  0
ENDTAB
  0
ENDSEC
  0
SECTION
  2
BLOCKS
  0
BLOCK
  5
18
330
17
100
AcDbEntity
  8
0
100
AcDbBlockBegin
  2
*Model_Space
 70
0
 10
0.0
 20
0.0
 30
0.0
  3
*Model_Space
  1

  0
ENDBLK
  5
19
330
17
100
AcDbEntity
  8
0
100
AcDbBlockEnd
  0
BLOCK
  5
1C
330
1B
100
AcDbEntity
  8
0
100
AcDbBlockBegin
  2
*Paper_Space
 70
0
 10
0.0
 20
0.0
 30
0.0
  3
*Paper_Space
  1

  0
ENDBLK
  5
1D
330
1B
100
AcDbEntity
  8
0
100
AcDbBlockEnd
  0
BLOCK
  5
39
330
38
100
AcDbEntity
  8
0
100
AcDbBlockBegin
  2
fs_54641099_full
 70
0
 10
0.0
 20
0.0
 30
0.0
  3
fs_54641099_full
  1

  0
INSERT
  5
44
330
38
100
AcDbEntity
  8
0
100
AcDbBlockReference
  2
module_characterization_128666_15.0deg_portrait
 10
0.0
 20
0.0
 30
0.0
  0
INSERT
  5
46
330
38
100
AcDbEntity
  8
0
100
AcDbBlockReference
  2
module_characterization_128666_15.0deg_portrait
 10
0.0
 20
-2.3131123900208195
 30
-0.6197965969085046
  0
INSERT
  5
48
330
38
100
AcDbEntity
  8
0
100
AcDbBlockReference
  2
module_characterization_128666_15.0deg_portrait
 10
0.0
 20
-4.626224780041639
 30
-1.2395931938170093
  0
ENDBLK
  5
3A
330
38
100
AcDbEntity
  8
0
100
AcDbBlockEnd
  0
BLOCK
  5
3C
330
3B
100
AcDbEntity
  8
0
100
AcDbBlockBegin
  2
module_characterization_128666_15.0deg_portrait
 70
0
 10
0.0
 20
0.0
 30
0.0
  3
module_characterization_128666_15.0deg_portrait
  1

  0
POLYLINE
  5
3E
330
3B
100
AcDbEntity
  8
0
100
AcDb3dPolyline
 66
1
 10
0.0
 20
0.0
 30
0.0
 70
9
  0
VERTEX
  5
40
330
3B
100
AcDbEntity
  8
0
100
AcDbVertex
100
AcDb3dPolylineVertex
 10
0.0
 20
0.0
 30
0.0
 70
32
  0
VERTEX
  5
41
330
3B
100
AcDbEntity
  8
0
100
AcDbVertex
100
AcDb3dPolylineVertex
 10
1.134
 20
0.0
 30
0.0
 70
32
  0
VERTEX
  5
42
330
3B
100
AcDbEntity
  8
0
100
AcDbVertex
100
AcDb3dPolylineVertex
 10
1.134
 20
-2.3008353182205608
 30
-0.6165069654342045
 70
32
  0
VERTEX
  5
43
330
3B
100
AcDbEntity
  8
0
100
AcDbVertex
100
AcDb3dPolylineVertex
 10
0.0
 20
-2.3008353182205608
 30
-0.6165069654342045
 70
32
  0
SEQEND
  5
3F
330
3E
100
AcDbEntity
  8
0
  0
ENDBLK
  5
3D
330
3B
100
AcDbEntity
  8
0
100
AcDbBlockEnd
  0
ENDSEC
  0
SECTION
  2
ENTITIES
  0
IMAGE
  5
35
330
17
100
AcDbEntity
  8
0
100
AcDbRasterImage
 90
0
 10
-346.3964368852192
 20
-495.6920968026777
 30
0.0
 11
0.8016105570958506
 21
0.0
 31
0.0
 12
4.9084490145508e-17
 22
0.8016105570958506
 32
0.0
 13
900.0
 23
900.0
340
34
 70
3
280
0
281
50
282
50
283
0
360
36
 71
1
 91
2
 14
-0.5
 24
-0.5
 14
899.5
 24
899.5
  0
INSERT
  5
4A
330
17
100
AcDbEntity
  8
Modules
100
AcDbBlockReference
  2
fs_54641099_full
 10
-66.56927522456581
 20
-32.85031698541758
 30
1.8561011592512138
1001
HelioScope
1040
1.134
1040
2.382
1000
portrait
  0
INSERT
  5
4C
330
17
100
AcDbEntity
  8
Modules
100
AcDbBlockReference
  2
fs_54641099_full
 10
-65.42256506456582
 20
-32.85031698541758
 30
1.8561011592512138
1001
HelioScope
1040
1.134
1040
2.382
1000
portrait
  0
INSERT
  5
4E
330
17
100
AcDbEntity
  8
Modules
100
AcDbBlockReference
  2
fs_54641099_full
 10
-64.27585490456582
 20
-32.85031698541758
 30
1.8561011592512138
1001
HelioScope
1040
1.134
1040
2.382
1000
portrait
  0
INSERT
  5
50
330
17
100
AcDbEntity
  8
Modules
100
AcDbBlockReference
  2
fs_54641099_full
 10
-63.129144744565814
 20
-32.85031698541758
 30
1.8561011592512138
1001
HelioScope
1040
1.134
1040
2.382
1000
portrait
  0
INSERT
  5
52
330
17
100
AcDbEntity
  8
Modules
100
AcDbBlockReference
  2
fs_54641099_full
 10
-61.982434584565816
 20
-32.85031698541758
 30
1.8561011592512138
1001
HelioScope
1040
1.134
1040
2.382
1000
portrait
  0
INSERT
  5
54
330
17
100
AcDbEntity
  8
Modules
100
AcDbBlockReference
  2
fs_54641099_full
 10
-60.83572442456581
 20
-32.85031698541758
 30
1.8561011592512138
1001
HelioScope
1040
1.134
1040
2.382
1000
portrait
  0
INSERT
  5
56
330
17
100
AcDbEntity
  8
Modules
100
AcDbBlockReference
  2
fs_54641099_full
 10
-59.68901426456581
 20
-32.85031698541758
 30
1.8561011592512138
1001
HelioScope
1040
1.134
1040
2.382
1000
portrait
  0
INSERT
  5
58
330
17
100
AcDbEntity
  8
Modules
100
AcDbBlockReference
  2
fs_54641099_full
 10
-58.542304104565815
 20
-32.85031698541758
 30
1.8561011592512138
1001
HelioScope
1040
1.134
1040
2.382
1000
portrait
  0
INSERT
  5
5A
330
17
100
AcDbEntity
  8
Modules
100
AcDbBlockReference
  2
fs_54641099_full
 10
-57.39559394456582
 20
-32.85031698541758
 30
1.8561011592512138
1001
HelioScope
1040
1.134
1040
2.382
1000
portrait
  0
INSERT
  5
5C
330
17
100
AcDbEntity
  8
Modules
100
AcDbBlockReference
  2
fs_54641099_full
 10
-56.24888378456582
 20
-32.85031698541758
 30
1.8561011592512138
1001
HelioScope
1040
1.134
1040
2.382
1000
portrait
  0
INSERT
  5
5E
330
17
100
AcDbEntity
  8
Modules
100
AcDbBlockReference
  2
fs_54641099_full
 10
-55.102173624565815
 20
-32.85031698541758
 30
1.8561011592512138
1001
HelioScope
1040
1.134
1040
2.382
1000
portrait
  0
INSERT
  5
60
330
17
100
AcDbEntity
  8
Modules
100
AcDbBlockReference
  2
fs_54641099_full
 10
-53.95546346456582
 20
-32.85031698541758
 30
1.8561011592512138
1001
HelioScope
1040
1.134
1040
2.382
1000
portrait
  0
INSERT
  5
62
330
17
100
AcDbEntity
  8
Modules
100
AcDbBlockReference
  2
fs_54641099_full
 10
-52.80875330456581
 20
-32.85031698541758
 30
1.8561011592512138
1001
HelioScope
1040
1.134
1040
2.382
1000
portrait
  0
INSERT
  5
64
330
17
100
AcDbEntity
  8
Modules
100
AcDbBlockReference
  2
fs_54641099_full
 10
-51.662043144565814
 20
-32.85031698541758
 30
1.8561011592512138
1001
HelioScope
1040
1.134
1040
2.382
1000
portrait
  0
INSERT
  5
66
330
17
100
AcDbEntity
  8
Modules
100
AcDbBlockReference
  2
fs_54641099_full
 10
-50.515332984565816
 20
-32.85031698541758
 30
1.8561011592512138
1001
HelioScope
1040
1.134
1040
2.382
1000
portrait
  0
INSERT
  5
68
330
17
100
AcDbEntity
  8
Modules
100
AcDbBlockReference
  2
fs_54641099_full
 10
-49.36862282456582
 20
-32.85031698541758
 30
1.8561011592512138
1001
HelioScope
1040
1.134
1040
2.382
1000
portrait
  0
INSERT
  5
6A
330
17
100
AcDbEntity
  8
Modules
100
AcDbBlockReference
  2
fs_54641099_full
 10
-48.22191266456582
 20
-32.85031698541758
 30
1.8561011592512138
1001
HelioScope
1040
1.134
1040
2.382
1000
portrait
  0
INSERT
  5
6C
330
17
100
AcDbEntity
  8
Modules
100
AcDbBlockReference
  2
fs_54641099_full
 10
-47.075202504565816
 20
-32.85031698541758
 30
1.8561011592512138
1001
HelioScope
1040
1.134
1040
2.382
1000
portrait
  0
INSERT
  5
6E
330
17
100
AcDbEntity
  8
Modules
100
AcDbBlockReference
  2
fs_54641099_full
 10
-45.92849234456582
 20
-32.85031698541758
 30
1.8561011592512138
1001
HelioScope
1040
1.134
1040
2.382
1000
portrait
  0
INSERT
  5
70
330
17
100
AcDbEntity
  8
Modules
100
AcDbBlockReference
  2
fs_54641099_full
 10
-44.78178218456581
 20
-32.85031698541758
 30
1.8561011592512138
1001
HelioScope
1040
1.134
1040
2.382
1000
portrait
  0
INSERT
  5
72
330
17
100
AcDbEntity
  8
Modules
100
AcDbBlockReference
  2
fs_54641099_full
 10
-43.635072024565815
 20
-32.85031698541758
 30
1.8561011592512138
1001
HelioScope
1040
1.134
1040
2.382
1000
portrait
  0
INSERT
  5
74
330
17
100
AcDbEntity
  8
Modules
100
AcDbBlockReference
  2
fs_54641099_full
 10
-42.48836186456582
 20
-32.85031698541758
 30
1.8561011592512138
1001
HelioScope
1040
1.134
1040
2.382
1000
portrait
  0
INSERT
  5
76
330
17
100
AcDbEntity
  8
Modules
100
AcDbBlockReference
  2
fs_54641099_full
 10
-41.34165170456582
 20
-32.85031698541758
 30
1.8561011592512138
1001
HelioScope
1040
1.134
1040
2.382
1000
portrait
  0
INSERT
  5
78
330
17
100
AcDbEntity
  8
Modules
100
AcDbBlockReference
  2
fs_54641099_full
 10
-40.19494154456582
 20
-32.85031698541758
 30
1.8561011592512138
1001
HelioScope
1040
1.134
1040
2.382
1000
portrait
  0
INSERT
  5
7A
330
17
100
AcDbEntity
  8
Modules
100
AcDbBlockReference
  2
fs_54641099_full
 10
-39.04823138456582
 20
-32.85031698541758
 30
1.8561011592512138
1001
HelioScope
1040
1.134
1040
2.382
1000
portrait
  0
INSERT
  5
7C
330
17
100
AcDbEntity
  8
Modules
100
AcDbBlockReference
  2
fs_54641099_full
 10
-73.4495361845658
 20
-43.77737708367977
 30
1.8561011592512138
1001
HelioScope
1040
1.134
1040
2.382
1000
portrait
  0
INSERT
  5
7E
330
17
100
AcDbEntity
  8
Modules
100
AcDbBlockReference
  2
fs_54641099_full
 10
-74.5962463445658
 20
-43.77737708367977
 30
1.8561011592512138
1001
HelioScope
1040
1.134
1040
2.382
1000
portrait
  0
INSERT
  5
80
330
17
100
AcDbEntity
  8
Modules
100
AcDbBlockReference
  2
fs_54641099_full
 10
-75.7429565045658
 20
-43.77737708367977
 30
1.8561011592512138
1001
HelioScope
1040
1.134
1040
2.382
1000
portrait
  0
INSERT
  5
82
330
17
100
AcDbEntity
  8
Modules
100
AcDbBlockReference
  2
fs_54641099_full
 10
-76.88966666456581
 20
-43.77737708367977
 30
1.8561011592512138
1001
HelioScope
1040
1.134
1040
2.382
1000
portrait
  0
INSERT
  5
84
330
17
100
AcDbEntity
  8
Modules
100
AcDbBlockReference
  2
fs_54641099_full
 10
-78.0363768245658
 20
-43.77737708367977
 30
1.8561011592512138
1001
HelioScope
1040
1.134
1040
2.382
1000
portrait
  0
INSERT
  5
86
330
17
100
AcDbEntity
  8
Modules
100
AcDbBlockReference
  2
fs_54641099_full
 10
-72.3028260245658
 20
-43.77737708367977
 30
1.8561011592512138
1001
HelioScope
1040
1.134
1040
2.382
1000
portrait
  0
INSERT
  5
88
330
17
100
AcDbEntity
  8
Modules
100
AcDbBlockReference
  2
fs_54641099_full
 10
-71.1561158645658
 20
-43.77737708367977
 30
1.8561011592512138
1001
HelioScope
1040
1.134
1040
2.382
1000
portrait
  0
INSERT
  5
8A
330
17
100
AcDbEntity
  8
Modules
100
AcDbBlockReference
  2
fs_54641099_full
 10
-70.00940570456581
 20
-43.77737708367977
 30
1.8561011592512138
1001
HelioScope
1040
1.134
1040
2.382
1000
portrait
  0
INSERT
  5
8C
330
17
100
AcDbEntity
  8
Modules
100
AcDbBlockReference
  2
fs_54641099_full
 10
-68.86269554456581
 20
-43.77737708367977
 30
1.8561011592512138
1001
HelioScope
1040
1.134
1040
2.382
1000
portrait
  0
INSERT
  5
8E
330
17
100
AcDbEntity
  8
Modules
100
AcDbBlockReference
  2
fs_54641099_full
 10
-67.71598538456581
 20
-43.77737708367977
 30
1.8561011592512138
1001
HelioScope
1040
1.134
1040
2.382
1000
portrait
  0
INSERT
  5
90
330
17
100
AcDbEntity
  8
Modules
100
AcDbBlockReference
  2
fs_54641099_full
 10
-66.56927522456581
 20
-43.77737708367977
 30
1.8561011592512138
1001
HelioScope
1040
1.134
1040
2.382
1000
portrait
  0
INSERT
  5
92
330
17
100
AcDbEntity
  8
Modules
100
AcDbBlockReference
  2
fs_54641099_full
 10
-65.42256506456582
 20
-43.77737708367977
 30
1.8561011592512138
1001
HelioScope
1040
1.134
1040
2.382
1000
portrait
  0
INSERT
  5
94
330
17
100
AcDbEntity
  8
Modules
100
AcDbBlockReference
  2
fs_54641099_full
 10
-64.2758549045658
 20
-43.77737708367977
 30
1.8561011592512138
1001
HelioScope
1040
1.134
1040
2.382
1000
portrait
  0
INSERT
  5
96
330
17
100
AcDbEntity
  8
Modules
100
AcDbBlockReference
  2
fs_54641099_full
 10
-63.12914474456581
 20
-43.77737708367977
 30
1.8561011592512138
1001
HelioScope
1040
1.134
1040
2.382
1000
portrait
  0
INSERT
  5
98
330
17
100
AcDbEntity
  8
Modules
100
AcDbBlockReference
  2
fs_54641099_full
 10
-61.98243458456581
 20
-43.77737708367977
 30
1.8561011592512138
1001
HelioScope
1040
1.134
1040
2.382
1000
portrait
  0
INSERT
  5
9A
330
17
100
AcDbEntity
  8
Modules
100
AcDbBlockReference
  2
fs_54641099_full
 10
-60.83572442456581
 20
-43.77737708367977
 30
1.8561011592512138
1001
HelioScope
1040
1.134
1040
2.382
1000
portrait
  0
INSERT
  5
9C
330
17
100
AcDbEntity
  8
Modules
100
AcDbBlockReference
  2
fs_54641099_full
 10
-59.68901426456581
 20
-43.77737708367977
 30
1.8561011592512138
1001
HelioScope
1040
1.134
1040
2.382
1000
portrait
  0
INSERT
  5
9E
330
17
100
AcDbEntity
  8
Modules
100
AcDbBlockReference
  2
fs_54641099_full
 10
-58.54230410456581
 20
-43.77737708367977
 30
1.8561011592512138
1001
HelioScope
1040
1.134
1040
2.382
1000
portrait
  0
INSERT
  5
A0
330
17
100
AcDbEntity
  8
Modules
100
AcDbBlockReference
  2
fs_54641099_full
 10
-57.39559394456581
 20
-43.77737708367977
 30
1.8561011592512138
1001
HelioScope
1040
1.134
1040
2.382
1000
portrait
  0
INSERT
  5
A2
330
17
100
AcDbEntity
  8
Modules
100
AcDbBlockReference
  2
fs_54641099_full
 10
-56.248883784565805
 20
-43.77737708367977
 30
1.8561011592512138
1001
HelioScope
1040
1.134
1040
2.382
1000
portrait
  0
INSERT
  5
A4
330
17
100
AcDbEntity
  8
Modules
100
AcDbBlockReference
  2
fs_54641099_full
 10
-55.10217362456581
 20
-43.77737708367977
 30
1.8561011592512138
1001
HelioScope
1040
1.134
1040
2.382
1000
portrait
  0
INSERT
  5
A6
330
17
100
AcDbEntity
  8
Modules
100
AcDbBlockReference
  2
fs_54641099_full
 10
-53.95546346456581
 20
-43.77737708367977
 30
1.8561011592512138
1001
HelioScope
1040
1.134
1040
2.382
1000
portrait
  0
INSERT
  5
A8
330
17
100
AcDbEntity
  8
Modules
100
AcDbBlockReference
  2
fs_54641099_full
 10
-52.80875330456581
 20
-43.77737708367977
 30
1.8561011592512138
1001
HelioScope
1040
1.134
1040
2.382
1000
portrait
  0
INSERT
  5
AA
330
17
100
AcDbEntity
  8
Modules
100
AcDbBlockReference
  2
fs_54641099_full
 10
-51.662043144565814
 20
-43.77737708367977
 30
1.8561011592512138
1001
HelioScope
1040
1.134
1040
2.382
1000
portrait
  0
INSERT
  5
AC
330
17
100
AcDbEntity
  8
Modules
100
AcDbBlockReference
  2
fs_54641099_full
 10
-50.51533298456581
 20
-43.77737708367977
 30
1.8561011592512138
1001
HelioScope
1040
1.134
1040
2.382
1000
portrait
  0
INSERT
  5
AE
330
17
100
AcDbEntity
  8
Modules
100
AcDbBlockReference
  2
fs_54641099_full
 10
-49.36862282456581
 20
-43.77737708367977
 30
1.8561011592512138
1001
HelioScope
1040
1.134
1040
2.382
1000
portrait
  0
INSERT
  5
B0
330
17
100
AcDbEntity
  8
Modules
100
AcDbBlockReference
  2
fs_54641099_full
 10
-48.22191266456581
 20
-43.77737708367977
 30
1.8561011592512138
1001
HelioScope
1040
1.134
1040
2.382
1000
portrait
  0
INSERT
  5
B2
330
17
100
AcDbEntity
  8
Modules
100
AcDbBlockReference
  2
fs_54641099_full
 10
-47.07520250456581
 20
-43.77737708367977
 30
1.8561011592512138
1001
HelioScope
1040
1.134
1040
2.382
1000
portrait
  0
INSERT
  5
B4
330
17
100
AcDbEntity
  8
Modules
100
AcDbBlockReference
  2
fs_54641099_full
 10
-45.92849234456581
 20
-43.77737708367977
 30
1.8561011592512138
1001
HelioScope
1040
1.134
1040
2.382
1000
portrait
  0
INSERT
  5
B6
330
17
100
AcDbEntity
  8
Modules
100
AcDbBlockReference
  2
fs_54641099_full
 10
-44.78178218456581
 20
-43.77737708367977
 30
1.8561011592512138
1001
HelioScope
1040
1.134
1040
2.382
1000
portrait
  0
INSERT
  5
B8
330
17
100
AcDbEntity
  8
Modules
100
AcDbBlockReference
  2
fs_54641099_full
 10
-43.635072024565815
 20
-43.77737708367977
 30
1.8561011592512138
1001
HelioScope
1040
1.134
1040
2.382
1000
portrait
  0
INSERT
  5
BA
330
17
100
AcDbEntity
  8
Modules
100
AcDbBlockReference
  2
fs_54641099_full
 10
-42.48836186456581
 20
-43.77737708367977
 30
1.8561011592512138
1001
HelioScope
1040
1.134
1040
2.382
1000
portrait
  0
INSERT
  5
BC
330
17
100
AcDbEntity
  8
Modules
100
AcDbBlockReference
  2
fs_54641099_full
 10
-41.34165170456581
 20
-43.77737708367977
 30
1.8561011592512138
1001
HelioScope
1040
1.134
1040
2.382
1000
portrait
  0
INSERT
  5
BE
330
17
100
AcDbEntity
  8
Modules
100
AcDbBlockReference
  2
fs_54641099_full
 10
-40.194941544565815
 20
-43.77737708367977
 30
1.8561011592512138
1001
HelioScope
1040
1.134
1040
2.382
1000
portrait
  0
INSERT
  5
C0
330
17
100
AcDbEntity
  8
Modules
100
AcDbBlockReference
  2
fs_54641099_full
 10
-39.04823138456581
 20
-43.77737708367977
 30
1.8561011592512138
1001
HelioScope
1040
1.134
1040
2.382
1000
portrait
  0
INSERT
  5
C2
330
17
100
AcDbEntity
  8
Modules
100
AcDbBlockReference
  2
fs_54641099_full
 10
-37.90152122456581
 20
-43.77737708367977
 30
1.8561011592512138
1001
HelioScope
1040
1.134
1040
2.382
1000
portrait
  0
INSERT
  5
C4
330
17
100
AcDbEntity
  8
Modules
100
AcDbBlockReference
  2
fs_54641099_full
 10
-36.754811064565814
 20
-43.77737708367977
 30
1.8561011592512138
1001
HelioScope
1040
1.134
1040
2.382
1000
portrait
  0
INSERT
  5
C6
330
17
100
AcDbEntity
  8
Modules
100
AcDbBlockReference
  2
fs_54641099_full
 10
-35.608100904565816
 20
-43.77737708367977
 30
1.8561011592512138
1001
HelioScope
1040
1.134
1040
2.382
1000
portrait
  0
INSERT
  5
C8
330
17
100
AcDbEntity
  8
Modules
100
AcDbBlockReference
  2
fs_54641099_full
 10
-34.46139074456581
 20
-43.77737708367977
 30
1.8561011592512138
1001
HelioScope
1040
1.134
1040
2.382
1000
portrait
  0
INSERT
  5
CA
330
17
100
AcDbEntity
  8
Modules
100
AcDbBlockReference
  2
fs_54641099_full
 10
-33.314680584565814
 20
-43.77737708367977
 30
1.8561011592512138
1001
HelioScope
1040
1.134
1040
2.382
1000
portrait
  0
INSERT
  5
CC
330
17
100
AcDbEntity
  8
Modules
100
AcDbBlockReference
  2
fs_54641099_full
 10
-32.167970424565816
 20
-43.77737708367977
 30
1.8561011592512138
1001
HelioScope
1040
1.134
1040
2.382
1000
portrait
  0
INSERT
  5
CE
330
17
100
AcDbEntity
  8
Modules
100
AcDbBlockReference
  2
fs_54641099_full
 10
-31.02126026456581
 20
-43.77737708367977
 30
1.8561011592512138
1001
HelioScope
1040
1.134
1040
2.382
1000
portrait
  0
INSERT
  5
D0
330
17
100
AcDbEntity
  8
Modules
100
AcDbBlockReference
  2
fs_54641099_full
 10
-29.874550104565813
 20
-43.77737708367977
 30
1.8561011592512138
1001
HelioScope
1040
1.134
1040
2.382
1000
portrait
  0
INSERT
  5
D2
330
17
100
AcDbEntity
  8
Modules
100
AcDbBlockReference
  2
fs_54641099_full
 10
-28.727839944565815
 20
-43.77737708367977
 30
1.8561011592512138
1001
HelioScope
1040
1.134
1040
2.382
1000
portrait
  0
INSERT
  5
D4
330
17
100
AcDbEntity
  8
Modules
100
AcDbBlockReference
  2
fs_54641099_full
 10
-27.581129784565817
 20
-43.77737708367977
 30
1.8561011592512138
1001
HelioScope
1040
1.134
1040
2.382
1000
portrait
  0
INSERT
  5
D6
330
17
100
AcDbEntity
  8
Modules
100
AcDbBlockReference
  2
fs_54641099_full
 10
-26.434419624565813
 20
-43.77737708367977
 30
1.8561011592512138
1001
HelioScope
1040
1.134
1040
2.382
1000
portrait
  0
INSERT
  5
D8
330
17
100
AcDbEntity
  8
Modules
100
AcDbBlockReference
  2
fs_54641099_full
 10
-25.287709464565815
 20
-43.77737708367977
 30
1.8561011592512138
1001
HelioScope
1040
1.134
1040
2.382
1000
portrait
  0
INSERT
  5
DA
330
17
100
AcDbEntity
  8
Modules
100
AcDbBlockReference
  2
fs_54641099_full
 10
-24.140999304565817
 20
-43.77737708367977
 30
1.8561011592512138
1001
HelioScope
1040
1.134
1040
2.382
1000
portrait
  0
INSERT
  5
DC
330
17
100
AcDbEntity
  8
Modules
100
AcDbBlockReference
  2
fs_54641099_full
 10
-22.994289144565812
 20
-43.77737708367977
 30
1.8561011592512138
1001
HelioScope
1040
1.134
1040
2.382
1000
portrait
  0
INSERT
  5
DE
330
17
100
AcDbEntity
  8
Modules
100
AcDbBlockReference
  2
fs_54641099_full
 10
-21.847578984565814
 20
-43.77737708367977
 30
1.8561011592512138
1001
HelioScope
1040
1.134
1040
2.382
1000
portrait
  0
INSERT
  5
E0
330
17
100
AcDbEntity
  8
Modules
100
AcDbBlockReference
  2
fs_54641099_full
 10
-20.700868824565816
 20
-43.77737708367977
 30
1.8561011592512138
1001
HelioScope
1040
1.134
1040
2.382
1000
portrait
  0
INSERT
  5
E2
330
17
100
AcDbEntity
  8
Modules
100
AcDbBlockReference
  2
fs_54641099_full
 10
-19.55415866456582
 20
-43.77737708367977
 30
1.8561011592512138
1001
HelioScope
1040
1.134
1040
2.382
1000
portrait
  0
INSERT
  5
E4
330
17
100
AcDbEntity
  8
Modules
100
AcDbBlockReference
  2
fs_54641099_full
 10
-18.407448504565814
 20
-43.77737708367977
 30
1.8561011592512138
1001
HelioScope
1040
1.134
1040
2.382
1000
portrait
  0
INSERT
  5
E6
330
17
100
AcDbEntity
  8
Modules
100
AcDbBlockReference
  2
fs_54641099_full
 10
-17.260738344565816
 20
-43.77737708367977
 30
1.8561011592512138
1001
HelioScope
1040
1.134
1040
2.382
1000
portrait
  0
INSERT
  5
E8
330
17
100
AcDbEntity
  8
Modules
100
AcDbBlockReference
  2
fs_54641099_full
 10
-16.114028184565818
 20
-43.77737708367977
 30
1.8561011592512138
1001
HelioScope
1040
1.134
1040
2.382
1000
portrait
  0
INSERT
  5
EA
330
17
100
AcDbEntity
  8
Modules
100
AcDbBlockReference
  2
fs_54641099_full
 10
-14.96731802456582
 20
-43.77737708367977
 30
1.8561011592512138
1001
HelioScope
1040
1.134
1040
2.382
1000
portrait
  0
INSERT
  5
EC
330
17
100
AcDbEntity
  8
Modules
100
AcDbBlockReference
  2
fs_54641099_full
 10
-13.820607864565815
 20
-43.77737708367977
 30
1.8561011592512138
1001
HelioScope
1040
1.134
1040
2.382
1000
portrait
  0
INSERT
  5
EE
330
17
100
AcDbEntity
  8
Modules
100
AcDbBlockReference
  2
fs_54641099_full
 10
-12.673897704565817
 20
-43.77737708367977
 30
1.8561011592512138
1001
HelioScope
1040
1.134
1040
2.382
1000
portrait
  0
INSERT
  5
F0
330
17
100
AcDbEntity
  8
Modules
100
AcDbBlockReference
  2
fs_54641099_full
 10
-11.52718754456582
 20
-43.77737708367977
 30
1.8561011592512138
1001
HelioScope
1040
1.134
1040
2.382
1000
portrait
  0
INSERT
  5
F2
330
17
100
AcDbEntity
  8
Modules
100
AcDbBlockReference
  2
fs_54641099_full
 10
-10.380477384565822
 20
-43.77737708367977
 30
1.8561011592512138
1001
HelioScope
1040
1.134
1040
2.382
1000
portrait
  0
INSERT
  5
F4
330
17
100
AcDbEntity
  8
Modules
100
AcDbBlockReference
  2
fs_54641099_full
 10
-9.233767224565824
 20
-43.77737708367977
 30
1.8561011592512138
1001
HelioScope
1040
1.134
1040
2.382
1000
portrait
  0
INSERT
  5
F6
330
17
100
AcDbEntity
  8
Modules
100
AcDbBlockReference
  2
fs_54641099_full
 10
-8.087057064565812
 20
-43.77737708367977
 30
1.8561011592512138
1001
HelioScope
1040
1.134
1040
2.382
1000
portrait
  0
INSERT
  5
F8
330
17
100
AcDbEntity
  8
Modules
100
AcDbBlockReference
  2
fs_54641099_full
 10
-6.940346904565814
 20
-43.77737708367977
 30
1.8561011592512138
1001
HelioScope
1040
1.134
1040
2.382
1000
portrait
  0
INSERT
  5
FA
330
17
100
AcDbEntity
  8
Modules
100
AcDbBlockReference
  2
fs_54641099_full
 10
-5.793636744565816
 20
-43.77737708367977
 30
1.8561011592512138
1001
HelioScope
1040
1.134
1040
2.382
1000
portrait
  0
INSERT
  5
FC
330
17
100
AcDbEntity
  8
Modules
100
AcDbBlockReference
  2
fs_54641099_full
 10
-4.6469265845658185
 20
-43.77737708367977
 30
1.8561011592512138
1001
HelioScope
1040
1.134
1040
2.382
1000
portrait
  0
INSERT
  5
FE
330
17
100
AcDbEntity
  8
Modules
100
AcDbBlockReference
  2
fs_54641099_full
 10
-3.5002164245658207
 20
-43.77737708367977
 30
1.8561011592512138
1001
HelioScope
1040
1.134
1040
2.382
1000
portrait
  0
INSERT
  5
100
330
17
100
AcDbEntity
  8
Modules
100
AcDbBlockReference
  2
fs_54641099_full
 10
-2.353506264565823
 20
-43.77737708367977
 30
1.8561011592512138
1001
HelioScope
1040
1.134
1040
2.382
1000
portrait
  0
INSERT
  5
102
330
17
100
AcDbEntity
  8
Modules
100
AcDbBlockReference
  2
fs_54641099_full
 10
-1.206796104565825
 20
-43.77737708367977
 30
1.8561011592512138
1001
HelioScope
1040
1.134
1040
2.382
1000
portrait
  0
INSERT
  5
104
330
17
100
AcDbEntity
  8
Modules
100
AcDbBlockReference
  2
fs_54641099_full
 10
-0.060085944565813065
 20
-43.77737708367977
 30
1.8561011592512138
1001
HelioScope
1040
1.134
1040
2.382
1000
portrait
  0
INSERT
  5
106
330
17
100
AcDbEntity
  8
Modules
100
AcDbBlockReference
  2
fs_54641099_full
 10
1.0866242154341847
 20
-43.77737708367977
 30
1.8561011592512138
1001
HelioScope
1040
1.134
1040
2.382
1000
portrait
  0
INSERT
  5
108
330
17
100
AcDbEntity
  8
Modules
100
AcDbBlockReference
  2
fs_54641099_full
 10
2.2333343754341826
 20
-43.77737708367977
 30
1.8561011592512138
1001
HelioScope
1040
1.134
1040
2.382
1000
portrait
  0
INSERT
  5
10A
330
17
100
AcDbEntity
  8
Modules
100
AcDbBlockReference
  2
fs_54641099_full
 10
3.3800445354341804
 20
-43.77737708367977
 30
1.8561011592512138
1001
HelioScope
1040
1.134
1040
2.382
1000
portrait
  0
INSERT
  5
10C
330
17
100
AcDbEntity
  8
Modules
100
AcDbBlockReference
  2
fs_54641099_full
 10
4.526754695434178
 20
-43.77737708367977
 30
1.8561011592512138
1001
HelioScope
1040
1.134
1040
2.382
1000
portrait
  0
INSERT
  5
10E
330
17
100
AcDbEntity
  8
Modules
100
AcDbBlockReference
  2
fs_54641099_full
 10
5.673464855434176
 20
-43.77737708367977
 30
1.8561011592512138
1001
HelioScope
1040
1.134
1040
2.382
1000
portrait
  0
INSERT
  5
110
330
17
100
AcDbEntity
  8
Modules
100
AcDbBlockReference
  2
fs_54641099_full
 10
6.820175015434174
 20
-43.77737708367977
 30
1.8561011592512138
1001
HelioScope
1040
1.134
1040
2.382
1000
portrait
  0
INSERT
  5
112
330
17
100
AcDbEntity
  8
Modules
100
AcDbBlockReference
  2
fs_54641099_full
 10
7.966885175434186
 20
-43.77737708367977
 30
1.8561011592512138
1001
HelioScope
1040
1.134
1040
2.382
1000
portrait
  0
INSERT
  5
114
330
17
100
AcDbEntity
  8
Modules
100
AcDbBlockReference
  2
fs_54641099_full
 10
9.113595335434184
 20
-43.77737708367977
 30
1.8561011592512138
1001
HelioScope
1040
1.134
1040
2.382
1000
portrait
  0
INSERT
  5
116
330
17
100
AcDbEntity
  8
Modules
100
AcDbBlockReference
  2
fs_54641099_full
 10
10.260305495434181
 20
-43.77737708367977
 30
1.8561011592512138
1001
HelioScope
1040
1.134
1040
2.382
1000
portrait
  0
INSERT
  5
118
330
17
100
AcDbEntity
  8
Modules
100
AcDbBlockReference
  2
fs_54641099_full
 10
11.40701565543418
 20
-43.77737708367977
 30
1.8561011592512138
1001
HelioScope
1040
1.134
1040
2.382
1000
portrait
  0
INSERT
  5
11A
330
17
100
AcDbEntity
  8
Modules
100
AcDbBlockReference
  2
fs_54641099_full
 10
12.553725815434177
 20
-43.77737708367977
 30
1.8561011592512138
1001
HelioScope
1040
1.134
1040
2.382
1000
portrait
  0
INSERT
  5
11C
330
17
100
AcDbEntity
  8
Modules
100
AcDbBlockReference
  2
fs_54641099_full
 10
13.700435975434175
 20
-43.77737708367977
 30
1.8561011592512138
1001
HelioScope
1040
1.134
1040
2.382
1000
portrait
  0
INSERT
  5
11E
330
17
100
AcDbEntity
  8
Modules
100
AcDbBlockReference
  2
fs_54641099_full
 10
14.847146135434173
 20
-43.77737708367977
 30
1.8561011592512138
1001
HelioScope
1040
1.134
1040
2.382
1000
portrait
  0
INSERT
  5
120
330
17
100
AcDbEntity
  8
Modules
100
AcDbBlockReference
  2
fs_54641099_full
 10
15.993856295434185
 20
-43.77737708367977
 30
1.8561011592512138
1001
HelioScope
1040
1.134
1040
2.382
1000
portrait
  0
INSERT
  5
122
330
17
100
AcDbEntity
  8
Modules
100
AcDbBlockReference
  2
fs_54641099_full
 10
17.140566455434183
 20
-43.77737708367977
 30
1.8561011592512138
1001
HelioScope
1040
1.134
1040
2.382
1000
portrait
  0
INSERT
  5
124
330
17
100
AcDbEntity
  8
Modules
100
AcDbBlockReference
  2
fs_54641099_full
 10
18.28727661543418
 20
-43.77737708367977
 30
1.8561011592512138
1001
HelioScope
1040
1.134
1040
2.382
1000
portrait
  0
INSERT
  5
126
330
17
100
AcDbEntity
  8
Modules
100
AcDbBlockReference
  2
fs_54641099_full
 10
19.433986775434178
 20
-43.77737708367977
 30
1.8561011592512138
1001
HelioScope
1040
1.134
1040
2.382
1000
portrait
  0
INSERT
  5
128
330
17
100
AcDbEntity
  8
Modules
100
AcDbBlockReference
  2
fs_54641099_full
 10
20.580696935434176
 20
-43.77737708367977
 30
1.8561011592512138
1001
HelioScope
1040
1.134
1040
2.382
1000
portrait
  0
INSERT
  5
12A
330
17
100
AcDbEntity
  8
Modules
100
AcDbBlockReference
  2
fs_54641099_full
 10
21.727407095434174
 20
-43.77737708367977
 30
1.8561011592512138
1001
HelioScope
1040
1.134
1040
2.382
1000
portrait
  0
INSERT
  5
12C
330
17
100
AcDbEntity
  8
Modules
100
AcDbBlockReference
  2
fs_54641099_full
 10
22.87411725543417
 20
-43.77737708367977
 30
1.8561011592512138
1001
HelioScope
1040
1.134
1040
2.382
1000
portrait
  0
INSERT
  5
12E
330
17
100
AcDbEntity
  8
Modules
100
AcDbBlockReference
  2
fs_54641099_full
 10
24.020827415434184
 20
-43.77737708367977
 30
1.8561011592512138
1001
HelioScope
1040
1.134
1040
2.382
1000
portrait
  0
INSERT
  5
130
330
17
100
AcDbEntity
  8
Modules
100
AcDbBlockReference
  2
fs_54641099_full
 10
25.16753757543418
 20
-43.77737708367977
 30
1.8561011592512138
1001
HelioScope
1040
1.134
1040
2.382
1000
portrait
  0
INSERT
  5
132
330
17
100
AcDbEntity
  8
Modules
100
AcDbBlockReference
  2
fs_54641099_full
 10
26.31424773543418
 20
-43.77737708367977
 30
1.8561011592512138
1001
HelioScope
1040
1.134
1040
2.382
1000
portrait
  0
INSERT
  5
134
330
17
100
AcDbEntity
  8
Modules
100
AcDbBlockReference
  2
fs_54641099_full
 10
27.460957895434177
 20
-43.77737708367977
 30
1.8561011592512138
1001
HelioScope
1040
1.134
1040
2.382
1000
portrait
  0
INSERT
  5
136
330
17
100
AcDbEntity
  8
Modules
100
AcDbBlockReference
  2
fs_54641099_full
 10
28.607668055434175
 20
-43.77737708367977
 30
1.8561011592512138
1001
HelioScope
1040
1.134
1040
2.382
1000
portrait
  0
INSERT
  5
138
330
17
100
AcDbEntity
  8
Modules
100
AcDbBlockReference
  2
fs_54641099_full
 10
29.754378215434173
 20
-43.77737708367977
 30
1.8561011592512138
1001
HelioScope
1040
1.134
1040
2.382
1000
portrait
  0
INSERT
  5
13A
330
17
100
AcDbEntity
  8
Modules
100
AcDbBlockReference
  2
fs_54641099_full
 10
-86.0633479445658
 20
-54.704437181941955
 30
1.8561011592512138
1001
HelioScope
1040
1.134
1040
2.382
1000
portrait
  0
INSERT
  5
13C
330
17
100
AcDbEntity
  8
Modules
100
AcDbBlockReference
  2
fs_54641099_full
 10
-84.91663778456581
 20
-54.704437181941955
 30
1.8561011592512138
1001
HelioScope
1040
1.134
1040
2.382
1000
portrait
  0
INSERT
  5
13E
330
17
100
AcDbEntity
  8
Modules
100
AcDbBlockReference
  2
fs_54641099_full
 10
-83.76992762456581
 20
-54.704437181941955
 30
1.8561011592512138
1001
HelioScope
1040
1.134
1040
2.382
1000
portrait
  0
INSERT
  5
140
330
17
100
AcDbEntity
  8
Modules
100
AcDbBlockReference
  2
fs_54641099_full
 10
-82.62321746456581
 20
-54.704437181941955
 30
1.8561011592512138
1001
HelioScope
1040
1.134
1040
2.382
1000
portrait
  0
INSERT
  5
142
330
17
100
AcDbEntity
  8
Modules
100
AcDbBlockReference
  2
fs_54641099_full
 10
-81.47650730456581
 20
-54.704437181941955
 30
1.8561011592512138
1001
HelioScope
1040
1.134
1040
2.382
1000
portrait
  0
INSERT
  5
144
330
17
100
AcDbEntity
  8
Modules
100
AcDbBlockReference
  2
fs_54641099_full
 10
-80.32979714456582
 20
-54.704437181941955
 30
1.8561011592512138
1001
HelioScope
1040
1.134
1040
2.382
1000
portrait
  0
INSERT
  5
146
330
17
100
AcDbEntity
  8
Modules
100
AcDbBlockReference
  2
fs_54641099_full
 10
-79.1830869845658
 20
-54.704437181941955
 30
1.8561011592512138
1001
HelioScope
1040
1.134
1040
2.382
1000
portrait
  0
INSERT
  5
148
330
17
100
AcDbEntity
  8
Modules
100
AcDbBlockReference
  2
fs_54641099_full
 10
-78.0363768245658
 20
-54.704437181941955
 30
1.8561011592512138
1001
HelioScope
1040
1.134
1040
2.382
1000
portrait
  0
INSERT
  5
14A
330
17
100
AcDbEntity
  8
Modules
100
AcDbBlockReference
  2
fs_54641099_full
 10
-76.88966666456581
 20
-54.704437181941955
 30
1.8561011592512138
1001
HelioScope
1040
1.134
1040
2.382
1000
portrait
  0
INSERT
  5
14C
330
17
100
AcDbEntity
  8
Modules
100
AcDbBlockReference
  2
fs_54641099_full
 10
-75.74295650456581
 20
-54.704437181941955
 30
1.8561011592512138
1001
HelioScope
1040
1.134
1040
2.382
1000
portrait
  0
INSERT
  5
14E
330
17
100
AcDbEntity
  8
Modules
100
AcDbBlockReference
  2
fs_54641099_full
 10
-74.5962463445658
 20
-54.704437181941955
 30
1.8561011592512138
1001
HelioScope
1040
1.134
1040
2.382
1000
portrait
  0
INSERT
  5
150
330
17
100
AcDbEntity
  8
Modules
100
AcDbBlockReference
  2
fs_54641099_full
 10
-73.4495361845658
 20
-54.704437181941955
 30
1.8561011592512138
1001
HelioScope
1040
1.134
1040
2.382
1000
portrait
  0
INSERT
  5
152
330
17
100
AcDbEntity
  8
Modules
100
AcDbBlockReference
  2
fs_54641099_full
 10
-72.3028260245658
 20
-54.704437181941955
 30
1.8561011592512138
1001
HelioScope
1040
1.134
1040
2.382
1000
portrait
  0
INSERT
  5
154
330
17
100
AcDbEntity
  8
Modules
100
AcDbBlockReference
  2
fs_54641099_full
 10
-71.1561158645658
 20
-54.704437181941955
 30
1.8561011592512138
1001
HelioScope
1040
1.134
1040
2.382
1000
portrait
  0
INSERT
  5
156
330
17
100
AcDbEntity
  8
Modules
100
AcDbBlockReference
  2
fs_54641099_full
 10
-70.00940570456581
 20
-54.704437181941955
 30
1.8561011592512138
1001
HelioScope
1040
1.134
1040
2.382
1000
portrait
  0
INSERT
  5
158
330
17
100
AcDbEntity
  8
Modules
100
AcDbBlockReference
  2
fs_54641099_full
 10
-68.86269554456581
 20
-54.704437181941955
 30
1.8561011592512138
1001
HelioScope
1040
1.134
1040
2.382
1000
portrait
  0
INSERT
  5
15A
330
17
100
AcDbEntity
  8
Modules
100
AcDbBlockReference
  2
fs_54641099_full
 10
-67.71598538456581
 20
-54.704437181941955
 30
1.8561011592512138
1001
HelioScope
1040
1.134
1040
2.382
1000
portrait
  0
INSERT
  5
15C
330
17
100
AcDbEntity
  8
Modules
100
AcDbBlockReference
  2
fs_54641099_full
 10
-66.56927522456581
 20
-54.704437181941955
 30
1.8561011592512138
1001
HelioScope
1040
1.134
1040
2.382
1000
portrait
  0
INSERT
  5
15E
330
17
100
AcDbEntity
  8
Modules
100
AcDbBlockReference
  2
fs_54641099_full
 10
-65.42256506456582
 20
-54.704437181941955
 30
1.8561011592512138
1001
HelioScope
1040
1.134
1040
2.382
1000
portrait
  0
INSERT
  5
160
330
17
100
AcDbEntity
  8
Modules
100
AcDbBlockReference
  2
fs_54641099_full
 10
-64.2758549045658
 20
-54.704437181941955
 30
1.8561011592512138
1001
HelioScope
1040
1.134
1040
2.382
1000
portrait
  0
INSERT
  5
162
330
17
100
AcDbEntity
  8
Modules
100
AcDbBlockReference
  2
fs_54641099_full
 10
-63.12914474456581
 20
-54.704437181941955
 30
1.8561011592512138
1001
HelioScope
1040
1.134
1040
2.382
1000
portrait
  0
INSERT
  5
164
330
17
100
AcDbEntity
  8
Modules
100
AcDbBlockReference
  2
fs_54641099_full
 10
-61.98243458456581
 20
-54.704437181941955
 30
1.8561011592512138
1001
HelioScope
1040
1.134
1040
2.382
1000
portrait
  0
INSERT
  5
166
330
17
100
AcDbEntity
  8
Modules
100
AcDbBlockReference
  2
fs_54641099_full
 10
-60.83572442456581
 20
-54.704437181941955
 30
1.8561011592512138
1001
HelioScope
1040
1.134
1040
2.382
1000
portrait
  0
INSERT
  5
168
330
17
100
AcDbEntity
  8
Modules
100
AcDbBlockReference
  2
fs_54641099_full
 10
-59.68901426456581
 20
-54.704437181941955
 30
1.8561011592512138
1001
HelioScope
1040
1.134
1040
2.382
1000
portrait
  0
INSERT
  5
16A
330
17
100
AcDbEntity
  8
Modules
100
AcDbBlockReference
  2
fs_54641099_full
 10
-58.54230410456581
 20
-54.704437181941955
 30
1.8561011592512138
1001
HelioScope
1040
1.134
1040
2.382
1000
portrait
  0
INSERT
  5
16C
330
17
100
AcDbEntity
  8
Modules
100
AcDbBlockReference
  2
fs_54641099_full
 10
-57.39559394456581
 20
-54.704437181941955
 30
1.8561011592512138
1001
HelioScope
1040
1.134
1040
2.382
1000
portrait
  0
INSERT
  5
16E
330
17
100
AcDbEntity
  8
Modules
100
AcDbBlockReference
  2
fs_54641099_full
 10
-56.248883784565805
 20
-54.704437181941955
 30
1.8561011592512138
1001
HelioScope
1040
1.134
1040
2.382
1000
portrait
  0
INSERT
  5
170
330
17
100
AcDbEntity
  8
Modules
100
AcDbBlockReference
  2
fs_54641099_full
 10
-55.10217362456581
 20
-54.704437181941955
 30
1.8561011592512138
1001
HelioScope
1040
1.134
1040
2.382
1000
portrait
  0
INSERT
  5
172
330
17
100
AcDbEntity
  8
Modules
100
AcDbBlockReference
  2
fs_54641099_full
 10
-53.95546346456581
 20
-54.704437181941955
 30
1.8561011592512138
1001
HelioScope
1040
1.134
1040
2.382
1000
portrait
  0
INSERT
  5
174
330
17
100
AcDbEntity
  8
Modules
100
AcDbBlockReference
  2
fs_54641099_full
 10
-52.80875330456581
 20
-54.704437181941955
 30
1.8561011592512138
1001
HelioScope
1040
1.134
1040
2.382
1000
portrait
  0
INSERT
  5
176
330
17
100
AcDbEntity
  8
Modules
100
AcDbBlockReference
  2
fs_54641099_full
 10
-51.662043144565814
 20
-54.704437181941955
 30
1.8561011592512138
1001
HelioScope
1040
1.134
1040
2.382
1000
portrait
  0
INSERT
  5
178
330
17
100
AcDbEntity
  8
Modules
100
AcDbBlockReference
  2
fs_54641099_full
 10
-50.51533298456581
 20
-54.704437181941955
 30
1.8561011592512138
1001
HelioScope
1040
1.134
1040
2.382
1000
portrait
  0
INSERT
  5
17A
330
17
100
AcDbEntity
  8
Modules
100
AcDbBlockReference
  2
fs_54641099_full
 10
-49.36862282456581
 20
-54.704437181941955
 30
1.8561011592512138
1001
HelioScope
1040
1.134
1040
2.382
1000
portrait
  0
INSERT
  5
17C
330
17
100
AcDbEntity
  8
Modules
100
AcDbBlockReference
  2
fs_54641099_full
 10
-48.221912664565814
 20
-54.704437181941955
 30
1.8561011592512138
1001
HelioScope
1040
1.134
1040
2.382
1000
portrait
  0
INSERT
  5
17E
330
17
100
AcDbEntity
  8
Modules
100
AcDbBlockReference
  2
fs_54641099_full
 10
-47.07520250456581
 20
-54.704437181941955
 30
1.8561011592512138
1001
HelioScope
1040
1.134
1040
2.382
1000
portrait
  0
INSERT
  5
180
330
17
100
AcDbEntity
  8
Modules
100
AcDbBlockReference
  2
fs_54641099_full
 10
-45.92849234456581
 20
-54.704437181941955
 30
1.8561011592512138
1001
HelioScope
1040
1.134
1040
2.382
1000
portrait
  0
INSERT
  5
182
330
17
100
AcDbEntity
  8
Modules
100
AcDbBlockReference
  2
fs_54641099_full
 10
-44.78178218456581
 20
-54.704437181941955
 30
1.8561011592512138
1001
HelioScope
1040
1.134
1040
2.382
1000
portrait
  0
INSERT
  5
184
330
17
100
AcDbEntity
  8
Modules
100
AcDbBlockReference
  2
fs_54641099_full
 10
-43.635072024565815
 20
-54.704437181941955
 30
1.8561011592512138
1001
HelioScope
1040
1.134
1040
2.382
1000
portrait
  0
INSERT
  5
186
330
17
100
AcDbEntity
  8
Modules
100
AcDbBlockReference
  2
fs_54641099_full
 10
-42.48836186456581
 20
-54.704437181941955
 30
1.8561011592512138
1001
HelioScope
1040
1.134
1040
2.382
1000
portrait
  0
INSERT
  5
188
330
17
100
AcDbEntity
  8
Modules
100
AcDbBlockReference
  2
fs_54641099_full
 10
-41.34165170456581
 20
-54.704437181941955
 30
1.8561011592512138
1001
HelioScope
1040
1.134
1040
2.382
1000
portrait
  0
INSERT
  5
18A
330
17
100
AcDbEntity
  8
Modules
100
AcDbBlockReference
  2
fs_54641099_full
 10
-40.194941544565815
 20
-54.704437181941955
 30
1.8561011592512138
1001
HelioScope
1040
1.134
1040
2.382
1000
portrait
  0
INSERT
  5
18C
330
17
100
AcDbEntity
  8
Modules
100
AcDbBlockReference
  2
fs_54641099_full
 10
-39.04823138456581
 20
-54.704437181941955
 30
1.8561011592512138
1001
HelioScope
1040
1.134
1040
2.382
1000
portrait
  0
INSERT
  5
18E
330
17
100
AcDbEntity
  8
Modules
100
AcDbBlockReference
  2
fs_54641099_full
 10
-37.90152122456581
 20
-54.704437181941955
 30
1.8561011592512138
1001
HelioScope
1040
1.134
1040
2.382
1000
portrait
  0
INSERT
  5
190
330
17
100
AcDbEntity
  8
Modules
100
AcDbBlockReference
  2
fs_54641099_full
 10
-36.754811064565814
 20
-54.704437181941955
 30
1.8561011592512138
1001
HelioScope
1040
1.134
1040
2.382
1000
portrait
  0
INSERT
  5
192
330
17
100
AcDbEntity
  8
Modules
100
AcDbBlockReference
  2
fs_54641099_full
 10
-35.608100904565816
 20
-54.704437181941955
 30
1.8561011592512138
1001
HelioScope
1040
1.134
1040
2.382
1000
portrait
  0
INSERT
  5
194
330
17
100
AcDbEntity
  8
Modules
100
AcDbBlockReference
  2
fs_54641099_full
 10
-34.46139074456581
 20
-54.704437181941955
 30
1.8561011592512138
1001
HelioScope
1040
1.134
1040
2.382
1000
portrait
  0
INSERT
  5
196
330
17
100
AcDbEntity
  8
Modules
100
AcDbBlockReference
  2
fs_54641099_full
 10
-33.314680584565814
 20
-54.704437181941955
 30
1.8561011592512138
1001
HelioScope
1040
1.134
1040
2.382
1000
portrait
  0
INSERT
  5
198
330
17
100
AcDbEntity
  8
Modules
100
AcDbBlockReference
  2
fs_54641099_full
 10
-32.167970424565816
 20
-54.704437181941955
 30
1.8561011592512138
1001
HelioScope
1040
1.134
1040
2.382
1000
portrait
  0
INSERT
  5
19A
330
17
100
AcDbEntity
  8
Modules
100
AcDbBlockReference
  2
fs_54641099_full
 10
-31.02126026456581
 20
-54.704437181941955
 30
1.8561011592512138
1001
HelioScope
1040
1.134
1040
2.382
1000
portrait
  0
INSERT
  5
19C
330
17
100
AcDbEntity
  8
Modules
100
AcDbBlockReference
  2
fs_54641099_full
 10
-29.874550104565813
 20
-54.704437181941955
 30
1.8561011592512138
1001
HelioScope
1040
1.134
1040
2.382
1000
portrait
  0
INSERT
  5
19E
330
17
100
AcDbEntity
  8
Modules
100
AcDbBlockReference
  2
fs_54641099_full
 10
-28.727839944565815
 20
-54.704437181941955
 30
1.8561011592512138
1001
HelioScope
1040
1.134
1040
2.382
1000
portrait
  0
INSERT
  5
1A0
330
17
100
AcDbEntity
  8
Modules
100
AcDbBlockReference
  2
fs_54641099_full
 10
-27.581129784565817
 20
-54.704437181941955
 30
1.8561011592512138
1001
HelioScope
1040
1.134
1040
2.382
1000
portrait
  0
INSERT
  5
1A2
330
17
100
AcDbEntity
  8
Modules
100
AcDbBlockReference
  2
fs_54641099_full
 10
-26.434419624565813
 20
-54.704437181941955
 30
1.8561011592512138
1001
HelioScope
1040
1.134
1040
2.382
1000
portrait
  0
INSERT
  5
1A4
330
17
100
AcDbEntity
  8
Modules
100
AcDbBlockReference
  2
fs_54641099_full
 10
-25.287709464565815
 20
-54.704437181941955
 30
1.8561011592512138
1001
HelioScope
1040
1.134
1040
2.382
1000
portrait
  0
INSERT
  5
1A6
330
17
100
AcDbEntity
  8
Modules
100
AcDbBlockReference
  2
fs_54641099_full
 10
-24.140999304565817
 20
-54.704437181941955
 30
1.8561011592512138
1001
HelioScope
1040
1.134
1040
2.382
1000
portrait
  0
INSERT
  5
1A8
330
17
100
AcDbEntity
  8
Modules
100
AcDbBlockReference
  2
fs_54641099_full
 10
-22.99428914456582
 20
-54.704437181941955
 30
1.8561011592512138
1001
HelioScope
1040
1.134
1040
2.382
1000
portrait
  0
INSERT
  5
1AA
330
17
100
AcDbEntity
  8
Modules
100
AcDbBlockReference
  2
fs_54641099_full
 10
-21.847578984565814
 20
-54.704437181941955
 30
1.8561011592512138
1001
HelioScope
1040
1.134
1040
2.382
1000
portrait
  0
INSERT
  5
1AC
330
17
100
AcDbEntity
  8
Modules
100
AcDbBlockReference
  2
fs_54641099_full
 10
-20.700868824565816
 20
-54.704437181941955
 30
1.8561011592512138
1001
HelioScope
1040
1.134
1040
2.382
1000
portrait
  0
INSERT
  5
1AE
330
17
100
AcDbEntity
  8
Modules
100
AcDbBlockReference
  2
fs_54641099_full
 10
-19.55415866456582
 20
-54.704437181941955
 30
1.8561011592512138
1001
HelioScope
1040
1.134
1040
2.382
1000
portrait
  0
INSERT
  5
1B0
330
17
100
AcDbEntity
  8
Modules
100
AcDbBlockReference
  2
fs_54641099_full
 10
-18.40744850456582
 20
-54.704437181941955
 30
1.8561011592512138
1001
HelioScope
1040
1.134
1040
2.382
1000
portrait
  0
INSERT
  5
1B2
330
17
100
AcDbEntity
  8
Modules
100
AcDbBlockReference
  2
fs_54641099_full
 10
-17.260738344565823
 20
-54.704437181941955
 30
1.8561011592512138
1001
HelioScope
1040
1.134
1040
2.382
1000
portrait
  0
INSERT
  5
1B4
330
17
100
AcDbEntity
  8
Modules
100
AcDbBlockReference
  2
fs_54641099_full
 10
-16.11402818456581
 20
-54.704437181941955
 30
1.8561011592512138
1001
HelioScope
1040
1.134
1040
2.382
1000
portrait
  0
INSERT
  5
1B6
330
17
100
AcDbEntity
  8
Modules
100
AcDbBlockReference
  2
fs_54641099_full
 10
-14.967318024565813
 20
-54.704437181941955
 30
1.8561011592512138
1001
HelioScope
1040
1.134
1040
2.382
1000
portrait
  0
INSERT
  5
1B8
330
17
100
AcDbEntity
  8
Modules
100
AcDbBlockReference
  2
fs_54641099_full
 10
-13.820607864565815
 20
-54.704437181941955
 30
1.8561011592512138
1001
HelioScope
1040
1.134
1040
2.382
1000
portrait
  0
INSERT
  5
1BA
330
17
100
AcDbEntity
  8
Modules
100
AcDbBlockReference
  2
fs_54641099_full
 10
-12.673897704565817
 20
-54.704437181941955
 30
1.8561011592512138
1001
HelioScope
1040
1.134
1040
2.382
1000
portrait
  0
INSERT
  5
1BC
330
17
100
AcDbEntity
  8
Modules
100
AcDbBlockReference
  2
fs_54641099_full
 10
-11.52718754456582
 20
-54.704437181941955
 30
1.8561011592512138
1001
HelioScope
1040
1.134
1040
2.382
1000
portrait
  0
INSERT
  5
1BE
330
17
100
AcDbEntity
  8
Modules
100
AcDbBlockReference
  2
fs_54641099_full
 10
-10.380477384565822
 20
-54.704437181941955
 30
1.8561011592512138
1001
HelioScope
1040
1.134
1040
2.382
1000
portrait
  0
INSERT
  5
1C0
330
17
100
AcDbEntity
  8
Modules
100
AcDbBlockReference
  2
fs_54641099_full
 10
-9.233767224565824
 20
-54.704437181941955
 30
1.8561011592512138
1001
HelioScope
1040
1.134
1040
2.382
1000
portrait
  0
INSERT
  5
1C2
330
17
100
AcDbEntity
  8
Modules
100
AcDbBlockReference
  2
fs_54641099_full
 10
-8.087057064565812
 20
-54.704437181941955
 30
1.8561011592512138
1001
HelioScope
1040
1.134
1040
2.382
1000
portrait
  0
INSERT
  5
1C4
330
17
100
AcDbEntity
  8
Modules
100
AcDbBlockReference
  2
fs_54641099_full
 10
-6.940346904565814
 20
-54.704437181941955
 30
1.8561011592512138
1001
HelioScope
1040
1.134
1040
2.382
1000
portrait
  0
INSERT
  5
1C6
330
17
100
AcDbEntity
  8
Modules
100
AcDbBlockReference
  2
fs_54641099_full
 10
-5.793636744565816
 20
-54.704437181941955
 30
1.8561011592512138
1001
HelioScope
1040
1.134
1040
2.382
1000
portrait
  0
INSERT
  5
1C8
330
17
100
AcDbEntity
  8
Modules
100
AcDbBlockReference
  2
fs_54641099_full
 10
-4.6469265845658185
 20
-54.704437181941955
 30
1.8561011592512138
1001
HelioScope
1040
1.134
1040
2.382
1000
portrait
  0
INSERT
  5
1CA
330
17
100
AcDbEntity
  8
Modules
100
AcDbBlockReference
  2
fs_54641099_full
 10
-3.5002164245658207
 20
-54.704437181941955
 30
1.8561011592512138
1001
HelioScope
1040
1.134
1040
2.382
1000
portrait
  0
INSERT
  5
1CC
330
17
100
AcDbEntity
  8
Modules
100
AcDbBlockReference
  2
fs_54641099_full
 10
-2.353506264565823
 20
-54.704437181941955
 30
1.8561011592512138
1001
HelioScope
1040
1.134
1040
2.382
1000
portrait
  0
INSERT
  5
1CE
330
17
100
AcDbEntity
  8
Modules
100
AcDbBlockReference
  2
fs_54641099_full
 10
-1.206796104565825
 20
-54.704437181941955
 30
1.8561011592512138
1001
HelioScope
1040
1.134
1040
2.382
1000
portrait
  0
INSERT
  5
1D0
330
17
100
AcDbEntity
  8
Modules
100
AcDbBlockReference
  2
fs_54641099_full
 10
-0.060085944565813065
 20
-54.704437181941955
 30
1.8561011592512138
1001
HelioScope
1040
1.134
1040
2.382
1000
portrait
  0
INSERT
  5
1D2
330
17
100
AcDbEntity
  8
Modules
100
AcDbBlockReference
  2
fs_54641099_full
 10
1.0866242154341847
 20
-54.704437181941955
 30
1.8561011592512138
1001
HelioScope
1040
1.134
1040
2.382
1000
portrait
  0
INSERT
  5
1D4
330
17
100
AcDbEntity
  8
Modules
100
AcDbBlockReference
  2
fs_54641099_full
 10
2.2333343754341826
 20
-54.704437181941955
 30
1.8561011592512138
1001
HelioScope
1040
1.134
1040
2.382
1000
portrait
  0
INSERT
  5
1D6
330
17
100
AcDbEntity
  8
Modules
100
AcDbBlockReference
  2
fs_54641099_full
 10
3.3800445354341804
 20
-54.704437181941955
 30
1.8561011592512138
1001
HelioScope
1040
1.134
1040
2.382
1000
portrait
  0
INSERT
  5
1D8
330
17
100
AcDbEntity
  8
Modules
100
AcDbBlockReference
  2
fs_54641099_full
 10
4.526754695434178
 20
-54.704437181941955
 30
1.8561011592512138
1001
HelioScope
1040
1.134
1040
2.382
1000
portrait
  0
INSERT
  5
1DA
330
17
100
AcDbEntity
  8
Modules
100
AcDbBlockReference
  2
fs_54641099_full
 10
5.673464855434176
 20
-54.704437181941955
 30
1.8561011592512138
1001
HelioScope
1040
1.134
1040
2.382
1000
portrait
  0
INSERT
  5
1DC
330
17
100
AcDbEntity
  8
Modules
100
AcDbBlockReference
  2
fs_54641099_full
 10
6.820175015434174
 20
-54.704437181941955
 30
1.8561011592512138
1001
HelioScope
1040
1.134
1040
2.382
1000
portrait
  0
INSERT
  5
1DE
330
17
100
AcDbEntity
  8
Modules
100
AcDbBlockReference
  2
fs_54641099_full
 10
7.966885175434186
 20
-54.704437181941955
 30
1.8561011592512138
1001
HelioScope
1040
1.134
1040
2.382
1000
portrait
  0
INSERT
  5
1E0
330
17
100
AcDbEntity
  8
Modules
100
AcDbBlockReference
  2
fs_54641099_full
 10
9.113595335434184
 20
-54.704437181941955
 30
1.8561011592512138
1001
HelioScope
1040
1.134
1040
2.382
1000
portrait
  0
INSERT
  5
1E2
330
17
100
AcDbEntity
  8
Modules
100
AcDbBlockReference
  2
fs_54641099_full
 10
10.260305495434181
 20
-54.704437181941955
 30
1.8561011592512138
1001
HelioScope
1040
1.134
1040
2.382
1000
portrait
  0
INSERT
  5
1E4
330
17
100
AcDbEntity
  8
Modules
100
AcDbBlockReference
  2
fs_54641099_full
 10
11.40701565543418
 20
-54.704437181941955
 30
1.8561011592512138
1001
HelioScope
1040
1.134
1040
2.382
1000
portrait
  0
INSERT
  5
1E6
330
17
100
AcDbEntity
  8
Modules
100
AcDbBlockReference
  2
fs_54641099_full
 10
12.553725815434177
 20
-54.704437181941955
 30
1.8561011592512138
1001
HelioScope
1040
1.134
1040
2.382
1000
portrait
  0
INSERT
  5
1E8
330
17
100
AcDbEntity
  8
Modules
100
AcDbBlockReference
  2
fs_54641099_full
 10
13.700435975434175
 20
-54.704437181941955
 30
1.8561011592512138
1001
HelioScope
1040
1.134
1040
2.382
1000
portrait
  0
INSERT
  5
1EA
330
17
100
AcDbEntity
  8
Modules
100
AcDbBlockReference
  2
fs_54641099_full
 10
14.847146135434173
 20
-54.704437181941955
 30
1.8561011592512138
1001
HelioScope
1040
1.134
1040
2.382
1000
portrait
  0
INSERT
  5
1EC
330
17
100
AcDbEntity
  8
Modules
100
AcDbBlockReference
  2
fs_54641099_full
 10
15.993856295434185
 20
-54.704437181941955
 30
1.8561011592512138
1001
HelioScope
1040
1.134
1040
2.382
1000
portrait
  0
INSERT
  5
1EE
330
17
100
AcDbEntity
  8
Modules
100
AcDbBlockReference
  2
fs_54641099_full
 10
17.140566455434183
 20
-54.704437181941955
 30
1.8561011592512138
1001
HelioScope
1040
1.134
1040
2.382
1000
portrait
  0
INSERT
  5
1F0
330
17
100
AcDbEntity
  8
Modules
100
AcDbBlockReference
  2
fs_54641099_full
 10
18.28727661543418
 20
-54.704437181941955
 30
1.8561011592512138
1001
HelioScope
1040
1.134
1040
2.382
1000
portrait
  0
INSERT
  5
1F2
330
17
100
AcDbEntity
  8
Modules
100
AcDbBlockReference
  2
fs_54641099_full
 10
19.433986775434178
 20
-54.704437181941955
 30
1.8561011592512138
1001
HelioScope
1040
1.134
1040
2.382
1000
portrait
  0
INSERT
  5
1F4
330
17
100
AcDbEntity
  8
Modules
100
AcDbBlockReference
  2
fs_54641099_full
 10
20.580696935434176
 20
-54.704437181941955
 30
1.8561011592512138
1001
HelioScope
1040
1.134
1040
2.382
1000
portrait
  0
INSERT
  5
1F6
330
17
100
AcDbEntity
  8
Modules
100
AcDbBlockReference
  2
fs_54641099_full
 10
21.727407095434174
 20
-54.704437181941955
 30
1.8561011592512138
1001
HelioScope
1040
1.134
1040
2.382
1000
portrait
  0
INSERT
  5
1F8
330
17
100
AcDbEntity
  8
Modules
100
AcDbBlockReference
  2
fs_54641099_full
 10
22.87411725543417
 20
-54.704437181941955
 30
1.8561011592512138
1001
HelioScope
1040
1.134
1040
2.382
1000
portrait
  0
INSERT
  5
1FA
330
17
100
AcDbEntity
  8
Modules
100
AcDbBlockReference
  2
fs_54641099_full
 10
24.020827415434184
 20
-54.704437181941955
 30
1.8561011592512138
1001
HelioScope
1040
1.134
1040
2.382
1000
portrait
  0
INSERT
  5
1FC
330
17
100
AcDbEntity
  8
Modules
100
AcDbBlockReference
  2
fs_54641099_full
 10
25.16753757543418
 20
-54.704437181941955
 30
1.8561011592512138
1001
HelioScope
1040
1.134
1040
2.382
1000
portrait
  0
INSERT
  5
1FE
330
17
100
AcDbEntity
  8
Modules
100
AcDbBlockReference
  2
fs_54641099_full
 10
26.31424773543418
 20
-54.704437181941955
 30
1.8561011592512138
1001
HelioScope
1040
1.134
1040
2.382
1000
portrait
  0
INSERT
  5
200
330
17
100
AcDbEntity
  8
Modules
100
AcDbBlockReference
  2
fs_54641099_full
 10
27.460957895434177
 20
-54.704437181941955
 30
1.8561011592512138
1001
HelioScope
1040
1.134
1040
2.382
1000
portrait
  0
INSERT
  5
202
330
17
100
AcDbEntity
  8
Modules
100
AcDbBlockReference
  2
fs_54641099_full
 10
28.607668055434175
 20
-54.704437181941955
 30
1.8561011592512138
1001
HelioScope
1040
1.134
1040
2.382
1000
portrait
  0
INSERT
  5
204
330
17
100
AcDbEntity
  8
Modules
100
AcDbBlockReference
  2
fs_54641099_full
 10
29.754378215434173
 20
-54.704437181941955
 30
1.8561011592512138
1001
HelioScope
1040
1.134
1040
2.382
1000
portrait
  0
INSERT
  5
206
330
17
100
AcDbEntity
  8
Modules
100
AcDbBlockReference
  2
fs_54641099_full
 10
30.90108837543417
 20
-54.704437181941955
 30
1.8561011592512138
1001
HelioScope
1040
1.134
1040
2.382
1000
portrait
  0
INSERT
  5
208
330
17
100
AcDbEntity
  8
Modules
100
AcDbBlockReference
  2
fs_54641099_full
 10
32.04779853543417
 20
-54.704437181941955
 30
1.8561011592512138
1001
HelioScope
1040
1.134
1040
2.382
1000
portrait
  0
INSERT
  5
20A
330
17
100
AcDbEntity
  8
Modules
100
AcDbBlockReference
  2
fs_54641099_full
 10
33.19450869543418
 20
-54.704437181941955
 30
1.8561011592512138
1001
HelioScope
1040
1.134
1040
2.382
1000
portrait
  0
INSERT
  5
20C
330
17
100
AcDbEntity
  8
Modules
100
AcDbBlockReference
  2
fs_54641099_full
 10
34.34121885543418
 20
-54.704437181941955
 30
1.8561011592512138
1001
HelioScope
1040
1.134
1040
2.382
1000
portrait
  0
INSERT
  5
20E
330
17
100
AcDbEntity
  8
Modules
100
AcDbBlockReference
  2
fs_54641099_full
 10
35.487929015434176
 20
-54.704437181941955
 30
1.8561011592512138
1001
HelioScope
1040
1.134
1040
2.382
1000
portrait
  0
INSERT
  5
210
330
17
100
AcDbEntity
  8
Modules
100
AcDbBlockReference
  2
fs_54641099_full
 10
36.634639175434174
 20
-54.704437181941955
 30
1.8561011592512138
1001
HelioScope
1040
1.134
1040
2.382
1000
portrait
  0
INSERT
  5
212
330
17
100
AcDbEntity
  8
Modules
100
AcDbBlockReference
  2
fs_54641099_full
 10
37.78134933543417
 20
-54.704437181941955
 30
1.8561011592512138
1001
HelioScope
1040
1.134
1040
2.382
1000
portrait
  0
INSERT
  5
214
330
17
100
AcDbEntity
  8
Modules
100
AcDbBlockReference
  2
fs_54641099_full
 10
38.92805949543417
 20
-54.704437181941955
 30
1.8561011592512138
1001
HelioScope
1040
1.134
1040
2.382
1000
portrait
  0
INSERT
  5
216
330
17
100
AcDbEntity
  8
Modules
100
AcDbBlockReference
  2
fs_54641099_full
 10
40.07476965543417
 20
-54.704437181941955
 30
1.8561011592512138
1001
HelioScope
1040
1.134
1040
2.382
1000
portrait
  0
INSERT
  5
218
330
17
100
AcDbEntity
  8
Modules
100
AcDbBlockReference
  2
fs_54641099_full
 10
41.22147981543418
 20
-54.704437181941955
 30
1.8561011592512138
1001
HelioScope
1040
1.134
1040
2.382
1000
portrait
  0
INSERT
  5
21A
330
17
100
AcDbEntity
  8
Modules
100
AcDbBlockReference
  2
fs_54641099_full
 10
42.36818997543418
 20
-54.704437181941955
 30
1.8561011592512138
1001
HelioScope
1040
1.134
1040
2.382
1000
portrait
  0
INSERT
  5
21C
330
17
100
AcDbEntity
  8
Modules
100
AcDbBlockReference
  2
fs_54641099_full
 10
43.514900135434175
 20
-54.704437181941955
 30
1.8561011592512138
1001
HelioScope
1040
1.134
1040
2.382
1000
portrait
  0
INSERT
  5
21E
330
17
100
AcDbEntity
  8
Modules
100
AcDbBlockReference
  2
fs_54641099_full
 10
44.66161029543417
 20
-54.704437181941955
 30
1.8561011592512138
1001
HelioScope
1040
1.134
1040
2.382
1000
portrait
  0
INSERT
  5
220
330
17
100
AcDbEntity
  8
Modules
100
AcDbBlockReference
  2
fs_54641099_full
 10
45.80832045543417
 20
-54.704437181941955
 30
1.8561011592512138
1001
HelioScope
1040
1.134
1040
2.382
1000
portrait
  0
INSERT
  5
222
330
17
100
AcDbEntity
  8
Modules
100
AcDbBlockReference
  2
fs_54641099_full
 10
46.95503061543417
 20
-54.704437181941955
 30
1.8561011592512138
1001
HelioScope
1040
1.134
1040
2.382
1000
portrait
  0
INSERT
  5
224
330
17
100
AcDbEntity
  8
Modules
100
AcDbBlockReference
  2
fs_54641099_full
 10
48.101740775434166
 20
-54.704437181941955
 30
1.8561011592512138
1001
HelioScope
1040
1.134
1040
2.382
1000
portrait
  0
INSERT
  5
226
330
17
100
AcDbEntity
  8
Modules
100
AcDbBlockReference
  2
fs_54641099_full
 10
49.248450935434164
 20
-54.704437181941955
 30
1.8561011592512138
1001
HelioScope
1040
1.134
1040
2.382
1000
portrait
  0
INSERT
  5
228
330
17
100
AcDbEntity
  8
Modules
100
AcDbBlockReference
  2
fs_54641099_full
 10
-73.4495361845658
 20
-65.63149728020417
 30
1.8561011592512138
1001
HelioScope
1040
1.134
1040
2.382
1000
portrait
  0
INSERT
  5
22A
330
17
100
AcDbEntity
  8
Modules
100
AcDbBlockReference
  2
fs_54641099_full
 10
-74.59624634456581
 20
-65.63149728020417
 30
1.8561011592512138
1001
HelioScope
1040
1.134
1040
2.382
1000
portrait
  0
INSERT
  5
22C
330
17
100
AcDbEntity
  8
Modules
100
AcDbBlockReference
  2
fs_54641099_full
 10
-75.74295650456581
 20
-65.63149728020417
 30
1.8561011592512138
1001
HelioScope
1040
1.134
1040
2.382
1000
portrait
  0
INSERT
  5
22E
330
17
100
AcDbEntity
  8
Modules
100
AcDbBlockReference
  2
fs_54641099_full
 10
-72.3028260245658
 20
-65.63149728020417
 30
1.8561011592512138
1001
HelioScope
1040
1.134
1040
2.382
1000
portrait
  0
INSERT
  5
230
330
17
100
AcDbEntity
  8
Modules
100
AcDbBlockReference
  2
fs_54641099_full
 10
-71.1561158645658
 20
-65.63149728020417
 30
1.8561011592512138
1001
HelioScope
1040
1.134
1040
2.382
1000
portrait
  0
INSERT
  5
232
330
17
100
AcDbEntity
  8
Modules
100
AcDbBlockReference
  2
fs_54641099_full
 10
-70.00940570456581
 20
-65.63149728020417
 30
1.8561011592512138
1001
HelioScope
1040
1.134
1040
2.382
1000
portrait
  0
INSERT
  5
234
330
17
100
AcDbEntity
  8
Modules
100
AcDbBlockReference
  2
fs_54641099_full
 10
-68.86269554456581
 20
-65.63149728020417
 30
1.8561011592512138
1001
HelioScope
1040
1.134
1040
2.382
1000
portrait
  0
INSERT
  5
236
330
17
100
AcDbEntity
  8
Modules
100
AcDbBlockReference
  2
fs_54641099_full
 10
-67.71598538456581
 20
-65.63149728020417
 30
1.8561011592512138
1001
HelioScope
1040
1.134
1040
2.382
1000
portrait
  0
INSERT
  5
238
330
17
100
AcDbEntity
  8
Modules
100
AcDbBlockReference
  2
fs_54641099_full
 10
-66.56927522456581
 20
-65.63149728020417
 30
1.8561011592512138
1001
HelioScope
1040
1.134
1040
2.382
1000
portrait
  0
INSERT
  5
23A
330
17
100
AcDbEntity
  8
Modules
100
AcDbBlockReference
  2
fs_54641099_full
 10
-65.42256506456582
 20
-65.63149728020417
 30
1.8561011592512138
1001
HelioScope
1040
1.134
1040
2.382
1000
portrait
  0
INSERT
  5
23C
330
17
100
AcDbEntity
  8
Modules
100
AcDbBlockReference
  2
fs_54641099_full
 10
-64.27585490456582
 20
-65.63149728020417
 30
1.8561011592512138
1001
HelioScope
1040
1.134
1040
2.382
1000
portrait
  0
INSERT
  5
23E
330
17
100
AcDbEntity
  8
Modules
100
AcDbBlockReference
  2
fs_54641099_full
 10
-63.129144744565814
 20
-65.63149728020417
 30
1.8561011592512138
1001
HelioScope
1040
1.134
1040
2.382
1000
portrait
  0
INSERT
  5
240
330
17
100
AcDbEntity
  8
Modules
100
AcDbBlockReference
  2
fs_54641099_full
 10
-61.98243458456581
 20
-65.63149728020417
 30
1.8561011592512138
1001
HelioScope
1040
1.134
1040
2.382
1000
portrait
  0
INSERT
  5
242
330
17
100
AcDbEntity
  8
Modules
100
AcDbBlockReference
  2
fs_54641099_full
 10
-60.83572442456581
 20
-65.63149728020417
 30
1.8561011592512138
1001
HelioScope
1040
1.134
1040
2.382
1000
portrait
  0
INSERT
  5
244
330
17
100
AcDbEntity
  8
Modules
100
AcDbBlockReference
  2
fs_54641099_full
 10
-59.68901426456581
 20
-65.63149728020417
 30
1.8561011592512138
1001
HelioScope
1040
1.134
1040
2.382
1000
portrait
  0
INSERT
  5
246
330
17
100
AcDbEntity
  8
Modules
100
AcDbBlockReference
  2
fs_54641099_full
 10
-58.542304104565815
 20
-65.63149728020417
 30
1.8561011592512138
1001
HelioScope
1040
1.134
1040
2.382
1000
portrait
  0
INSERT
  5
248
330
17
100
AcDbEntity
  8
Modules
100
AcDbBlockReference
  2
fs_54641099_full
 10
-57.39559394456582
 20
-65.63149728020417
 30
1.8561011592512138
1001
HelioScope
1040
1.134
1040
2.382
1000
portrait
  0
INSERT
  5
24A
330
17
100
AcDbEntity
  8
Modules
100
AcDbBlockReference
  2
fs_54641099_full
 10
-56.24888378456581
 20
-65.63149728020417
 30
1.8561011592512138
1001
HelioScope
1040
1.134
1040
2.382
1000
portrait
  0
INSERT
  5
24C
330
17
100
AcDbEntity
  8
Modules
100
AcDbBlockReference
  2
fs_54641099_full
 10
-55.102173624565815
 20
-65.63149728020417
 30
1.8561011592512138
1001
HelioScope
1040
1.134
1040
2.382
1000
portrait
  0
INSERT
  5
24E
330
17
100
AcDbEntity
  8
Modules
100
AcDbBlockReference
  2
fs_54641099_full
 10
-53.95546346456581
 20
-65.63149728020417
 30
1.8561011592512138
1001
HelioScope
1040
1.134
1040
2.382
1000
portrait
  0
INSERT
  5
250
330
17
100
AcDbEntity
  8
Modules
100
AcDbBlockReference
  2
fs_54641099_full
 10
-52.80875330456581
 20
-65.63149728020417
 30
1.8561011592512138
1001
HelioScope
1040
1.134
1040
2.382
1000
portrait
  0
INSERT
  5
252
330
17
100
AcDbEntity
  8
Modules
100
AcDbBlockReference
  2
fs_54641099_full
 10
-51.662043144565814
 20
-65.63149728020417
 30
1.8561011592512138
1001
HelioScope
1040
1.134
1040
2.382
1000
portrait
  0
INSERT
  5
254
330
17
100
AcDbEntity
  8
Modules
100
AcDbBlockReference
  2
fs_54641099_full
 10
-50.515332984565816
 20
-65.63149728020417
 30
1.8561011592512138
1001
HelioScope
1040
1.134
1040
2.382
1000
portrait
  0
INSERT
  5
256
330
17
100
AcDbEntity
  8
Modules
100
AcDbBlockReference
  2
fs_54641099_full
 10
-49.36862282456582
 20
-65.63149728020417
 30
1.8561011592512138
1001
HelioScope
1040
1.134
1040
2.382
1000
portrait
  0
INSERT
  5
258
330
17
100
AcDbEntity
  8
Modules
100
AcDbBlockReference
  2
fs_54641099_full
 10
-48.221912664565814
 20
-65.63149728020417
 30
1.8561011592512138
1001
HelioScope
1040
1.134
1040
2.382
1000
portrait
  0
INSERT
  5
25A
330
17
100
AcDbEntity
  8
Modules
100
AcDbBlockReference
  2
fs_54641099_full
 10
-47.075202504565816
 20
-65.63149728020417
 30
1.8561011592512138
1001
HelioScope
1040
1.134
1040
2.382
1000
portrait
  0
INSERT
  5
25C
330
17
100
AcDbEntity
  8
Modules
100
AcDbBlockReference
  2
fs_54641099_full
 10
-45.92849234456581
 20
-65.63149728020417
 30
1.8561011592512138
1001
HelioScope
1040
1.134
1040
2.382
1000
portrait
  0
INSERT
  5
25E
330
17
100
AcDbEntity
  8
Modules
100
AcDbBlockReference
  2
fs_54641099_full
 10
-44.78178218456581
 20
-65.63149728020417
 30
1.8561011592512138
1001
HelioScope
1040
1.134
1040
2.382
1000
portrait
  0
INSERT
  5
260
330
17
100
AcDbEntity
  8
Modules
100
AcDbBlockReference
  2
fs_54641099_full
 10
-43.635072024565815
 20
-65.63149728020417
 30
1.8561011592512138
1001
HelioScope
1040
1.134
1040
2.382
1000
portrait
  0
INSERT
  5
262
330
17
100
AcDbEntity
  8
Modules
100
AcDbBlockReference
  2
fs_54641099_full
 10
-42.48836186456582
 20
-65.63149728020417
 30
1.8561011592512138
1001
HelioScope
1040
1.134
1040
2.382
1000
portrait
  0
INSERT
  5
264
330
17
100
AcDbEntity
  8
Modules
100
AcDbBlockReference
  2
fs_54641099_full
 10
-41.34165170456582
 20
-65.63149728020417
 30
1.8561011592512138
1001
HelioScope
1040
1.134
1040
2.382
1000
portrait
  0
INSERT
  5
266
330
17
100
AcDbEntity
  8
Modules
100
AcDbBlockReference
  2
fs_54641099_full
 10
-40.194941544565815
 20
-65.63149728020417
 30
1.8561011592512138
1001
HelioScope
1040
1.134
1040
2.382
1000
portrait
  0
INSERT
  5
268
330
17
100
AcDbEntity
  8
Modules
100
AcDbBlockReference
  2
fs_54641099_full
 10
-39.04823138456582
 20
-65.63149728020417
 30
1.8561011592512138
1001
HelioScope
1040
1.134
1040
2.382
1000
portrait
  0
INSERT
  5
26A
330
17
100
AcDbEntity
  8
Modules
100
AcDbBlockReference
  2
fs_54641099_full
 10
-37.90152122456582
 20
-65.63149728020417
 30
1.8561011592512138
1001
HelioScope
1040
1.134
1040
2.382
1000
portrait
  0
INSERT
  5
26C
330
17
100
AcDbEntity
  8
Modules
100
AcDbBlockReference
  2
fs_54641099_full
 10
-36.754811064565814
 20
-65.63149728020417
 30
1.8561011592512138
1001
HelioScope
1040
1.134
1040
2.382
1000
portrait
  0
INSERT
  5
26E
330
17
100
AcDbEntity
  8
Modules
100
AcDbBlockReference
  2
fs_54641099_full
 10
-35.608100904565816
 20
-65.63149728020417
 30
1.8561011592512138
1001
HelioScope
1040
1.134
1040
2.382
1000
portrait
  0
INSERT
  5
270
330
17
100
AcDbEntity
  8
Modules
100
AcDbBlockReference
  2
fs_54641099_full
 10
-34.46139074456582
 20
-65.63149728020417
 30
1.8561011592512138
1001
HelioScope
1040
1.134
1040
2.382
1000
portrait
  0
INSERT
  5
272
330
17
100
AcDbEntity
  8
Modules
100
AcDbBlockReference
  2
fs_54641099_full
 10
-33.31468058456582
 20
-65.63149728020417
 30
1.8561011592512138
1001
HelioScope
1040
1.134
1040
2.382
1000
portrait
  0
INSERT
  5
274
330
17
100
AcDbEntity
  8
Modules
100
AcDbBlockReference
  2
fs_54641099_full
 10
-32.167970424565816
 20
-65.63149728020417
 30
1.8561011592512138
1001
HelioScope
1040
1.134
1040
2.382
1000
portrait
  0
INSERT
  5
276
330
17
100
AcDbEntity
  8
Modules
100
AcDbBlockReference
  2
fs_54641099_full
 10
-31.021260264565818
 20
-65.63149728020417
 30
1.8561011592512138
1001
HelioScope
1040
1.134
1040
2.382
1000
portrait
  0
INSERT
  5
278
330
17
100
AcDbEntity
  8
Modules
100
AcDbBlockReference
  2
fs_54641099_full
 10
-29.87455010456582
 20
-65.63149728020417
 30
1.8561011592512138
1001
HelioScope
1040
1.134
1040
2.382
1000
portrait
  0
INSERT
  5
27A
330
17
100
AcDbEntity
  8
Modules
100
AcDbBlockReference
  2
fs_54641099_full
 10
-28.727839944565815
 20
-65.63149728020417
 30
1.8561011592512138
1001
HelioScope
1040
1.134
1040
2.382
1000
portrait
  0
INSERT
  5
27C
330
17
100
AcDbEntity
  8
Modules
100
AcDbBlockReference
  2
fs_54641099_full
 10
-27.581129784565817
 20
-65.63149728020417
 30
1.8561011592512138
1001
HelioScope
1040
1.134
1040
2.382
1000
portrait
  0
INSERT
  5
27E
330
17
100
AcDbEntity
  8
Modules
100
AcDbBlockReference
  2
fs_54641099_full
 10
-26.43441962456582
 20
-65.63149728020417
 30
1.8561011592512138
1001
HelioScope
1040
1.134
1040
2.382
1000
portrait
  0
INSERT
  5
280
330
17
100
AcDbEntity
  8
Modules
100
AcDbBlockReference
  2
fs_54641099_full
 10
-25.287709464565822
 20
-65.63149728020417
 30
1.8561011592512138
1001
HelioScope
1040
1.134
1040
2.382
1000
portrait
  0
INSERT
  5
282
330
17
100
AcDbEntity
  8
Modules
100
AcDbBlockReference
  2
fs_54641099_full
 10
-24.140999304565817
 20
-65.63149728020417
 30
1.8561011592512138
1001
HelioScope
1040
1.134
1040
2.382
1000
portrait
  0
INSERT
  5
284
330
17
100
AcDbEntity
  8
Modules
100
AcDbBlockReference
  2
fs_54641099_full
 10
-22.99428914456582
 20
-65.63149728020417
 30
1.8561011592512138
1001
HelioScope
1040
1.134
1040
2.382
1000
portrait
  0
INSERT
  5
286
330
17
100
AcDbEntity
  8
Modules
100
AcDbBlockReference
  2
fs_54641099_full
 10
-21.84757898456582
 20
-65.63149728020417
 30
1.8561011592512138
1001
HelioScope
1040
1.134
1040
2.382
1000
portrait
  0
INSERT
  5
288
330
17
100
AcDbEntity
  8
Modules
100
AcDbBlockReference
  2
fs_54641099_full
 10
-20.700868824565816
 20
-65.63149728020417
 30
1.8561011592512138
1001
HelioScope
1040
1.134
1040
2.382
1000
portrait
  0
INSERT
  5
28A
330
17
100
AcDbEntity
  8
Modules
100
AcDbBlockReference
  2
fs_54641099_full
 10
-19.55415866456582
 20
-65.63149728020417
 30
1.8561011592512138
1001
HelioScope
1040
1.134
1040
2.382
1000
portrait
  0
INSERT
  5
28C
330
17
100
AcDbEntity
  8
Modules
100
AcDbBlockReference
  2
fs_54641099_full
 10
-18.40744850456582
 20
-65.63149728020417
 30
1.8561011592512138
1001
HelioScope
1040
1.134
1040
2.382
1000
portrait
  0
INSERT
  5
28E
330
17
100
AcDbEntity
  8
Modules
100
AcDbBlockReference
  2
fs_54641099_full
 10
-17.260738344565823
 20
-65.63149728020417
 30
1.8561011592512138
1001
HelioScope
1040
1.134
1040
2.382
1000
portrait
  0
INSERT
  5
290
330
17
100
AcDbEntity
  8
Modules
100
AcDbBlockReference
  2
fs_54641099_full
 10
-16.114028184565818
 20
-65.63149728020417
 30
1.8561011592512138
1001
HelioScope
1040
1.134
1040
2.382
1000
portrait
  0
INSERT
  5
292
330
17
100
AcDbEntity
  8
Modules
100
AcDbBlockReference
  2
fs_54641099_full
 10
-14.96731802456582
 20
-65.63149728020417
 30
1.8561011592512138
1001
HelioScope
1040
1.134
1040
2.382
1000
portrait
  0
INSERT
  5
294
330
17
100
AcDbEntity
  8
Modules
100
AcDbBlockReference
  2
fs_54641099_full
 10
-13.820607864565822
 20
-65.63149728020417
 30
1.8561011592512138
1001
HelioScope
1040
1.134
1040
2.382
1000
portrait
  0
INSERT
  5
296
330
17
100
AcDbEntity
  8
Modules
100
AcDbBlockReference
  2
fs_54641099_full
 10
-12.673897704565825
 20
-65.63149728020417
 30
1.8561011592512138
1001
HelioScope
1040
1.134
1040
2.382
1000
portrait
  0
INSERT
  5
298
330
17
100
AcDbEntity
  8
Modules
100
AcDbBlockReference
  2
fs_54641099_full
 10
-11.52718754456582
 20
-65.63149728020417
 30
1.8561011592512138
1001
HelioScope
1040
1.134
1040
2.382
1000
portrait
  0
INSERT
  5
29A
330
17
100
AcDbEntity
  8
Modules
100
AcDbBlockReference
  2
fs_54641099_full
 10
-10.380477384565822
 20
-65.63149728020417
 30
1.8561011592512138
1001
HelioScope
1040
1.134
1040
2.382
1000
portrait
  0
INSERT
  5
29C
330
17
100
AcDbEntity
  8
Modules
100
AcDbBlockReference
  2
fs_54641099_full
 10
-9.233767224565824
 20
-65.63149728020417
 30
1.8561011592512138
1001
HelioScope
1040
1.134
1040
2.382
1000
portrait
  0
INSERT
  5
29E
330
17
100
AcDbEntity
  8
Modules
100
AcDbBlockReference
  2
fs_54641099_full
 10
-8.087057064565826
 20
-65.63149728020417
 30
1.8561011592512138
1001
HelioScope
1040
1.134
1040
2.382
1000
portrait
  0
INSERT
  5
2A0
330
17
100
AcDbEntity
  8
Modules
100
AcDbBlockReference
  2
fs_54641099_full
 10
-6.940346904565828
 20
-65.63149728020417
 30
1.8561011592512138
1001
HelioScope
1040
1.134
1040
2.382
1000
portrait
  0
INSERT
  5
2A2
330
17
100
AcDbEntity
  8
Modules
100
AcDbBlockReference
  2
fs_54641099_full
 10
-5.793636744565816
 20
-65.63149728020417
 30
1.8561011592512138
1001
HelioScope
1040
1.134
1040
2.382
1000
portrait
  0
INSERT
  5
2A4
330
17
100
AcDbEntity
  8
Modules
100
AcDbBlockReference
  2
fs_54641099_full
 10
-4.6469265845658185
 20
-65.63149728020417
 30
1.8561011592512138
1001
HelioScope
1040
1.134
1040
2.382
1000
portrait
  0
INSERT
  5
2A6
330
17
100
AcDbEntity
  8
Modules
100
AcDbBlockReference
  2
fs_54641099_full
 10
-3.5002164245658207
 20
-65.63149728020417
 30
1.8561011592512138
1001
HelioScope
1040
1.134
1040
2.382
1000
portrait
  0
INSERT
  5
2A8
330
17
100
AcDbEntity
  8
Modules
100
AcDbBlockReference
  2
fs_54641099_full
 10
-2.353506264565823
 20
-65.63149728020417
 30
1.8561011592512138
1001
HelioScope
1040
1.134
1040
2.382
1000
portrait
  0
INSERT
  5
2AA
330
17
100
AcDbEntity
  8
Modules
100
AcDbBlockReference
  2
fs_54641099_full
 10
-1.206796104565825
 20
-65.63149728020417
 30
1.8561011592512138
1001
HelioScope
1040
1.134
1040
2.382
1000
portrait
  0
INSERT
  5
2AC
330
17
100
AcDbEntity
  8
Modules
100
AcDbBlockReference
  2
fs_54641099_full
 10
-0.060085944565827276
 20
-65.63149728020417
 30
1.8561011592512138
1001
HelioScope
1040
1.134
1040
2.382
1000
portrait
  0
INSERT
  5
2AE
330
17
100
AcDbEntity
  8
Modules
100
AcDbBlockReference
  2
fs_54641099_full
 10
1.0866242154341705
 20
-65.63149728020417
 30
1.8561011592512138
1001
HelioScope
1040
1.134
1040
2.382
1000
portrait
  0
INSERT
  5
2B0
330
17
100
AcDbEntity
  8
Modules
100
AcDbBlockReference
  2
fs_54641099_full
 10
2.2333343754341826
 20
-65.63149728020417
 30
1.8561011592512138
1001
HelioScope
1040
1.134
1040
2.382
1000
portrait
  0
INSERT
  5
2B2
330
17
100
AcDbEntity
  8
Modules
100
AcDbBlockReference
  2
fs_54641099_full
 10
3.3800445354341804
 20
-65.63149728020417
 30
1.8561011592512138
1001
HelioScope
1040
1.134
1040
2.382
1000
portrait
  0
INSERT
  5
2B4
330
17
100
AcDbEntity
  8
Modules
100
AcDbBlockReference
  2
fs_54641099_full
 10
4.526754695434178
 20
-65.63149728020417
 30
1.8561011592512138
1001
HelioScope
1040
1.134
1040
2.382
1000
portrait
  0
INSERT
  5
2B6
330
17
100
AcDbEntity
  8
Modules
100
AcDbBlockReference
  2
fs_54641099_full
 10
5.673464855434176
 20
-65.63149728020417
 30
1.8561011592512138
1001
HelioScope
1040
1.134
1040
2.382
1000
portrait
  0
INSERT
  5
2B8
330
17
100
AcDbEntity
  8
Modules
100
AcDbBlockReference
  2
fs_54641099_full
 10
6.820175015434174
 20
-65.63149728020417
 30
1.8561011592512138
1001
HelioScope
1040
1.134
1040
2.382
1000
portrait
  0
INSERT
  5
2BA
330
17
100
AcDbEntity
  8
Modules
100
AcDbBlockReference
  2
fs_54641099_full
 10
7.966885175434172
 20
-65.63149728020417
 30
1.8561011592512138
1001
HelioScope
1040
1.134
1040
2.382
1000
portrait
  0
INSERT
  5
2BC
330
17
100
AcDbEntity
  8
Modules
100
AcDbBlockReference
  2
fs_54641099_full
 10
9.11359533543417
 20
-65.63149728020417
 30
1.8561011592512138
1001
HelioScope
1040
1.134
1040
2.382
1000
portrait
  0
INSERT
  5
2BE
330
17
100
AcDbEntity
  8
Modules
100
AcDbBlockReference
  2
fs_54641099_full
 10
10.260305495434181
 20
-65.63149728020417
 30
1.8561011592512138
1001
HelioScope
1040
1.134
1040
2.382
1000
portrait
  0
INSERT
  5
2C0
330
17
100
AcDbEntity
  8
Modules
100
AcDbBlockReference
  2
fs_54641099_full
 10
11.40701565543418
 20
-65.63149728020417
 30
1.8561011592512138
1001
HelioScope
1040
1.134
1040
2.382
1000
portrait
  0
INSERT
  5
2C2
330
17
100
AcDbEntity
  8
Modules
100
AcDbBlockReference
  2
fs_54641099_full
 10
12.553725815434177
 20
-65.63149728020417
 30
1.8561011592512138
1001
HelioScope
1040
1.134
1040
2.382
1000
portrait
  0
INSERT
  5
2C4
330
17
100
AcDbEntity
  8
Modules
100
AcDbBlockReference
  2
fs_54641099_full
 10
13.700435975434175
 20
-65.63149728020417
 30
1.8561011592512138
1001
HelioScope
1040
1.134
1040
2.382
1000
portrait
  0
INSERT
  5
2C6
330
17
100
AcDbEntity
  8
Modules
100
AcDbBlockReference
  2
fs_54641099_full
 10
14.847146135434173
 20
-65.63149728020417
 30
1.8561011592512138
1001
HelioScope
1040
1.134
1040
2.382
1000
portrait
  0
INSERT
  5
2C8
330
17
100
AcDbEntity
  8
Modules
100
AcDbBlockReference
  2
fs_54641099_full
 10
15.99385629543417
 20
-65.63149728020417
 30
1.8561011592512138
1001
HelioScope
1040
1.134
1040
2.382
1000
portrait
  0
INSERT
  5
2CA
330
17
100
AcDbEntity
  8
Modules
100
AcDbBlockReference
  2
fs_54641099_full
 10
17.14056645543417
 20
-65.63149728020417
 30
1.8561011592512138
1001
HelioScope
1040
1.134
1040
2.382
1000
portrait
  0
INSERT
  5
2CC
330
17
100
AcDbEntity
  8
Modules
100
AcDbBlockReference
  2
fs_54641099_full
 10
18.28727661543418
 20
-65.63149728020417
 30
1.8561011592512138
1001
HelioScope
1040
1.134
1040
2.382
1000
portrait
  0
INSERT
  5
2CE
330
17
100
AcDbEntity
  8
Modules
100
AcDbBlockReference
  2
fs_54641099_full
 10
19.433986775434178
 20
-65.63149728020417
 30
1.8561011592512138
1001
HelioScope
1040
1.134
1040
2.382
1000
portrait
  0
INSERT
  5
2D0
330
17
100
AcDbEntity
  8
Modules
100
AcDbBlockReference
  2
fs_54641099_full
 10
20.580696935434176
 20
-65.63149728020417
 30
1.8561011592512138
1001
HelioScope
1040
1.134
1040
2.382
1000
portrait
  0
INSERT
  5
2D2
330
17
100
AcDbEntity
  8
Modules
100
AcDbBlockReference
  2
fs_54641099_full
 10
21.727407095434174
 20
-65.63149728020417
 30
1.8561011592512138
1001
HelioScope
1040
1.134
1040
2.382
1000
portrait
  0
INSERT
  5
2D4
330
17
100
AcDbEntity
  8
Modules
100
AcDbBlockReference
  2
fs_54641099_full
 10
22.87411725543417
 20
-65.63149728020417
 30
1.8561011592512138
1001
HelioScope
1040
1.134
1040
2.382
1000
portrait
  0
INSERT
  5
2D6
330
17
100
AcDbEntity
  8
Modules
100
AcDbBlockReference
  2
fs_54641099_full
 10
24.02082741543417
 20
-65.63149728020417
 30
1.8561011592512138
1001
HelioScope
1040
1.134
1040
2.382
1000
portrait
  0
INSERT
  5
2D8
330
17
100
AcDbEntity
  8
Modules
100
AcDbBlockReference
  2
fs_54641099_full
 10
25.167537575434167
 20
-65.63149728020417
 30
1.8561011592512138
1001
HelioScope
1040
1.134
1040
2.382
1000
portrait
  0
INSERT
  5
2DA
330
17
100
AcDbEntity
  8
Modules
100
AcDbBlockReference
  2
fs_54641099_full
 10
26.31424773543418
 20
-65.63149728020417
 30
1.8561011592512138
1001
HelioScope
1040
1.134
1040
2.382
1000
portrait
  0
INSERT
  5
2DC
330
17
100
AcDbEntity
  8
Modules
100
AcDbBlockReference
  2
fs_54641099_full
 10
27.460957895434177
 20
-65.63149728020417
 30
1.8561011592512138
1001
HelioScope
1040
1.134
1040
2.382
1000
portrait
  0
INSERT
  5
2DE
330
17
100
AcDbEntity
  8
Modules
100
AcDbBlockReference
  2
fs_54641099_full
 10
28.607668055434175
 20
-65.63149728020417
 30
1.8561011592512138
1001
HelioScope
1040
1.134
1040
2.382
1000
portrait
  0
INSERT
  5
2E0
330
17
100
AcDbEntity
  8
Modules
100
AcDbBlockReference
  2
fs_54641099_full
 10
29.754378215434173
 20
-65.63149728020417
 30
1.8561011592512138
1001
HelioScope
1040
1.134
1040
2.382
1000
portrait
  0
INSERT
  5
2E2
330
17
100
AcDbEntity
  8
Modules
100
AcDbBlockReference
  2
fs_54641099_full
 10
30.90108837543417
 20
-65.63149728020417
 30
1.8561011592512138
1001
HelioScope
1040
1.134
1040
2.382
1000
portrait
  0
INSERT
  5
2E4
330
17
100
AcDbEntity
  8
Modules
100
AcDbBlockReference
  2
fs_54641099_full
 10
32.04779853543417
 20
-65.63149728020417
 30
1.8561011592512138
1001
HelioScope
1040
1.134
1040
2.382
1000
portrait
  0
INSERT
  5
2E6
330
17
100
AcDbEntity
  8
Modules
100
AcDbBlockReference
  2
fs_54641099_full
 10
33.194508695434166
 20
-65.63149728020417
 30
1.8561011592512138
1001
HelioScope
1040
1.134
1040
2.382
1000
portrait
  0
INSERT
  5
2E8
330
17
100
AcDbEntity
  8
Modules
100
AcDbBlockReference
  2
fs_54641099_full
 10
34.34121885543418
 20
-65.63149728020417
 30
1.8561011592512138
1001
HelioScope
1040
1.134
1040
2.382
1000
portrait
  0
INSERT
  5
2EA
330
17
100
AcDbEntity
  8
Modules
100
AcDbBlockReference
  2
fs_54641099_full
 10
35.487929015434176
 20
-65.63149728020417
 30
1.8561011592512138
1001
HelioScope
1040
1.134
1040
2.382
1000
portrait
  0
INSERT
  5
2EC
330
17
100
AcDbEntity
  8
Modules
100
AcDbBlockReference
  2
fs_54641099_full
 10
36.634639175434174
 20
-65.63149728020417
 30
1.8561011592512138
1001
HelioScope
1040
1.134
1040
2.382
1000
portrait
  0
INSERT
  5
2EE
330
17
100
AcDbEntity
  8
Modules
100
AcDbBlockReference
  2
fs_54641099_full
 10
37.78134933543417
 20
-65.63149728020417
 30
1.8561011592512138
1001
HelioScope
1040
1.134
1040
2.382
1000
portrait
  0
INSERT
  5
2F0
330
17
100
AcDbEntity
  8
Modules
100
AcDbBlockReference
  2
fs_54641099_full
 10
38.92805949543417
 20
-65.63149728020417
 30
1.8561011592512138
1001
HelioScope
1040
1.134
1040
2.382
1000
portrait
  0
INSERT
  5
2F2
330
17
100
AcDbEntity
  8
Modules
100
AcDbBlockReference
  2
fs_54641099_full
 10
40.07476965543417
 20
-65.63149728020417
 30
1.8561011592512138
1001
HelioScope
1040
1.134
1040
2.382
1000
portrait
  0
INSERT
  5
2F4
330
17
100
AcDbEntity
  8
Modules
100
AcDbBlockReference
  2
fs_54641099_full
 10
41.221479815434165
 20
-65.63149728020417
 30
1.8561011592512138
1001
HelioScope
1040
1.134
1040
2.382
1000
portrait
  0
INSERT
  5
2F6
330
17
100
AcDbEntity
  8
Modules
100
AcDbBlockReference
  2
fs_54641099_full
 10
42.36818997543416
 20
-65.63149728020417
 30
1.8561011592512138
1001
HelioScope
1040
1.134
1040
2.382
1000
portrait
  0
INSERT
  5
2F8
330
17
100
AcDbEntity
  8
Modules
100
AcDbBlockReference
  2
fs_54641099_full
 10
43.514900135434175
 20
-65.63149728020417
 30
1.8561011592512138
1001
HelioScope
1040
1.134
1040
2.382
1000
portrait
  0
INSERT
  5
2FA
330
17
100
AcDbEntity
  8
Modules
100
AcDbBlockReference
  2
fs_54641099_full
 10
44.66161029543417
 20
-65.63149728020417
 30
1.8561011592512138
1001
HelioScope
1040
1.134
1040
2.382
1000
portrait
  0
INSERT
  5
2FC
330
17
100
AcDbEntity
  8
Modules
100
AcDbBlockReference
  2
fs_54641099_full
 10
45.80832045543417
 20
-65.63149728020417
 30
1.8561011592512138
1001
HelioScope
1040
1.134
1040
2.382
1000
portrait
  0
INSERT
  5
2FE
330
17
100
AcDbEntity
  8
Modules
100
AcDbBlockReference
  2
fs_54641099_full
 10
46.95503061543417
 20
-65.63149728020417
 30
1.8561011592512138
1001
HelioScope
1040
1.134
1040
2.382
1000
portrait
  0
INSERT
  5
300
330
17
100
AcDbEntity
  8
Modules
100
AcDbBlockReference
  2
fs_54641099_full
 10
48.101740775434166
 20
-65.63149728020417
 30
1.8561011592512138
1001
HelioScope
1040
1.134
1040
2.382
1000
portrait
  0
INSERT
  5
302
330
17
100
AcDbEntity
  8
Modules
100
AcDbBlockReference
  2
fs_54641099_full
 10
49.248450935434164
 20
-65.63149728020417
 30
1.8561011592512138
1001
HelioScope
1040
1.134
1040
2.382
1000
portrait
  0
INSERT
  5
304
330
17
100
AcDbEntity
  8
Modules
100
AcDbBlockReference
  2
fs_54641099_full
 10
50.39516109543416
 20
-65.63149728020417
 30
1.8561011592512138
1001
HelioScope
1040
1.134
1040
2.382
1000
portrait
  0
INSERT
  5
306
330
17
100
AcDbEntity
  8
Modules
100
AcDbBlockReference
  2
fs_54641099_full
 10
51.541871255434174
 20
-65.63149728020417
 30
1.8561011592512138
1001
HelioScope
1040
1.134
1040
2.382
1000
portrait
  0
INSERT
  5
308
330
17
100
AcDbEntity
  8
Modules
100
AcDbBlockReference
  2
fs_54641099_full
 10
52.68858141543417
 20
-65.63149728020417
 30
1.8561011592512138
1001
HelioScope
1040
1.134
1040
2.382
1000
portrait
  0
INSERT
  5
30A
330
17
100
AcDbEntity
  8
Modules
100
AcDbBlockReference
  2
fs_54641099_full
 10
53.83529157543417
 20
-65.63149728020417
 30
1.8561011592512138
1001
HelioScope
1040
1.134
1040
2.382
1000
portrait
  0
INSERT
  5
30C
330
17
100
AcDbEntity
  8
Modules
100
AcDbBlockReference
  2
fs_54641099_full
 10
54.98200173543417
 20
-65.63149728020417
 30
1.8561011592512138
1001
HelioScope
1040
1.134
1040
2.382
1000
portrait
  0
INSERT
  5
30E
330
17
100
AcDbEntity
  8
Modules
100
AcDbBlockReference
  2
fs_54641099_full
 10
56.128711895434165
 20
-65.63149728020417
 30
1.8561011592512138
1001
HelioScope
1040
1.134
1040
2.382
1000
portrait
  0
INSERT
  5
310
330
17
100
AcDbEntity
  8
Modules
100
AcDbBlockReference
  2
fs_54641099_full
 10
57.27542205543416
 20
-65.63149728020417
 30
1.8561011592512138
1001
HelioScope
1040
1.134
1040
2.382
1000
portrait
  0
INSERT
  5
312
330
17
100
AcDbEntity
  8
Modules
100
AcDbBlockReference
  2
fs_54641099_full
 10
58.42213221543416
 20
-65.63149728020417
 30
1.8561011592512138
1001
HelioScope
1040
1.134
1040
2.382
1000
portrait
  0
INSERT
  5
314
330
17
100
AcDbEntity
  8
Modules
100
AcDbBlockReference
  2
fs_54641099_full
 10
59.56884237543416
 20
-65.63149728020417
 30
1.8561011592512138
1001
HelioScope
1040
1.134
1040
2.382
1000
portrait
  0
INSERT
  5
316
330
17
100
AcDbEntity
  8
Modules
100
AcDbBlockReference
  2
fs_54641099_full
 10
60.715552535434156
 20
-65.63149728020417
 30
1.8561011592512138
1001
HelioScope
1040
1.134
1040
2.382
1000
portrait
  0
INSERT
  5
318
330
17
100
AcDbEntity
  8
Modules
100
AcDbBlockReference
  2
fs_54641099_full
 10
61.862262695434154
 20
-65.63149728020417
 30
1.8561011592512138
1001
HelioScope
1040
1.134
1040
2.382
1000
portrait
  0
INSERT
  5
31A
330
17
100
AcDbEntity
  8
Modules
100
AcDbBlockReference
  2
fs_54641099_full
 10
63.00897285543418
 20
-65.63149728020417
 30
1.8561011592512138
1001
HelioScope
1040
1.134
1040
2.382
1000
portrait
  0
INSERT
  5
31C
330
17
100
AcDbEntity
  8
Modules
100
AcDbBlockReference
  2
fs_54641099_full
 10
64.15568301543418
 20
-65.63149728020417
 30
1.8561011592512138
1001
HelioScope
1040
1.134
1040
2.382
1000
portrait
  0
INSERT
  5
31E
330
17
100
AcDbEntity
  8
Modules
100
AcDbBlockReference
  2
fs_54641099_full
 10
65.30239317543418
 20
-65.63149728020417
 30
1.8561011592512138
1001
HelioScope
1040
1.134
1040
2.382
1000
portrait
  0
INSERT
  5
320
330
17
100
AcDbEntity
  8
Modules
100
AcDbBlockReference
  2
fs_54641099_full
 10
66.44910333543417
 20
-65.63149728020417
 30
1.8561011592512138
1001
HelioScope
1040
1.134
1040
2.382
1000
portrait
  0
INSERT
  5
322
330
17
100
AcDbEntity
  8
Modules
100
AcDbBlockReference
  2
fs_54641099_full
 10
67.59581349543417
 20
-65.63149728020417
 30
1.8561011592512138
1001
HelioScope
1040
1.134
1040
2.382
1000
portrait
  0
INSERT
  5
324
330
17
100
AcDbEntity
  8
Modules
100
AcDbBlockReference
  2
fs_54641099_full
 10
-48.221912664565814
 20
-76.55855737846639
 30
1.8561011592512138
1001
HelioScope
1040
1.134
1040
2.382
1000
portrait
  0
INSERT
  5
326
330
17
100
AcDbEntity
  8
Modules
100
AcDbBlockReference
  2
fs_54641099_full
 10
-49.36862282456581
 20
-76.55855737846639
 30
1.8561011592512138
1001
HelioScope
1040
1.134
1040
2.382
1000
portrait
  0
INSERT
  5
328
330
17
100
AcDbEntity
  8
Modules
100
AcDbBlockReference
  2
fs_54641099_full
 10
-50.515332984565816
 20
-76.55855737846639
 30
1.8561011592512138
1001
HelioScope
1040
1.134
1040
2.382
1000
portrait
  0
INSERT
  5
32A
330
17
100
AcDbEntity
  8
Modules
100
AcDbBlockReference
  2
fs_54641099_full
 10
-51.662043144565814
 20
-76.55855737846639
 30
1.8561011592512138
1001
HelioScope
1040
1.134
1040
2.382
1000
portrait
  0
INSERT
  5
32C
330
17
100
AcDbEntity
  8
Modules
100
AcDbBlockReference
  2
fs_54641099_full
 10
-52.80875330456581
 20
-76.55855737846639
 30
1.8561011592512138
1001
HelioScope
1040
1.134
1040
2.382
1000
portrait
  0
INSERT
  5
32E
330
17
100
AcDbEntity
  8
Modules
100
AcDbBlockReference
  2
fs_54641099_full
 10
-53.95546346456581
 20
-76.55855737846639
 30
1.8561011592512138
1001
HelioScope
1040
1.134
1040
2.382
1000
portrait
  0
INSERT
  5
330
330
17
100
AcDbEntity
  8
Modules
100
AcDbBlockReference
  2
fs_54641099_full
 10
-55.102173624565815
 20
-76.55855737846639
 30
1.8561011592512138
1001
HelioScope
1040
1.134
1040
2.382
1000
portrait
  0
INSERT
  5
332
330
17
100
AcDbEntity
  8
Modules
100
AcDbBlockReference
  2
fs_54641099_full
 10
-56.24888378456581
 20
-76.55855737846639
 30
1.8561011592512138
1001
HelioScope
1040
1.134
1040
2.382
1000
portrait
  0
INSERT
  5
334
330
17
100
AcDbEntity
  8
Modules
100
AcDbBlockReference
  2
fs_54641099_full
 10
-57.39559394456581
 20
-76.55855737846639
 30
1.8561011592512138
1001
HelioScope
1040
1.134
1040
2.382
1000
portrait
  0
INSERT
  5
336
330
17
100
AcDbEntity
  8
Modules
100
AcDbBlockReference
  2
fs_54641099_full
 10
-58.542304104565815
 20
-76.55855737846639
 30
1.8561011592512138
1001
HelioScope
1040
1.134
1040
2.382
1000
portrait
  0
INSERT
  5
338
330
17
100
AcDbEntity
  8
Modules
100
AcDbBlockReference
  2
fs_54641099_full
 10
-59.68901426456581
 20
-76.55855737846639
 30
1.8561011592512138
1001
HelioScope
1040
1.134
1040
2.382
1000
portrait
  0
INSERT
  5
33A
330
17
100
AcDbEntity
  8
Modules
100
AcDbBlockReference
  2
fs_54641099_full
 10
-60.83572442456581
 20
-76.55855737846639
 30
1.8561011592512138
1001
HelioScope
1040
1.134
1040
2.382
1000
portrait
  0
INSERT
  5
33C
330
17
100
AcDbEntity
  8
Modules
100
AcDbBlockReference
  2
fs_54641099_full
 10
-61.98243458456581
 20
-76.55855737846639
 30
1.8561011592512138
1001
HelioScope
1040
1.134
1040
2.382
1000
portrait
  0
INSERT
  5
33E
330
17
100
AcDbEntity
  8
Modules
100
AcDbBlockReference
  2
fs_54641099_full
 10
-63.129144744565814
 20
-76.55855737846639
 30
1.8561011592512138
1001
HelioScope
1040
1.134
1040
2.382
1000
portrait
  0
INSERT
  5
340
330
17
100
AcDbEntity
  8
Modules
100
AcDbBlockReference
  2
fs_54641099_full
 10
-64.27585490456582
 20
-76.55855737846639
 30
1.8561011592512138
1001
HelioScope
1040
1.134
1040
2.382
1000
portrait
  0
INSERT
  5
342
330
17
100
AcDbEntity
  8
Modules
100
AcDbBlockReference
  2
fs_54641099_full
 10
-47.075202504565816
 20
-76.55855737846639
 30
1.8561011592512138
1001
HelioScope
1040
1.134
1040
2.382
1000
portrait
  0
INSERT
  5
344
330
17
100
AcDbEntity
  8
Modules
100
AcDbBlockReference
  2
fs_54641099_full
 10
-45.92849234456581
 20
-76.55855737846639
 30
1.8561011592512138
1001
HelioScope
1040
1.134
1040
2.382
1000
portrait
  0
INSERT
  5
346
330
17
100
AcDbEntity
  8
Modules
100
AcDbBlockReference
  2
fs_54641099_full
 10
-44.78178218456581
 20
-76.55855737846639
 30
1.8561011592512138
1001
HelioScope
1040
1.134
1040
2.382
1000
portrait
  0
INSERT
  5
348
330
17
100
AcDbEntity
  8
Modules
100
AcDbBlockReference
  2
fs_54641099_full
 10
-43.635072024565815
 20
-76.55855737846639
 30
1.8561011592512138
1001
HelioScope
1040
1.134
1040
2.382
1000
portrait
  0
INSERT
  5
34A
330
17
100
AcDbEntity
  8
Modules
100
AcDbBlockReference
  2
fs_54641099_full
 10
-42.48836186456582
 20
-76.55855737846639
 30
1.8561011592512138
1001
HelioScope
1040
1.134
1040
2.382
1000
portrait
  0
INSERT
  5
34C
330
17
100
AcDbEntity
  8
Modules
100
AcDbBlockReference
  2
fs_54641099_full
 10
-41.34165170456582
 20
-76.55855737846639
 30
1.8561011592512138
1001
HelioScope
1040
1.134
1040
2.382
1000
portrait
  0
INSERT
  5
34E
330
17
100
AcDbEntity
  8
Modules
100
AcDbBlockReference
  2
fs_54641099_full
 10
-40.194941544565815
 20
-76.55855737846639
 30
1.8561011592512138
1001
HelioScope
1040
1.134
1040
2.382
1000
portrait
  0
INSERT
  5
350
330
17
100
AcDbEntity
  8
Modules
100
AcDbBlockReference
  2
fs_54641099_full
 10
-39.04823138456582
 20
-76.55855737846639
 30
1.8561011592512138
1001
HelioScope
1040
1.134
1040
2.382
1000
portrait
  0
INSERT
  5
352
330
17
100
AcDbEntity
  8
Modules
100
AcDbBlockReference
  2
fs_54641099_full
 10
-37.90152122456581
 20
-76.55855737846639
 30
1.8561011592512138
1001
HelioScope
1040
1.134
1040
2.382
1000
portrait
  0
INSERT
  5
354
330
17
100
AcDbEntity
  8
Modules
100
AcDbBlockReference
  2
fs_54641099_full
 10
-36.754811064565814
 20
-76.55855737846639
 30
1.8561011592512138
1001
HelioScope
1040
1.134
1040
2.382
1000
portrait
  0
INSERT
  5
356
330
17
100
AcDbEntity
  8
Modules
100
AcDbBlockReference
  2
fs_54641099_full
 10
-35.608100904565816
 20
-76.55855737846639
 30
1.8561011592512138
1001
HelioScope
1040
1.134
1040
2.382
1000
portrait
  0
INSERT
  5
358
330
17
100
AcDbEntity
  8
Modules
100
AcDbBlockReference
  2
fs_54641099_full
 10
-34.46139074456582
 20
-76.55855737846639
 30
1.8561011592512138
1001
HelioScope
1040
1.134
1040
2.382
1000
portrait
  0
INSERT
  5
35A
330
17
100
AcDbEntity
  8
Modules
100
AcDbBlockReference
  2
fs_54641099_full
 10
-33.31468058456582
 20
-76.55855737846639
 30
1.8561011592512138
1001
HelioScope
1040
1.134
1040
2.382
1000
portrait
  0
INSERT
  5
35C
330
17
100
AcDbEntity
  8
Modules
100
AcDbBlockReference
  2
fs_54641099_full
 10
-32.167970424565816
 20
-76.55855737846639
 30
1.8561011592512138
1001
HelioScope
1040
1.134
1040
2.382
1000
portrait
  0
INSERT
  5
35E
330
17
100
AcDbEntity
  8
Modules
100
AcDbBlockReference
  2
fs_54641099_full
 10
-31.021260264565818
 20
-76.55855737846639
 30
1.8561011592512138
1001
HelioScope
1040
1.134
1040
2.382
1000
portrait
  0
INSERT
  5
360
330
17
100
AcDbEntity
  8
Modules
100
AcDbBlockReference
  2
fs_54641099_full
 10
-29.87455010456582
 20
-76.55855737846639
 30
1.8561011592512138
1001
HelioScope
1040
1.134
1040
2.382
1000
portrait
  0
INSERT
  5
362
330
17
100
AcDbEntity
  8
Modules
100
AcDbBlockReference
  2
fs_54641099_full
 10
-28.727839944565815
 20
-76.55855737846639
 30
1.8561011592512138
1001
HelioScope
1040
1.134
1040
2.382
1000
portrait
  0
INSERT
  5
364
330
17
100
AcDbEntity
  8
Modules
100
AcDbBlockReference
  2
fs_54641099_full
 10
-27.581129784565817
 20
-76.55855737846639
 30
1.8561011592512138
1001
HelioScope
1040
1.134
1040
2.382
1000
portrait
  0
INSERT
  5
366
330
17
100
AcDbEntity
  8
Modules
100
AcDbBlockReference
  2
fs_54641099_full
 10
-26.43441962456582
 20
-76.55855737846639
 30
1.8561011592512138
1001
HelioScope
1040
1.134
1040
2.382
1000
portrait
  0
INSERT
  5
368
330
17
100
AcDbEntity
  8
Modules
100
AcDbBlockReference
  2
fs_54641099_full
 10
-25.287709464565815
 20
-76.55855737846639
 30
1.8561011592512138
1001
HelioScope
1040
1.134
1040
2.382
1000
portrait
  0
INSERT
  5
36A
330
17
100
AcDbEntity
  8
Modules
100
AcDbBlockReference
  2
fs_54641099_full
 10
-24.140999304565817
 20
-76.55855737846639
 30
1.8561011592512138
1001
HelioScope
1040
1.134
1040
2.382
1000
portrait
  0
INSERT
  5
36C
330
17
100
AcDbEntity
  8
Modules
100
AcDbBlockReference
  2
fs_54641099_full
 10
-22.99428914456582
 20
-76.55855737846639
 30
1.8561011592512138
1001
HelioScope
1040
1.134
1040
2.382
1000
portrait
  0
INSERT
  5
36E
330
17
100
AcDbEntity
  8
Modules
100
AcDbBlockReference
  2
fs_54641099_full
 10
-21.84757898456582
 20
-76.55855737846639
 30
1.8561011592512138
1001
HelioScope
1040
1.134
1040
2.382
1000
portrait
  0
INSERT
  5
370
330
17
100
AcDbEntity
  8
Modules
100
AcDbBlockReference
  2
fs_54641099_full
 10
-20.700868824565816
 20
-76.55855737846639
 30
1.8561011592512138
1001
HelioScope
1040
1.134
1040
2.382
1000
portrait
  0
INSERT
  5
372
330
17
100
AcDbEntity
  8
Modules
100
AcDbBlockReference
  2
fs_54641099_full
 10
-19.55415866456582
 20
-76.55855737846639
 30
1.8561011592512138
1001
HelioScope
1040
1.134
1040
2.382
1000
portrait
  0
INSERT
  5
374
330
17
100
AcDbEntity
  8
Modules
100
AcDbBlockReference
  2
fs_54641099_full
 10
-18.40744850456582
 20
-76.55855737846639
 30
1.8561011592512138
1001
HelioScope
1040
1.134
1040
2.382
1000
portrait
  0
INSERT
  5
376
330
17
100
AcDbEntity
  8
Modules
100
AcDbBlockReference
  2
fs_54641099_full
 10
-17.260738344565816
 20
-76.55855737846639
 30
1.8561011592512138
1001
HelioScope
1040
1.134
1040
2.382
1000
portrait
  0
INSERT
  5
378
330
17
100
AcDbEntity
  8
Modules
100
AcDbBlockReference
  2
fs_54641099_full
 10
-16.114028184565818
 20
-76.55855737846639
 30
1.8561011592512138
1001
HelioScope
1040
1.134
1040
2.382
1000
portrait
  0
INSERT
  5
37A
330
17
100
AcDbEntity
  8
Modules
100
AcDbBlockReference
  2
fs_54641099_full
 10
-14.96731802456582
 20
-76.55855737846639
 30
1.8561011592512138
1001
HelioScope
1040
1.134
1040
2.382
1000
portrait
  0
INSERT
  5
37C
330
17
100
AcDbEntity
  8
Modules
100
AcDbBlockReference
  2
fs_54641099_full
 10
-13.820607864565822
 20
-76.55855737846639
 30
1.8561011592512138
1001
HelioScope
1040
1.134
1040
2.382
1000
portrait
  0
INSERT
  5
37E
330
17
100
AcDbEntity
  8
Modules
100
AcDbBlockReference
  2
fs_54641099_full
 10
-12.673897704565817
 20
-76.55855737846639
 30
1.8561011592512138
1001
HelioScope
1040
1.134
1040
2.382
1000
portrait
  0
INSERT
  5
380
330
17
100
AcDbEntity
  8
Modules
100
AcDbBlockReference
  2
fs_54641099_full
 10
-11.52718754456582
 20
-76.55855737846639
 30
1.8561011592512138
1001
HelioScope
1040
1.134
1040
2.382
1000
portrait
  0
INSERT
  5
382
330
17
100
AcDbEntity
  8
Modules
100
AcDbBlockReference
  2
fs_54641099_full
 10
-10.380477384565822
 20
-76.55855737846639
 30
1.8561011592512138
1001
HelioScope
1040
1.134
1040
2.382
1000
portrait
  0
INSERT
  5
384
330
17
100
AcDbEntity
  8
Modules
100
AcDbBlockReference
  2
fs_54641099_full
 10
-9.233767224565817
 20
-76.55855737846639
 30
1.8561011592512138
1001
HelioScope
1040
1.134
1040
2.382
1000
portrait
  0
INSERT
  5
386
330
17
100
AcDbEntity
  8
Modules
100
AcDbBlockReference
  2
fs_54641099_full
 10
-8.087057064565819
 20
-76.55855737846639
 30
1.8561011592512138
1001
HelioScope
1040
1.134
1040
2.382
1000
portrait
  0
INSERT
  5
388
330
17
100
AcDbEntity
  8
Modules
100
AcDbBlockReference
  2
fs_54641099_full
 10
-6.940346904565821
 20
-76.55855737846639
 30
1.8561011592512138
1001
HelioScope
1040
1.134
1040
2.382
1000
portrait
  0
INSERT
  5
38A
330
17
100
AcDbEntity
  8
Modules
100
AcDbBlockReference
  2
fs_54641099_full
 10
-5.7936367445658234
 20
-76.55855737846639
 30
1.8561011592512138
1001
HelioScope
1040
1.134
1040
2.382
1000
portrait
  0
INSERT
  5
38C
330
17
100
AcDbEntity
  8
Modules
100
AcDbBlockReference
  2
fs_54641099_full
 10
-4.6469265845658185
 20
-76.55855737846639
 30
1.8561011592512138
1001
HelioScope
1040
1.134
1040
2.382
1000
portrait
  0
INSERT
  5
38E
330
17
100
AcDbEntity
  8
Modules
100
AcDbBlockReference
  2
fs_54641099_full
 10
-3.5002164245658207
 20
-76.55855737846639
 30
1.8561011592512138
1001
HelioScope
1040
1.134
1040
2.382
1000
portrait
  0
INSERT
  5
390
330
17
100
AcDbEntity
  8
Modules
100
AcDbBlockReference
  2
fs_54641099_full
 10
-2.353506264565823
 20
-76.55855737846639
 30
1.8561011592512138
1001
HelioScope
1040
1.134
1040
2.382
1000
portrait
  0
INSERT
  5
392
330
17
100
AcDbEntity
  8
Modules
100
AcDbBlockReference
  2
fs_54641099_full
 10
-1.206796104565825
 20
-76.55855737846639
 30
1.8561011592512138
1001
HelioScope
1040
1.134
1040
2.382
1000
portrait
  0
INSERT
  5
394
330
17
100
AcDbEntity
  8
Modules
100
AcDbBlockReference
  2
fs_54641099_full
 10
-0.06008594456582017
 20
-76.55855737846639
 30
1.8561011592512138
1001
HelioScope
1040
1.134
1040
2.382
1000
portrait
  0
INSERT
  5
396
330
17
100
AcDbEntity
  8
Modules
100
AcDbBlockReference
  2
fs_54641099_full
 10
1.0866242154341776
 20
-76.55855737846639
 30
1.8561011592512138
1001
HelioScope
1040
1.134
1040
2.382
1000
portrait
  0
INSERT
  5
398
330
17
100
AcDbEntity
  8
Modules
100
AcDbBlockReference
  2
fs_54641099_full
 10
2.2333343754341755
 20
-76.55855737846639
 30
1.8561011592512138
1001
HelioScope
1040
1.134
1040
2.382
1000
portrait
  0
INSERT
  5
39A
330
17
100
AcDbEntity
  8
Modules
100
AcDbBlockReference
  2
fs_54641099_full
 10
3.3800445354341733
 20
-76.55855737846639
 30
1.8561011592512138
1001
HelioScope
1040
1.134
1040
2.382
1000
portrait
  0
INSERT
  5
39C
330
17
100
AcDbEntity
  8
Modules
100
AcDbBlockReference
  2
fs_54641099_full
 10
4.526754695434171
 20
-76.55855737846639
 30
1.8561011592512138
1001
HelioScope
1040
1.134
1040
2.382
1000
portrait
  0
INSERT
  5
39E
330
17
100
AcDbEntity
  8
Modules
100
AcDbBlockReference
  2
fs_54641099_full
 10
5.673464855434183
 20
-76.55855737846639
 30
1.8561011592512138
1001
HelioScope
1040
1.134
1040
2.382
1000
portrait
  0
INSERT
  5
3A0
330
17
100
AcDbEntity
  8
Modules
100
AcDbBlockReference
  2
fs_54641099_full
 10
6.820175015434181
 20
-76.55855737846639
 30
1.8561011592512138
1001
HelioScope
1040
1.134
1040
2.382
1000
portrait
  0
INSERT
  5
3A2
330
17
100
AcDbEntity
  8
Modules
100
AcDbBlockReference
  2
fs_54641099_full
 10
7.966885175434179
 20
-76.55855737846639
 30
1.8561011592512138
1001
HelioScope
1040
1.134
1040
2.382
1000
portrait
  0
INSERT
  5
3A4
330
17
100
AcDbEntity
  8
Modules
100
AcDbBlockReference
  2
fs_54641099_full
 10
9.113595335434177
 20
-76.55855737846639
 30
1.8561011592512138
1001
HelioScope
1040
1.134
1040
2.382
1000
portrait
  0
INSERT
  5
3A6
330
17
100
AcDbEntity
  8
Modules
100
AcDbBlockReference
  2
fs_54641099_full
 10
10.260305495434174
 20
-76.55855737846639
 30
1.8561011592512138
1001
HelioScope
1040
1.134
1040
2.382
1000
portrait
  0
INSERT
  5
3A8
330
17
100
AcDbEntity
  8
Modules
100
AcDbBlockReference
  2
fs_54641099_full
 10
11.407015655434172
 20
-76.55855737846639
 30
1.8561011592512138
1001
HelioScope
1040
1.134
1040
2.382
1000
portrait
  0
INSERT
  5
3AA
330
17
100
AcDbEntity
  8
Modules
100
AcDbBlockReference
  2
fs_54641099_full
 10
12.55372581543417
 20
-76.55855737846639
 30
1.8561011592512138
1001
HelioScope
1040
1.134
1040
2.382
1000
portrait
  0
INSERT
  5
3AC
330
17
100
AcDbEntity
  8
Modules
100
AcDbBlockReference
  2
fs_54641099_full
 10
13.700435975434182
 20
-76.55855737846639
 30
1.8561011592512138
1001
HelioScope
1040
1.134
1040
2.382
1000
portrait
  0
INSERT
  5
3AE
330
17
100
AcDbEntity
  8
Modules
100
AcDbBlockReference
  2
fs_54641099_full
 10
14.84714613543418
 20
-76.55855737846639
 30
1.8561011592512138
1001
HelioScope
1040
1.134
1040
2.382
1000
portrait
  0
INSERT
  5
3B0
330
17
100
AcDbEntity
  8
Modules
100
AcDbBlockReference
  2
fs_54641099_full
 10
15.993856295434178
 20
-76.55855737846639
 30
1.8561011592512138
1001
HelioScope
1040
1.134
1040
2.382
1000
portrait
  0
INSERT
  5
3B2
330
17
100
AcDbEntity
  8
Modules
100
AcDbBlockReference
  2
fs_54641099_full
 10
17.140566455434175
 20
-76.55855737846639
 30
1.8561011592512138
1001
HelioScope
1040
1.134
1040
2.382
1000
portrait
  0
INSERT
  5
3B4
330
17
100
AcDbEntity
  8
Modules
100
AcDbBlockReference
  2
fs_54641099_full
 10
18.287276615434173
 20
-76.55855737846639
 30
1.8561011592512138
1001
HelioScope
1040
1.134
1040
2.382
1000
portrait
  0
INSERT
  5
3B6
330
17
100
AcDbEntity
  8
Modules
100
AcDbBlockReference
  2
fs_54641099_full
 10
19.43398677543417
 20
-76.55855737846639
 30
1.8561011592512138
1001
HelioScope
1040
1.134
1040
2.382
1000
portrait
  0
INSERT
  5
3B8
330
17
100
AcDbEntity
  8
Modules
100
AcDbBlockReference
  2
fs_54641099_full
 10
20.58069693543417
 20
-76.55855737846639
 30
1.8561011592512138
1001
HelioScope
1040
1.134
1040
2.382
1000
portrait
  0
INSERT
  5
3BA
330
17
100
AcDbEntity
  8
Modules
100
AcDbBlockReference
  2
fs_54641099_full
 10
21.72740709543418
 20
-76.55855737846639
 30
1.8561011592512138
1001
HelioScope
1040
1.134
1040
2.382
1000
portrait
  0
INSERT
  5
3BC
330
17
100
AcDbEntity
  8
Modules
100
AcDbBlockReference
  2
fs_54641099_full
 10
22.87411725543418
 20
-76.55855737846639
 30
1.8561011592512138
1001
HelioScope
1040
1.134
1040
2.382
1000
portrait
  0
INSERT
  5
3BE
330
17
100
AcDbEntity
  8
Modules
100
AcDbBlockReference
  2
fs_54641099_full
 10
24.020827415434177
 20
-76.55855737846639
 30
1.8561011592512138
1001
HelioScope
1040
1.134
1040
2.382
1000
portrait
  0
INSERT
  5
3C0
330
17
100
AcDbEntity
  8
Modules
100
AcDbBlockReference
  2
fs_54641099_full
 10
25.167537575434174
 20
-76.55855737846639
 30
1.8561011592512138
1001
HelioScope
1040
1.134
1040
2.382
1000
portrait
  0
INSERT
  5
3C2
330
17
100
AcDbEntity
  8
Modules
100
AcDbBlockReference
  2
fs_54641099_full
 10
26.314247735434172
 20
-76.55855737846639
 30
1.8561011592512138
1001
HelioScope
1040
1.134
1040
2.382
1000
portrait
  0
INSERT
  5
3C4
330
17
100
AcDbEntity
  8
Modules
100
AcDbBlockReference
  2
fs_54641099_full
 10
27.46095789543417
 20
-76.55855737846639
 30
1.8561011592512138
1001
HelioScope
1040
1.134
1040
2.382
1000
portrait
  0
INSERT
  5
3C6
330
17
100
AcDbEntity
  8
Modules
100
AcDbBlockReference
  2
fs_54641099_full
 10
28.607668055434168
 20
-76.55855737846639
 30
1.8561011592512138
1001
HelioScope
1040
1.134
1040
2.382
1000
portrait
  0
INSERT
  5
3C8
330
17
100
AcDbEntity
  8
Modules
100
AcDbBlockReference
  2
fs_54641099_full
 10
29.75437821543418
 20
-76.55855737846639
 30
1.8561011592512138
1001
HelioScope
1040
1.134
1040
2.382
1000
portrait
  0
INSERT
  5
3CA
330
17
100
AcDbEntity
  8
Modules
100
AcDbBlockReference
  2
fs_54641099_full
 10
30.901088375434178
 20
-76.55855737846639
 30
1.8561011592512138
1001
HelioScope
1040
1.134
1040
2.382
1000
portrait
  0
INSERT
  5
3CC
330
17
100
AcDbEntity
  8
Modules
100
AcDbBlockReference
  2
fs_54641099_full
 10
32.047798535434175
 20
-76.55855737846639
 30
1.8561011592512138
1001
HelioScope
1040
1.134
1040
2.382
1000
portrait
  0
INSERT
  5
3CE
330
17
100
AcDbEntity
  8
Modules
100
AcDbBlockReference
  2
fs_54641099_full
 10
33.19450869543417
 20
-76.55855737846639
 30
1.8561011592512138
1001
HelioScope
1040
1.134
1040
2.382
1000
portrait
  0
INSERT
  5
3D0
330
17
100
AcDbEntity
  8
Modules
100
AcDbBlockReference
  2
fs_54641099_full
 10
34.341218855434164
 20
-76.55855737846639
 30
1.8561011592512138
1001
HelioScope
1040
1.134
1040
2.382
1000
portrait
  0
INSERT
  5
3D2
330
17
100
AcDbEntity
  8
Modules
100
AcDbBlockReference
  2
fs_54641099_full
 10
35.48792901543416
 20
-76.55855737846639
 30
1.8561011592512138
1001
HelioScope
1040
1.134
1040
2.382
1000
portrait
  0
INSERT
  5
3D4
330
17
100
AcDbEntity
  8
Modules
100
AcDbBlockReference
  2
fs_54641099_full
 10
36.63463917543416
 20
-76.55855737846639
 30
1.8561011592512138
1001
HelioScope
1040
1.134
1040
2.382
1000
portrait
  0
INSERT
  5
3D6
330
17
100
AcDbEntity
  8
Modules
100
AcDbBlockReference
  2
fs_54641099_full
 10
37.781349335434186
 20
-76.55855737846639
 30
1.8561011592512138
1001
HelioScope
1040
1.134
1040
2.382
1000
portrait
  0
INSERT
  5
3D8
330
17
100
AcDbEntity
  8
Modules
100
AcDbBlockReference
  2
fs_54641099_full
 10
38.928059495434184
 20
-76.55855737846639
 30
1.8561011592512138
1001
HelioScope
1040
1.134
1040
2.382
1000
portrait
  0
INSERT
  5
3DA
330
17
100
AcDbEntity
  8
Modules
100
AcDbBlockReference
  2
fs_54641099_full
 10
40.07476965543418
 20
-76.55855737846639
 30
1.8561011592512138
1001
HelioScope
1040
1.134
1040
2.382
1000
portrait
  0
INSERT
  5
3DC
330
17
100
AcDbEntity
  8
Modules
100
AcDbBlockReference
  2
fs_54641099_full
 10
41.22147981543418
 20
-76.55855737846639
 30
1.8561011592512138
1001
HelioScope
1040
1.134
1040
2.382
1000
portrait
  0
INSERT
  5
3DE
330
17
100
AcDbEntity
  8
Modules
100
AcDbBlockReference
  2
fs_54641099_full
 10
42.36818997543418
 20
-76.55855737846639
 30
1.8561011592512138
1001
HelioScope
1040
1.134
1040
2.382
1000
portrait
  0
INSERT
  5
3E0
330
17
100
AcDbEntity
  8
Modules
100
AcDbBlockReference
  2
fs_54641099_full
 10
43.514900135434175
 20
-76.55855737846639
 30
1.8561011592512138
1001
HelioScope
1040
1.134
1040
2.382
1000
portrait
  0
INSERT
  5
3E2
330
17
100
AcDbEntity
  8
Modules
100
AcDbBlockReference
  2
fs_54641099_full
 10
44.66161029543417
 20
-76.55855737846639
 30
1.8561011592512138
1001
HelioScope
1040
1.134
1040
2.382
1000
portrait
  0
INSERT
  5
3E4
330
17
100
AcDbEntity
  8
Modules
100
AcDbBlockReference
  2
fs_54641099_full
 10
45.80832045543417
 20
-76.55855737846639
 30
1.8561011592512138
1001
HelioScope
1040
1.134
1040
2.382
1000
portrait
  0
INSERT
  5
3E6
330
17
100
AcDbEntity
  8
Modules
100
AcDbBlockReference
  2
fs_54641099_full
 10
46.95503061543417
 20
-76.55855737846639
 30
1.8561011592512138
1001
HelioScope
1040
1.134
1040
2.382
1000
portrait
  0
INSERT
  5
3E8
330
17
100
AcDbEntity
  8
Modules
100
AcDbBlockReference
  2
fs_54641099_full
 10
48.101740775434166
 20
-76.55855737846639
 30
1.8561011592512138
1001
HelioScope
1040
1.134
1040
2.382
1000
portrait
  0
INSERT
  5
3EA
330
17
100
AcDbEntity
  8
Modules
100
AcDbBlockReference
  2
fs_54641099_full
 10
49.248450935434164
 20
-76.55855737846639
 30
1.8561011592512138
1001
HelioScope
1040
1.134
1040
2.382
1000
portrait
  0
INSERT
  5
3EC
330
17
100
AcDbEntity
  8
Modules
100
AcDbBlockReference
  2
fs_54641099_full
 10
50.39516109543416
 20
-76.55855737846639
 30
1.8561011592512138
1001
HelioScope
1040
1.134
1040
2.382
1000
portrait
  0
INSERT
  5
3EE
330
17
100
AcDbEntity
  8
Modules
100
AcDbBlockReference
  2
fs_54641099_full
 10
51.54187125543416
 20
-76.55855737846639
 30
1.8561011592512138
1001
HelioScope
1040
1.134
1040
2.382
1000
portrait
  0
INSERT
  5
3F0
330
17
100
AcDbEntity
  8
Modules
100
AcDbBlockReference
  2
fs_54641099_full
 10
52.68858141543416
 20
-76.55855737846639
 30
1.8561011592512138
1001
HelioScope
1040
1.134
1040
2.382
1000
portrait
  0
INSERT
  5
3F2
330
17
100
AcDbEntity
  8
Modules
100
AcDbBlockReference
  2
fs_54641099_full
 10
53.835291575434155
 20
-76.55855737846639
 30
1.8561011592512138
1001
HelioScope
1040
1.134
1040
2.382
1000
portrait
  0
INSERT
  5
3F4
330
17
100
AcDbEntity
  8
Modules
100
AcDbBlockReference
  2
fs_54641099_full
 10
54.98200173543418
 20
-76.55855737846639
 30
1.8561011592512138
1001
HelioScope
1040
1.134
1040
2.382
1000
portrait
  0
INSERT
  5
3F6
330
17
100
AcDbEntity
  8
Modules
100
AcDbBlockReference
  2
fs_54641099_full
 10
56.12871189543418
 20
-76.55855737846639
 30
1.8561011592512138
1001
HelioScope
1040
1.134
1040
2.382
1000
portrait
  0
INSERT
  5
3F8
330
17
100
AcDbEntity
  8
Modules
100
AcDbBlockReference
  2
fs_54641099_full
 10
57.27542205543418
 20
-76.55855737846639
 30
1.8561011592512138
1001
HelioScope
1040
1.134
1040
2.382
1000
portrait
  0
INSERT
  5
3FA
330
17
100
AcDbEntity
  8
Modules
100
AcDbBlockReference
  2
fs_54641099_full
 10
58.422132215434175
 20
-76.55855737846639
 30
1.8561011592512138
1001
HelioScope
1040
1.134
1040
2.382
1000
portrait
  0
INSERT
  5
3FC
330
17
100
AcDbEntity
  8
Modules
100
AcDbBlockReference
  2
fs_54641099_full
 10
59.56884237543417
 20
-76.55855737846639
 30
1.8561011592512138
1001
HelioScope
1040
1.134
1040
2.382
1000
portrait
  0
INSERT
  5
3FE
330
17
100
AcDbEntity
  8
Modules
100
AcDbBlockReference
  2
fs_54641099_full
 10
60.71555253543417
 20
-76.55855737846639
 30
1.8561011592512138
1001
HelioScope
1040
1.134
1040
2.382
1000
portrait
  0
INSERT
  5
400
330
17
100
AcDbEntity
  8
Modules
100
AcDbBlockReference
  2
fs_54641099_full
 10
61.86226269543417
 20
-76.55855737846639
 30
1.8561011592512138
1001
HelioScope
1040
1.134
1040
2.382
1000
portrait
  0
INSERT
  5
402
330
17
100
AcDbEntity
  8
Modules
100
AcDbBlockReference
  2
fs_54641099_full
 10
63.008972855434166
 20
-76.55855737846639
 30
1.8561011592512138
1001
HelioScope
1040
1.134
1040
2.382
1000
portrait
  0
INSERT
  5
404
330
17
100
AcDbEntity
  8
Modules
100
AcDbBlockReference
  2
fs_54641099_full
 10
64.15568301543416
 20
-76.55855737846639
 30
1.8561011592512138
1001
HelioScope
1040
1.134
1040
2.382
1000
portrait
  0
INSERT
  5
406
330
17
100
AcDbEntity
  8
Modules
100
AcDbBlockReference
  2
fs_54641099_full
 10
65.30239317543416
 20
-76.55855737846639
 30
1.8561011592512138
1001
HelioScope
1040
1.134
1040
2.382
1000
portrait
  0
INSERT
  5
408
330
17
100
AcDbEntity
  8
Modules
100
AcDbBlockReference
  2
fs_54641099_full
 10
66.44910333543416
 20
-76.55855737846639
 30
1.8561011592512138
1001
HelioScope
1040
1.134
1040
2.382
1000
portrait
  0
INSERT
  5
40A
330
17
100
AcDbEntity
  8
Modules
100
AcDbBlockReference
  2
fs_54641099_full
 10
67.59581349543416
 20
-76.55855737846639
 30
1.8561011592512138
1001
HelioScope
1040
1.134
1040
2.382
1000
portrait
  0
INSERT
  5
40C
330
17
100
AcDbEntity
  8
Modules
100
AcDbBlockReference
  2
fs_54641099_full
 10
68.74252365543416
 20
-76.55855737846639
 30
1.8561011592512138
1001
HelioScope
1040
1.134
1040
2.382
1000
portrait
  0
INSERT
  5
40E
330
17
100
AcDbEntity
  8
Modules
100
AcDbBlockReference
  2
fs_54641099_full
 10
69.88923381543415
 20
-76.55855737846639
 30
1.8561011592512138
1001
HelioScope
1040
1.134
1040
2.382
1000
portrait
  0
INSERT
  5
410
330
17
100
AcDbEntity
  8
Modules
100
AcDbBlockReference
  2
fs_54641099_full
 10
71.03594397543415
 20
-76.55855737846639
 30
1.8561011592512138
1001
HelioScope
1040
1.134
1040
2.382
1000
portrait
  0
INSERT
  5
412
330
17
100
AcDbEntity
  8
Modules
100
AcDbBlockReference
  2
fs_54641099_full
 10
72.18265413543415
 20
-76.55855737846639
 30
1.8561011592512138
1001
HelioScope
1040
1.134
1040
2.382
1000
portrait
  0
INSERT
  5
414
330
17
100
AcDbEntity
  8
Modules
100
AcDbBlockReference
  2
fs_54641099_full
 10
73.32936429543415
 20
-76.55855737846639
 30
1.8561011592512138
1001
HelioScope
1040
1.134
1040
2.382
1000
portrait
  0
INSERT
  5
416
330
17
100
AcDbEntity
  8
Modules
100
AcDbBlockReference
  2
fs_54641099_full
 10
74.47607445543417
 20
-76.55855737846639
 30
1.8561011592512138
1001
HelioScope
1040
1.134
1040
2.382
1000
portrait
  0
INSERT
  5
418
330
17
100
AcDbEntity
  8
Modules
100
AcDbBlockReference
  2
fs_54641099_full
 10
75.62278461543417
 20
-76.55855737846639
 30
1.8561011592512138
1001
HelioScope
1040
1.134
1040
2.382
1000
portrait
  0
INSERT
  5
41A
330
17
100
AcDbEntity
  8
Modules
100
AcDbBlockReference
  2
fs_54641099_full
 10
76.76949477543417
 20
-76.55855737846639
 30
1.8561011592512138
1001
HelioScope
1040
1.134
1040
2.382
1000
portrait
  0
INSERT
  5
41C
330
17
100
AcDbEntity
  8
Modules
100
AcDbBlockReference
  2
fs_54641099_full
 10
77.91620493543417
 20
-76.55855737846639
 30
1.8561011592512138
1001
HelioScope
1040
1.134
1040
2.382
1000
portrait
  0
INSERT
  5
41E
330
17
100
AcDbEntity
  8
Modules
100
AcDbBlockReference
  2
fs_54641099_full
 10
79.06291509543416
 20
-76.55855737846639
 30
1.8561011592512138
1001
HelioScope
1040
1.134
1040
2.382
1000
portrait
  0
INSERT
  5
420
330
17
100
AcDbEntity
  8
Modules
100
AcDbBlockReference
  2
fs_54641099_full
 10
80.20962525543416
 20
-76.55855737846639
 30
1.8561011592512138
1001
HelioScope
1040
1.134
1040
2.382
1000
portrait
  0
INSERT
  5
422
330
17
100
AcDbEntity
  8
Modules
100
AcDbBlockReference
  2
fs_54641099_full
 10
81.35633541543416
 20
-76.55855737846639
 30
1.8561011592512138
1001
HelioScope
1040
1.134
1040
2.382
1000
portrait
  0
INSERT
  5
424
330
17
100
AcDbEntity
  8
Modules
100
AcDbBlockReference
  2
fs_54641099_full
 10
82.50304557543416
 20
-76.55855737846639
 30
1.8561011592512138
1001
HelioScope
1040
1.134
1040
2.382
1000
portrait
  0
INSERT
  5
426
330
17
100
AcDbEntity
  8
Modules
100
AcDbBlockReference
  2
fs_54641099_full
 10
83.64975573543416
 20
-76.55855737846639
 30
1.8561011592512138
1001
HelioScope
1040
1.134
1040
2.382
1000
portrait
  0
INSERT
  5
428
330
17
100
AcDbEntity
  8
Modules
100
AcDbBlockReference
  2
fs_54641099_full
 10
84.79646589543415
 20
-76.55855737846639
 30
1.8561011592512138
1001
HelioScope
1040
1.134
1040
2.382
1000
portrait
  0
INSERT
  5
42A
330
17
100
AcDbEntity
  8
Modules
100
AcDbBlockReference
  2
fs_54641099_full
 10
85.94317605543415
 20
-76.55855737846639
 30
1.8561011592512138
1001
HelioScope
1040
1.134
1040
2.382
1000
portrait
  0
INSERT
  5
42C
330
17
100
AcDbEntity
  8
Modules
100
AcDbBlockReference
  2
fs_54641099_full
 10
-50.515332984565816
 20
-87.4856174767286
 30
1.8561011592512138
1001
HelioScope
1040
1.134
1040
2.382
1000
portrait
  0
INSERT
  5
42E
330
17
100
AcDbEntity
  8
Modules
100
AcDbBlockReference
  2
fs_54641099_full
 10
-51.662043144565814
 20
-87.4856174767286
 30
1.8561011592512138
1001
HelioScope
1040
1.134
1040
2.382
1000
portrait
  0
INSERT
  5
430
330
17
100
AcDbEntity
  8
Modules
100
AcDbBlockReference
  2
fs_54641099_full
 10
-52.80875330456581
 20
-87.4856174767286
 30
1.8561011592512138
1001
HelioScope
1040
1.134
1040
2.382
1000
portrait
  0
INSERT
  5
432
330
17
100
AcDbEntity
  8
Modules
100
AcDbBlockReference
  2
fs_54641099_full
 10
-53.95546346456581
 20
-87.4856174767286
 30
1.8561011592512138
1001
HelioScope
1040
1.134
1040
2.382
1000
portrait
  0
INSERT
  5
434
330
17
100
AcDbEntity
  8
Modules
100
AcDbBlockReference
  2
fs_54641099_full
 10
-55.10217362456581
 20
-87.4856174767286
 30
1.8561011592512138
1001
HelioScope
1040
1.134
1040
2.382
1000
portrait
  0
INSERT
  5
436
330
17
100
AcDbEntity
  8
Modules
100
AcDbBlockReference
  2
fs_54641099_full
 10
-56.24888378456581
 20
-87.4856174767286
 30
1.8561011592512138
1001
HelioScope
1040
1.134
1040
2.382
1000
portrait
  0
INSERT
  5
438
330
17
100
AcDbEntity
  8
Modules
100
AcDbBlockReference
  2
fs_54641099_full
 10
-49.36862282456581
 20
-87.4856174767286
 30
1.8561011592512138
1001
HelioScope
1040
1.134
1040
2.382
1000
portrait
  0
INSERT
  5
43A
330
17
100
AcDbEntity
  8
Modules
100
AcDbBlockReference
  2
fs_54641099_full
 10
-48.221912664565814
 20
-87.4856174767286
 30
1.8561011592512138
1001
HelioScope
1040
1.134
1040
2.382
1000
portrait
  0
INSERT
  5
43C
330
17
100
AcDbEntity
  8
Modules
100
AcDbBlockReference
  2
fs_54641099_full
 10
-47.075202504565816
 20
-87.4856174767286
 30
1.8561011592512138
1001
HelioScope
1040
1.134
1040
2.382
1000
portrait
  0
INSERT
  5
43E
330
17
100
AcDbEntity
  8
Modules
100
AcDbBlockReference
  2
fs_54641099_full
 10
-45.92849234456581
 20
-87.4856174767286
 30
1.8561011592512138
1001
HelioScope
1040
1.134
1040
2.382
1000
portrait
  0
INSERT
  5
440
330
17
100
AcDbEntity
  8
Modules
100
AcDbBlockReference
  2
fs_54641099_full
 10
-44.78178218456581
 20
-87.4856174767286
 30
1.8561011592512138
1001
HelioScope
1040
1.134
1040
2.382
1000
portrait
  0
INSERT
  5
442
330
17
100
AcDbEntity
  8
Modules
100
AcDbBlockReference
  2
fs_54641099_full
 10
-43.635072024565815
 20
-87.4856174767286
 30
1.8561011592512138
1001
HelioScope
1040
1.134
1040
2.382
1000
portrait
  0
INSERT
  5
444
330
17
100
AcDbEntity
  8
Modules
100
AcDbBlockReference
  2
fs_54641099_full
 10
-42.48836186456582
 20
-87.4856174767286
 30
1.8561011592512138
1001
HelioScope
1040
1.134
1040
2.382
1000
portrait
  0
INSERT
  5
446
330
17
100
AcDbEntity
  8
Modules
100
AcDbBlockReference
  2
fs_54641099_full
 10
-41.34165170456581
 20
-87.4856174767286
 30
1.8561011592512138
1001
HelioScope
1040
1.134
1040
2.382
1000
portrait
  0
INSERT
  5
448
330
17
100
AcDbEntity
  8
Modules
100
AcDbBlockReference
  2
fs_54641099_full
 10
-40.194941544565815
 20
-87.4856174767286
 30
1.8561011592512138
1001
HelioScope
1040
1.134
1040
2.382
1000
portrait
  0
INSERT
  5
44A
330
17
100
AcDbEntity
  8
Modules
100
AcDbBlockReference
  2
fs_54641099_full
 10
-39.04823138456582
 20
-87.4856174767286
 30
1.8561011592512138
1001
HelioScope
1040
1.134
1040
2.382
1000
portrait
  0
INSERT
  5
44C
330
17
100
AcDbEntity
  8
Modules
100
AcDbBlockReference
  2
fs_54641099_full
 10
-37.90152122456581
 20
-87.4856174767286
 30
1.8561011592512138
1001
HelioScope
1040
1.134
1040
2.382
1000
portrait
  0
INSERT
  5
44E
330
17
100
AcDbEntity
  8
Modules
100
AcDbBlockReference
  2
fs_54641099_full
 10
-36.754811064565814
 20
-87.4856174767286
 30
1.8561011592512138
1001
HelioScope
1040
1.134
1040
2.382
1000
portrait
  0
INSERT
  5
450
330
17
100
AcDbEntity
  8
Modules
100
AcDbBlockReference
  2
fs_54641099_full
 10
-35.608100904565816
 20
-87.4856174767286
 30
1.8561011592512138
1001
HelioScope
1040
1.134
1040
2.382
1000
portrait
  0
INSERT
  5
452
330
17
100
AcDbEntity
  8
Modules
100
AcDbBlockReference
  2
fs_54641099_full
 10
-34.46139074456582
 20
-87.4856174767286
 30
1.8561011592512138
1001
HelioScope
1040
1.134
1040
2.382
1000
portrait
  0
INSERT
  5
454
330
17
100
AcDbEntity
  8
Modules
100
AcDbBlockReference
  2
fs_54641099_full
 10
-33.31468058456582
 20
-87.4856174767286
 30
1.8561011592512138
1001
HelioScope
1040
1.134
1040
2.382
1000
portrait
  0
INSERT
  5
456
330
17
100
AcDbEntity
  8
Modules
100
AcDbBlockReference
  2
fs_54641099_full
 10
-32.167970424565816
 20
-87.4856174767286
 30
1.8561011592512138
1001
HelioScope
1040
1.134
1040
2.382
1000
portrait
  0
INSERT
  5
458
330
17
100
AcDbEntity
  8
Modules
100
AcDbBlockReference
  2
fs_54641099_full
 10
-31.021260264565818
 20
-87.4856174767286
 30
1.8561011592512138
1001
HelioScope
1040
1.134
1040
2.382
1000
portrait
  0
INSERT
  5
45A
330
17
100
AcDbEntity
  8
Modules
100
AcDbBlockReference
  2
fs_54641099_full
 10
-29.874550104565817
 20
-87.4856174767286
 30
1.8561011592512138
1001
HelioScope
1040
1.134
1040
2.382
1000
portrait
  0
INSERT
  5
45C
330
17
100
AcDbEntity
  8
Modules
100
AcDbBlockReference
  2
fs_54641099_full
 10
-28.727839944565815
 20
-87.4856174767286
 30
1.8561011592512138
1001
HelioScope
1040
1.134
1040
2.382
1000
portrait
  0
INSERT
  5
45E
330
17
100
AcDbEntity
  8
Modules
100
AcDbBlockReference
  2
fs_54641099_full
 10
-27.581129784565817
 20
-87.4856174767286
 30
1.8561011592512138
1001
HelioScope
1040
1.134
1040
2.382
1000
portrait
  0
INSERT
  5
460
330
17
100
AcDbEntity
  8
Modules
100
AcDbBlockReference
  2
fs_54641099_full
 10
-26.434419624565816
 20
-87.4856174767286
 30
1.8561011592512138
1001
HelioScope
1040
1.134
1040
2.382
1000
portrait
  0
INSERT
  5
462
330
17
100
AcDbEntity
  8
Modules
100
AcDbBlockReference
  2
fs_54641099_full
 10
-25.28770946456582
 20
-87.4856174767286
 30
1.8561011592512138
1001
HelioScope
1040
1.134
1040
2.382
1000
portrait
  0
INSERT
  5
464
330
17
100
AcDbEntity
  8
Modules
100
AcDbBlockReference
  2
fs_54641099_full
 10
-24.140999304565817
 20
-87.4856174767286
 30
1.8561011592512138
1001
HelioScope
1040
1.134
1040
2.382
1000
portrait
  0
INSERT
  5
466
330
17
100
AcDbEntity
  8
Modules
100
AcDbBlockReference
  2
fs_54641099_full
 10
-22.99428914456582
 20
-87.4856174767286
 30
1.8561011592512138
1001
HelioScope
1040
1.134
1040
2.382
1000
portrait
  0
INSERT
  5
468
330
17
100
AcDbEntity
  8
Modules
100
AcDbBlockReference
  2
fs_54641099_full
 10
-21.84757898456582
 20
-87.4856174767286
 30
1.8561011592512138
1001
HelioScope
1040
1.134
1040
2.382
1000
portrait
  0
INSERT
  5
46A
330
17
100
AcDbEntity
  8
Modules
100
AcDbBlockReference
  2
fs_54641099_full
 10
-20.700868824565816
 20
-87.4856174767286
 30
1.8561011592512138
1001
HelioScope
1040
1.134
1040
2.382
1000
portrait
  0
INSERT
  5
46C
330
17
100
AcDbEntity
  8
Modules
100
AcDbBlockReference
  2
fs_54641099_full
 10
-19.55415866456582
 20
-87.4856174767286
 30
1.8561011592512138
1001
HelioScope
1040
1.134
1040
2.382
1000
portrait
  0
INSERT
  5
46E
330
17
100
AcDbEntity
  8
Modules
100
AcDbBlockReference
  2
fs_54641099_full
 10
-18.40744850456582
 20
-87.4856174767286
 30
1.8561011592512138
1001
HelioScope
1040
1.134
1040
2.382
1000
portrait
  0
INSERT
  5
470
330
17
100
AcDbEntity
  8
Modules
100
AcDbBlockReference
  2
fs_54641099_full
 10
-17.260738344565816
 20
-87.4856174767286
 30
1.8561011592512138
1001
HelioScope
1040
1.134
1040
2.382
1000
portrait
  0
INSERT
  5
472
330
17
100
AcDbEntity
  8
Modules
100
AcDbBlockReference
  2
fs_54641099_full
 10
-16.114028184565818
 20
-87.4856174767286
 30
1.8561011592512138
1001
HelioScope
1040
1.134
1040
2.382
1000
portrait
  0
INSERT
  5
474
330
17
100
AcDbEntity
  8
Modules
100
AcDbBlockReference
  2
fs_54641099_full
 10
-14.96731802456582
 20
-87.4856174767286
 30
1.8561011592512138
1001
HelioScope
1040
1.134
1040
2.382
1000
portrait
  0
INSERT
  5
476
330
17
100
AcDbEntity
  8
Modules
100
AcDbBlockReference
  2
fs_54641099_full
 10
-13.820607864565822
 20
-87.4856174767286
 30
1.8561011592512138
1001
HelioScope
1040
1.134
1040
2.382
1000
portrait
  0
INSERT
  5
478
330
17
100
AcDbEntity
  8
Modules
100
AcDbBlockReference
  2
fs_54641099_full
 10
-12.673897704565817
 20
-87.4856174767286
 30
1.8561011592512138
1001
HelioScope
1040
1.134
1040
2.382
1000
portrait
  0
INSERT
  5
47A
330
17
100
AcDbEntity
  8
Modules
100
AcDbBlockReference
  2
fs_54641099_full
 10
-11.52718754456582
 20
-87.4856174767286
 30
1.8561011592512138
1001
HelioScope
1040
1.134
1040
2.382
1000
portrait
  0
INSERT
  5
47C
330
17
100
AcDbEntity
  8
Modules
100
AcDbBlockReference
  2
fs_54641099_full
 10
-10.380477384565822
 20
-87.4856174767286
 30
1.8561011592512138
1001
HelioScope
1040
1.134
1040
2.382
1000
portrait
  0
INSERT
  5
47E
330
17
100
AcDbEntity
  8
Modules
100
AcDbBlockReference
  2
fs_54641099_full
 10
-9.233767224565817
 20
-87.4856174767286
 30
1.8561011592512138
1001
HelioScope
1040
1.134
1040
2.382
1000
portrait
  0
INSERT
  5
480
330
17
100
AcDbEntity
  8
Modules
100
AcDbBlockReference
  2
fs_54641099_full
 10
-8.087057064565819
 20
-87.4856174767286
 30
1.8561011592512138
1001
HelioScope
1040
1.134
1040
2.382
1000
portrait
  0
INSERT
  5
482
330
17
100
AcDbEntity
  8
Modules
100
AcDbBlockReference
  2
fs_54641099_full
 10
-6.940346904565821
 20
-87.4856174767286
 30
1.8561011592512138
1001
HelioScope
1040
1.134
1040
2.382
1000
portrait
  0
INSERT
  5
484
330
17
100
AcDbEntity
  8
Modules
100
AcDbBlockReference
  2
fs_54641099_full
 10
-5.7936367445658234
 20
-87.4856174767286
 30
1.8561011592512138
1001
HelioScope
1040
1.134
1040
2.382
1000
portrait
  0
INSERT
  5
486
330
17
100
AcDbEntity
  8
Modules
100
AcDbBlockReference
  2
fs_54641099_full
 10
-4.6469265845658185
 20
-87.4856174767286
 30
1.8561011592512138
1001
HelioScope
1040
1.134
1040
2.382
1000
portrait
  0
INSERT
  5
488
330
17
100
AcDbEntity
  8
Modules
100
AcDbBlockReference
  2
fs_54641099_full
 10
-3.5002164245658207
 20
-87.4856174767286
 30
1.8561011592512138
1001
HelioScope
1040
1.134
1040
2.382
1000
portrait
  0
INSERT
  5
48A
330
17
100
AcDbEntity
  8
Modules
100
AcDbBlockReference
  2
fs_54641099_full
 10
-2.353506264565823
 20
-87.4856174767286
 30
1.8561011592512138
1001
HelioScope
1040
1.134
1040
2.382
1000
portrait
  0
INSERT
  5
48C
330
17
100
AcDbEntity
  8
Modules
100
AcDbBlockReference
  2
fs_54641099_full
 10
-1.206796104565818
 20
-87.4856174767286
 30
1.8561011592512138
1001
HelioScope
1040
1.134
1040
2.382
1000
portrait
  0
INSERT
  5
48E
330
17
100
AcDbEntity
  8
Modules
100
AcDbBlockReference
  2
fs_54641099_full
 10
-0.06008594456582017
 20
-87.4856174767286
 30
1.8561011592512138
1001
HelioScope
1040
1.134
1040
2.382
1000
portrait
  0
INSERT
  5
490
330
17
100
AcDbEntity
  8
Modules
100
AcDbBlockReference
  2
fs_54641099_full
 10
1.0866242154341776
 20
-87.4856174767286
 30
1.8561011592512138
1001
HelioScope
1040
1.134
1040
2.382
1000
portrait
  0
INSERT
  5
492
330
17
100
AcDbEntity
  8
Modules
100
AcDbBlockReference
  2
fs_54641099_full
 10
2.2333343754341755
 20
-87.4856174767286
 30
1.8561011592512138
1001
HelioScope
1040
1.134
1040
2.382
1000
portrait
  0
INSERT
  5
494
330
17
100
AcDbEntity
  8
Modules
100
AcDbBlockReference
  2
fs_54641099_full
 10
3.3800445354341804
 20
-87.4856174767286
 30
1.8561011592512138
1001
HelioScope
1040
1.134
1040
2.382
1000
portrait
  0
INSERT
  5
496
330
17
100
AcDbEntity
  8
Modules
100
AcDbBlockReference
  2
fs_54641099_full
 10
4.526754695434178
 20
-87.4856174767286
 30
1.8561011592512138
1001
HelioScope
1040
1.134
1040
2.382
1000
portrait
  0
INSERT
  5
498
330
17
100
AcDbEntity
  8
Modules
100
AcDbBlockReference
  2
fs_54641099_full
 10
5.673464855434176
 20
-87.4856174767286
 30
1.8561011592512138
1001
HelioScope
1040
1.134
1040
2.382
1000
portrait
  0
INSERT
  5
49A
330
17
100
AcDbEntity
  8
Modules
100
AcDbBlockReference
  2
fs_54641099_full
 10
6.820175015434174
 20
-87.4856174767286
 30
1.8561011592512138
1001
HelioScope
1040
1.134
1040
2.382
1000
portrait
  0
INSERT
  5
49C
330
17
100
AcDbEntity
  8
Modules
100
AcDbBlockReference
  2
fs_54641099_full
 10
7.966885175434179
 20
-87.4856174767286
 30
1.8561011592512138
1001
HelioScope
1040
1.134
1040
2.382
1000
portrait
  0
INSERT
  5
49E
330
17
100
AcDbEntity
  8
Modules
100
AcDbBlockReference
  2
fs_54641099_full
 10
9.113595335434177
 20
-87.4856174767286
 30
1.8561011592512138
1001
HelioScope
1040
1.134
1040
2.382
1000
portrait
  0
INSERT
  5
4A0
330
17
100
AcDbEntity
  8
Modules
100
AcDbBlockReference
  2
fs_54641099_full
 10
10.260305495434174
 20
-87.4856174767286
 30
1.8561011592512138
1001
HelioScope
1040
1.134
1040
2.382
1000
portrait
  0
INSERT
  5
4A2
330
17
100
AcDbEntity
  8
Modules
100
AcDbBlockReference
  2
fs_54641099_full
 10
11.407015655434172
 20
-87.4856174767286
 30
1.8561011592512138
1001
HelioScope
1040
1.134
1040
2.382
1000
portrait
  0
INSERT
  5
4A4
330
17
100
AcDbEntity
  8
Modules
100
AcDbBlockReference
  2
fs_54641099_full
 10
12.55372581543417
 20
-87.4856174767286
 30
1.8561011592512138
1001
HelioScope
1040
1.134
1040
2.382
1000
portrait
  0
INSERT
  5
4A6
330
17
100
AcDbEntity
  8
Modules
100
AcDbBlockReference
  2
fs_54641099_full
 10
13.700435975434182
 20
-87.4856174767286
 30
1.8561011592512138
1001
HelioScope
1040
1.134
1040
2.382
1000
portrait
  0
INSERT
  5
4A8
330
17
100
AcDbEntity
  8
Modules
100
AcDbBlockReference
  2
fs_54641099_full
 10
14.84714613543418
 20
-87.4856174767286
 30
1.8561011592512138
1001
HelioScope
1040
1.134
1040
2.382
1000
portrait
  0
INSERT
  5
4AA
330
17
100
AcDbEntity
  8
Modules
100
AcDbBlockReference
  2
fs_54641099_full
 10
15.993856295434178
 20
-87.4856174767286
 30
1.8561011592512138
1001
HelioScope
1040
1.134
1040
2.382
1000
portrait
  0
INSERT
  5
4AC
330
17
100
AcDbEntity
  8
Modules
100
AcDbBlockReference
  2
fs_54641099_full
 10
17.140566455434175
 20
-87.4856174767286
 30
1.8561011592512138
1001
HelioScope
1040
1.134
1040
2.382
1000
portrait
  0
INSERT
  5
4AE
330
17
100
AcDbEntity
  8
Modules
100
AcDbBlockReference
  2
fs_54641099_full
 10
18.287276615434173
 20
-87.4856174767286
 30
1.8561011592512138
1001
HelioScope
1040
1.134
1040
2.382
1000
portrait
  0
INSERT
  5
4B0
330
17
100
AcDbEntity
  8
Modules
100
AcDbBlockReference
  2
fs_54641099_full
 10
19.43398677543417
 20
-87.4856174767286
 30
1.8561011592512138
1001
HelioScope
1040
1.134
1040
2.382
1000
portrait
  0
INSERT
  5
4B2
330
17
100
AcDbEntity
  8
Modules
100
AcDbBlockReference
  2
fs_54641099_full
 10
20.58069693543417
 20
-87.4856174767286
 30
1.8561011592512138
1001
HelioScope
1040
1.134
1040
2.382
1000
portrait
  0
INSERT
  5
4B4
330
17
100
AcDbEntity
  8
Modules
100
AcDbBlockReference
  2
fs_54641099_full
 10
21.72740709543418
 20
-87.4856174767286
 30
1.8561011592512138
1001
HelioScope
1040
1.134
1040
2.382
1000
portrait
  0
INSERT
  5
4B6
330
17
100
AcDbEntity
  8
Modules
100
AcDbBlockReference
  2
fs_54641099_full
 10
22.87411725543418
 20
-87.4856174767286
 30
1.8561011592512138
1001
HelioScope
1040
1.134
1040
2.382
1000
portrait
  0
INSERT
  5
4B8
330
17
100
AcDbEntity
  8
Modules
100
AcDbBlockReference
  2
fs_54641099_full
 10
24.020827415434177
 20
-87.4856174767286
 30
1.8561011592512138
1001
HelioScope
1040
1.134
1040
2.382
1000
portrait
  0
INSERT
  5
4BA
330
17
100
AcDbEntity
  8
Modules
100
AcDbBlockReference
  2
fs_54641099_full
 10
25.167537575434174
 20
-87.4856174767286
 30
1.8561011592512138
1001
HelioScope
1040
1.134
1040
2.382
1000
portrait
  0
INSERT
  5
4BC
330
17
100
AcDbEntity
  8
Modules
100
AcDbBlockReference
  2
fs_54641099_full
 10
26.314247735434172
 20
-87.4856174767286
 30
1.8561011592512138
1001
HelioScope
1040
1.134
1040
2.382
1000
portrait
  0
INSERT
  5
4BE
330
17
100
AcDbEntity
  8
Modules
100
AcDbBlockReference
  2
fs_54641099_full
 10
27.46095789543417
 20
-87.4856174767286
 30
1.8561011592512138
1001
HelioScope
1040
1.134
1040
2.382
1000
portrait
  0
INSERT
  5
4C0
330
17
100
AcDbEntity
  8
Modules
100
AcDbBlockReference
  2
fs_54641099_full
 10
28.607668055434168
 20
-87.4856174767286
 30
1.8561011592512138
1001
HelioScope
1040
1.134
1040
2.382
1000
portrait
  0
INSERT
  5
4C2
330
17
100
AcDbEntity
  8
Modules
100
AcDbBlockReference
  2
fs_54641099_full
 10
29.75437821543418
 20
-87.4856174767286
 30
1.8561011592512138
1001
HelioScope
1040
1.134
1040
2.382
1000
portrait
  0
INSERT
  5
4C4
330
17
100
AcDbEntity
  8
Modules
100
AcDbBlockReference
  2
fs_54641099_full
 10
30.901088375434178
 20
-87.4856174767286
 30
1.8561011592512138
1001
HelioScope
1040
1.134
1040
2.382
1000
portrait
  0
INSERT
  5
4C6
330
17
100
AcDbEntity
  8
Modules
100
AcDbBlockReference
  2
fs_54641099_full
 10
32.047798535434175
 20
-87.4856174767286
 30
1.8561011592512138
1001
HelioScope
1040
1.134
1040
2.382
1000
portrait
  0
INSERT
  5
4C8
330
17
100
AcDbEntity
  8
Modules
100
AcDbBlockReference
  2
fs_54641099_full
 10
33.19450869543417
 20
-87.4856174767286
 30
1.8561011592512138
1001
HelioScope
1040
1.134
1040
2.382
1000
portrait
  0
INSERT
  5
4CA
330
17
100
AcDbEntity
  8
Modules
100
AcDbBlockReference
  2
fs_54641099_full
 10
34.341218855434164
 20
-87.4856174767286
 30
1.8561011592512138
1001
HelioScope
1040
1.134
1040
2.382
1000
portrait
  0
INSERT
  5
4CC
330
17
100
AcDbEntity
  8
Modules
100
AcDbBlockReference
  2
fs_54641099_full
 10
35.48792901543416
 20
-87.4856174767286
 30
1.8561011592512138
1001
HelioScope
1040
1.134
1040
2.382
1000
portrait
  0
INSERT
  5
4CE
330
17
100
AcDbEntity
  8
Modules
100
AcDbBlockReference
  2
fs_54641099_full
 10
36.63463917543416
 20
-87.4856174767286
 30
1.8561011592512138
1001
HelioScope
1040
1.134
1040
2.382
1000
portrait
  0
INSERT
  5
4D0
330
17
100
AcDbEntity
  8
Modules
100
AcDbBlockReference
  2
fs_54641099_full
 10
37.781349335434186
 20
-87.4856174767286
 30
1.8561011592512138
1001
HelioScope
1040
1.134
1040
2.382
1000
portrait
  0
INSERT
  5
4D2
330
17
100
AcDbEntity
  8
Modules
100
AcDbBlockReference
  2
fs_54641099_full
 10
38.928059495434184
 20
-87.4856174767286
 30
1.8561011592512138
1001
HelioScope
1040
1.134
1040
2.382
1000
portrait
  0
INSERT
  5
4D4
330
17
100
AcDbEntity
  8
Modules
100
AcDbBlockReference
  2
fs_54641099_full
 10
40.07476965543418
 20
-87.4856174767286
 30
1.8561011592512138
1001
HelioScope
1040
1.134
1040
2.382
1000
portrait
  0
INSERT
  5
4D6
330
17
100
AcDbEntity
  8
Modules
100
AcDbBlockReference
  2
fs_54641099_full
 10
41.22147981543418
 20
-87.4856174767286
 30
1.8561011592512138
1001
HelioScope
1040
1.134
1040
2.382
1000
portrait
  0
INSERT
  5
4D8
330
17
100
AcDbEntity
  8
Modules
100
AcDbBlockReference
  2
fs_54641099_full
 10
42.36818997543418
 20
-87.4856174767286
 30
1.8561011592512138
1001
HelioScope
1040
1.134
1040
2.382
1000
portrait
  0
INSERT
  5
4DA
330
17
100
AcDbEntity
  8
Modules
100
AcDbBlockReference
  2
fs_54641099_full
 10
43.514900135434175
 20
-87.4856174767286
 30
1.8561011592512138
1001
HelioScope
1040
1.134
1040
2.382
1000
portrait
  0
INSERT
  5
4DC
330
17
100
AcDbEntity
  8
Modules
100
AcDbBlockReference
  2
fs_54641099_full
 10
44.66161029543417
 20
-87.4856174767286
 30
1.8561011592512138
1001
HelioScope
1040
1.134
1040
2.382
1000
portrait
  0
INSERT
  5
4DE
330
17
100
AcDbEntity
  8
Modules
100
AcDbBlockReference
  2
fs_54641099_full
 10
45.80832045543417
 20
-87.4856174767286
 30
1.8561011592512138
1001
HelioScope
1040
1.134
1040
2.382
1000
portrait
  0
INSERT
  5
4E0
330
17
100
AcDbEntity
  8
Modules
100
AcDbBlockReference
  2
fs_54641099_full
 10
46.95503061543417
 20
-87.4856174767286
 30
1.8561011592512138
1001
HelioScope
1040
1.134
1040
2.382
1000
portrait
  0
INSERT
  5
4E2
330
17
100
AcDbEntity
  8
Modules
100
AcDbBlockReference
  2
fs_54641099_full
 10
48.101740775434166
 20
-87.4856174767286
 30
1.8561011592512138
1001
HelioScope
1040
1.134
1040
2.382
1000
portrait
  0
INSERT
  5
4E4
330
17
100
AcDbEntity
  8
Modules
100
AcDbBlockReference
  2
fs_54641099_full
 10
49.248450935434164
 20
-87.4856174767286
 30
1.8561011592512138
1001
HelioScope
1040
1.134
1040
2.382
1000
portrait
  0
INSERT
  5
4E6
330
17
100
AcDbEntity
  8
Modules
100
AcDbBlockReference
  2
fs_54641099_full
 10
50.39516109543416
 20
-87.4856174767286
 30
1.8561011592512138
1001
HelioScope
1040
1.134
1040
2.382
1000
portrait
  0
INSERT
  5
4E8
330
17
100
AcDbEntity
  8
Modules
100
AcDbBlockReference
  2
fs_54641099_full
 10
51.54187125543416
 20
-87.4856174767286
 30
1.8561011592512138
1001
HelioScope
1040
1.134
1040
2.382
1000
portrait
  0
INSERT
  5
4EA
330
17
100
AcDbEntity
  8
Modules
100
AcDbBlockReference
  2
fs_54641099_full
 10
52.68858141543416
 20
-87.4856174767286
 30
1.8561011592512138
1001
HelioScope
1040
1.134
1040
2.382
1000
portrait
  0
INSERT
  5
4EC
330
17
100
AcDbEntity
  8
Modules
100
AcDbBlockReference
  2
fs_54641099_full
 10
53.835291575434184
 20
-87.4856174767286
 30
1.8561011592512138
1001
HelioScope
1040
1.134
1040
2.382
1000
portrait
  0
INSERT
  5
4EE
330
17
100
AcDbEntity
  8
Modules
100
AcDbBlockReference
  2
fs_54641099_full
 10
54.98200173543418
 20
-87.4856174767286
 30
1.8561011592512138
1001
HelioScope
1040
1.134
1040
2.382
1000
portrait
  0
INSERT
  5
4F0
330
17
100
AcDbEntity
  8
Modules
100
AcDbBlockReference
  2
fs_54641099_full
 10
56.12871189543418
 20
-87.4856174767286
 30
1.8561011592512138
1001
HelioScope
1040
1.134
1040
2.382
1000
portrait
  0
INSERT
  5
4F2
330
17
100
AcDbEntity
  8
Modules
100
AcDbBlockReference
  2
fs_54641099_full
 10
57.27542205543418
 20
-87.4856174767286
 30
1.8561011592512138
1001
HelioScope
1040
1.134
1040
2.382
1000
portrait
  0
INSERT
  5
4F4
330
17
100
AcDbEntity
  8
Modules
100
AcDbBlockReference
  2
fs_54641099_full
 10
58.422132215434175
 20
-87.4856174767286
 30
1.8561011592512138
1001
HelioScope
1040
1.134
1040
2.382
1000
portrait
  0
INSERT
  5
4F6
330
17
100
AcDbEntity
  8
Modules
100
AcDbBlockReference
  2
fs_54641099_full
 10
59.56884237543417
 20
-87.4856174767286
 30
1.8561011592512138
1001
HelioScope
1040
1.134
1040
2.382
1000
portrait
  0
INSERT
  5
4F8
330
17
100
AcDbEntity
  8
Modules
100
AcDbBlockReference
  2
fs_54641099_full
 10
60.71555253543417
 20
-87.4856174767286
 30
1.8561011592512138
1001
HelioScope
1040
1.134
1040
2.382
1000
portrait
  0
INSERT
  5
4FA
330
17
100
AcDbEntity
  8
Modules
100
AcDbBlockReference
  2
fs_54641099_full
 10
61.86226269543417
 20
-87.4856174767286
 30
1.8561011592512138
1001
HelioScope
1040
1.134
1040
2.382
1000
portrait
  0
INSERT
  5
4FC
330
17
100
AcDbEntity
  8
Modules
100
AcDbBlockReference
  2
fs_54641099_full
 10
63.008972855434166
 20
-87.4856174767286
 30
1.8561011592512138
1001
HelioScope
1040
1.134
1040
2.382
1000
portrait
  0
INSERT
  5
4FE
330
17
100
AcDbEntity
  8
Modules
100
AcDbBlockReference
  2
fs_54641099_full
 10
64.15568301543416
 20
-87.4856174767286
 30
1.8561011592512138
1001
HelioScope
1040
1.134
1040
2.382
1000
portrait
  0
INSERT
  5
500
330
17
100
AcDbEntity
  8
Modules
100
AcDbBlockReference
  2
fs_54641099_full
 10
65.30239317543416
 20
-87.4856174767286
 30
1.8561011592512138
1001
HelioScope
1040
1.134
1040
2.382
1000
portrait
  0
INSERT
  5
502
330
17
100
AcDbEntity
  8
Modules
100
AcDbBlockReference
  2
fs_54641099_full
 10
66.44910333543416
 20
-87.4856174767286
 30
1.8561011592512138
1001
HelioScope
1040
1.134
1040
2.382
1000
portrait
  0
INSERT
  5
504
330
17
100
AcDbEntity
  8
Modules
100
AcDbBlockReference
  2
fs_54641099_full
 10
67.59581349543416
 20
-87.4856174767286
 30
1.8561011592512138
1001
HelioScope
1040
1.134
1040
2.382
1000
portrait
  0
INSERT
  5
506
330
17
100
AcDbEntity
  8
Modules
100
AcDbBlockReference
  2
fs_54641099_full
 10
68.74252365543416
 20
-87.4856174767286
 30
1.8561011592512138
1001
HelioScope
1040
1.134
1040
2.382
1000
portrait
  0
INSERT
  5
508
330
17
100
AcDbEntity
  8
Modules
100
AcDbBlockReference
  2
fs_54641099_full
 10
69.88923381543415
 20
-87.4856174767286
 30
1.8561011592512138
1001
HelioScope
1040
1.134
1040
2.382
1000
portrait
  0
INSERT
  5
50A
330
17
100
AcDbEntity
  8
Modules
100
AcDbBlockReference
  2
fs_54641099_full
 10
71.03594397543418
 20
-87.4856174767286
 30
1.8561011592512138
1001
HelioScope
1040
1.134
1040
2.382
1000
portrait
  0
INSERT
  5
50C
330
17
100
AcDbEntity
  8
Modules
100
AcDbBlockReference
  2
fs_54641099_full
 10
72.18265413543418
 20
-87.4856174767286
 30
1.8561011592512138
1001
HelioScope
1040
1.134
1040
2.382
1000
portrait
  0
INSERT
  5
50E
330
17
100
AcDbEntity
  8
Modules
100
AcDbBlockReference
  2
fs_54641099_full
 10
73.32936429543417
 20
-87.4856174767286
 30
1.8561011592512138
1001
HelioScope
1040
1.134
1040
2.382
1000
portrait
  0
INSERT
  5
510
330
17
100
AcDbEntity
  8
Modules
100
AcDbBlockReference
  2
fs_54641099_full
 10
74.47607445543417
 20
-87.4856174767286
 30
1.8561011592512138
1001
HelioScope
1040
1.134
1040
2.382
1000
portrait
  0
INSERT
  5
512
330
17
100
AcDbEntity
  8
Modules
100
AcDbBlockReference
  2
fs_54641099_full
 10
75.62278461543417
 20
-87.4856174767286
 30
1.8561011592512138
1001
HelioScope
1040
1.134
1040
2.382
1000
portrait
  0
INSERT
  5
514
330
17
100
AcDbEntity
  8
Modules
100
AcDbBlockReference
  2
fs_54641099_full
 10
76.76949477543417
 20
-87.4856174767286
 30
1.8561011592512138
1001
HelioScope
1040
1.134
1040
2.382
1000
portrait
  0
INSERT
  5
516
330
17
100
AcDbEntity
  8
Modules
100
AcDbBlockReference
  2
fs_54641099_full
 10
77.91620493543417
 20
-87.4856174767286
 30
1.8561011592512138
1001
HelioScope
1040
1.134
1040
2.382
1000
portrait
  0
INSERT
  5
518
330
17
100
AcDbEntity
  8
Modules
100
AcDbBlockReference
  2
fs_54641099_full
 10
79.06291509543416
 20
-87.4856174767286
 30
1.8561011592512138
1001
HelioScope
1040
1.134
1040
2.382
1000
portrait
  0
INSERT
  5
51A
330
17
100
AcDbEntity
  8
Modules
100
AcDbBlockReference
  2
fs_54641099_full
 10
80.20962525543416
 20
-87.4856174767286
 30
1.8561011592512138
1001
HelioScope
1040
1.134
1040
2.382
1000
portrait
  0
INSERT
  5
51C
330
17
100
AcDbEntity
  8
Modules
100
AcDbBlockReference
  2
fs_54641099_full
 10
81.35633541543416
 20
-87.4856174767286
 30
1.8561011592512138
1001
HelioScope
1040
1.134
1040
2.382
1000
portrait
  0
INSERT
  5
51E
330
17
100
AcDbEntity
  8
Modules
100
AcDbBlockReference
  2
fs_54641099_full
 10
82.50304557543419
 20
-87.4856174767286
 30
1.8561011592512138
1001
HelioScope
1040
1.134
1040
2.382
1000
portrait
  0
INSERT
  5
520
330
17
100
AcDbEntity
  8
Modules
100
AcDbBlockReference
  2
fs_54641099_full
 10
83.64975573543418
 20
-87.4856174767286
 30
1.8561011592512138
1001
HelioScope
1040
1.134
1040
2.382
1000
portrait
  0
INSERT
  5
522
330
17
100
AcDbEntity
  8
Modules
100
AcDbBlockReference
  2
fs_54641099_full
 10
84.79646589543418
 20
-87.4856174767286
 30
1.8561011592512138
1001
HelioScope
1040
1.134
1040
2.382
1000
portrait
  0
INSERT
  5
524
330
17
100
AcDbEntity
  8
Modules
100
AcDbBlockReference
  2
fs_54641099_full
 10
85.94317605543418
 20
-87.4856174767286
 30
1.8561011592512138
1001
HelioScope
1040
1.134
1040
2.382
1000
portrait
  0
INSERT
  5
526
330
17
100
AcDbEntity
  8
Modules
100
AcDbBlockReference
  2
fs_54641099_full
 10
87.08988621543418
 20
-87.4856174767286
 30
1.8561011592512138
1001
HelioScope
1040
1.134
1040
2.382
1000
portrait
  0
INSERT
  5
528
330
17
100
AcDbEntity
  8
Modules
100
AcDbBlockReference
  2
fs_54641099_full
 10
88.23659637543417
 20
-87.4856174767286
 30
1.8561011592512138
1001
HelioScope
1040
1.134
1040
2.382
1000
portrait
  0
INSERT
  5
52A
330
17
100
AcDbEntity
  8
Modules
100
AcDbBlockReference
  2
fs_54641099_full
 10
89.38330653543417
 20
-87.4856174767286
 30
1.8561011592512138
1001
HelioScope
1040
1.134
1040
2.382
1000
portrait
  0
INSERT
  5
52C
330
17
100
AcDbEntity
  8
Modules
100
AcDbBlockReference
  2
fs_54641099_full
 10
90.53001669543417
 20
-87.4856174767286
 30
1.8561011592512138
1001
HelioScope
1040
1.134
1040
2.382
1000
portrait
  0
INSERT
  5
52E
330
17
100
AcDbEntity
  8
Modules
100
AcDbBlockReference
  2
fs_54641099_full
 10
91.67672685543417
 20
-87.4856174767286
 30
1.8561011592512138
1001
HelioScope
1040
1.134
1040
2.382
1000
portrait
  0
INSERT
  5
530
330
17
100
AcDbEntity
  8
Modules
100
AcDbBlockReference
  2
fs_54641099_full
 10
92.82343701543417
 20
-87.4856174767286
 30
1.8561011592512138
1001
HelioScope
1040
1.134
1040
2.382
1000
portrait
  0
INSERT
  5
532
330
17
100
AcDbEntity
  8
Modules
100
AcDbBlockReference
  2
fs_54641099_full
 10
93.97014717543416
 20
-87.4856174767286
 30
1.8561011592512138
1001
HelioScope
1040
1.134
1040
2.382
1000
portrait
  0
INSERT
  5
534
330
17
100
AcDbEntity
  8
Modules
100
AcDbBlockReference
  2
fs_54641099_full
 10
95.11685733543416
 20
-87.4856174767286
 30
1.8561011592512138
1001
HelioScope
1040
1.134
1040
2.382
1000
portrait
  0
INSERT
  5
536
330
17
100
AcDbEntity
  8
Modules
100
AcDbBlockReference
  2
fs_54641099_full
 10
96.26356749543416
 20
-87.4856174767286
 30
1.8561011592512138
1001
HelioScope
1040
1.134
1040
2.382
1000
portrait
  0
INSERT
  5
538
330
17
100
AcDbEntity
  8
Modules
100
AcDbBlockReference
  2
fs_54641099_full
 10
97.41027765543416
 20
-87.4856174767286
 30
1.8561011592512138
1001
HelioScope
1040
1.134
1040
2.382
1000
portrait
  0
INSERT
  5
53A
330
17
100
AcDbEntity
  8
Modules
100
AcDbBlockReference
  2
fs_54641099_full
 10
98.55698781543416
 20
-87.4856174767286
 30
1.8561011592512138
1001
HelioScope
1040
1.134
1040
2.382
1000
portrait
  0
INSERT
  5
53C
330
17
100
AcDbEntity
  8
Modules
100
AcDbBlockReference
  2
fs_54641099_full
 10
99.70369797543418
 20
-87.4856174767286
 30
1.8561011592512138
1001
HelioScope
1040
1.134
1040
2.382
1000
portrait
  0
INSERT
  5
53E
330
17
100
AcDbEntity
  8
Modules
100
AcDbBlockReference
  2
fs_54641099_full
 10
100.85040813543418
 20
-87.4856174767286
 30
1.8561011592512138
1001
HelioScope
1040
1.134
1040
2.382
1000
portrait
  0
INSERT
  5
540
330
17
100
AcDbEntity
  8
Modules
100
AcDbBlockReference
  2
fs_54641099_full
 10
101.99711829543418
 20
-87.4856174767286
 30
1.8561011592512138
1001
HelioScope
1040
1.134
1040
2.382
1000
portrait
  0
INSERT
  5
542
330
17
100
AcDbEntity
  8
Modules
100
AcDbBlockReference
  2
fs_54641099_full
 10
103.14382845543417
 20
-87.4856174767286
 30
1.8561011592512138
1001
HelioScope
1040
1.134
1040
2.382
1000
portrait
  0
INSERT
  5
544
330
17
100
AcDbEntity
  8
Modules
100
AcDbBlockReference
  2
fs_54641099_full
 10
104.29053861543417
 20
-87.4856174767286
 30
1.8561011592512138
1001
HelioScope
1040
1.134
1040
2.382
1000
portrait
  0
INSERT
  5
546
330
17
100
AcDbEntity
  8
Modules
100
AcDbBlockReference
  2
fs_54641099_full
 10
-47.075202504565816
 20
-98.41267757499082
 30
1.8561011592512138
1001
HelioScope
1040
1.134
1040
2.382
1000
portrait
  0
INSERT
  5
548
330
17
100
AcDbEntity
  8
Modules
100
AcDbBlockReference
  2
fs_54641099_full
 10
-48.221912664565814
 20
-98.41267757499082
 30
1.8561011592512138
1001
HelioScope
1040
1.134
1040
2.382
1000
portrait
  0
INSERT
  5
54A
330
17
100
AcDbEntity
  8
Modules
100
AcDbBlockReference
  2
fs_54641099_full
 10
-49.36862282456582
 20
-98.41267757499082
 30
1.8561011592512138
1001
HelioScope
1040
1.134
1040
2.382
1000
portrait
  0
INSERT
  5
54C
330
17
100
AcDbEntity
  8
Modules
100
AcDbBlockReference
  2
fs_54641099_full
 10
-45.92849234456581
 20
-98.41267757499082
 30
1.8561011592512138
1001
HelioScope
1040
1.134
1040
2.382
1000
portrait
  0
INSERT
  5
54E
330
17
100
AcDbEntity
  8
Modules
100
AcDbBlockReference
  2
fs_54641099_full
 10
-44.78178218456581
 20
-98.41267757499082
 30
1.8561011592512138
1001
HelioScope
1040
1.134
1040
2.382
1000
portrait
  0
INSERT
  5
550
330
17
100
AcDbEntity
  8
Modules
100
AcDbBlockReference
  2
fs_54641099_full
 10
-43.635072024565815
 20
-98.41267757499082
 30
1.8561011592512138
1001
HelioScope
1040
1.134
1040
2.382
1000
portrait
  0
INSERT
  5
552
330
17
100
AcDbEntity
  8
Modules
100
AcDbBlockReference
  2
fs_54641099_full
 10
-42.48836186456582
 20
-98.41267757499082
 30
1.8561011592512138
1001
HelioScope
1040
1.134
1040
2.382
1000
portrait
  0
INSERT
  5
554
330
17
100
AcDbEntity
  8
Modules
100
AcDbBlockReference
  2
fs_54641099_full
 10
-41.34165170456582
 20
-98.41267757499082
 30
1.8561011592512138
1001
HelioScope
1040
1.134
1040
2.382
1000
portrait
  0
INSERT
  5
556
330
17
100
AcDbEntity
  8
Modules
100
AcDbBlockReference
  2
fs_54641099_full
 10
-40.194941544565815
 20
-98.41267757499082
 30
1.8561011592512138
1001
HelioScope
1040
1.134
1040
2.382
1000
portrait
  0
INSERT
  5
558
330
17
100
AcDbEntity
  8
Modules
100
AcDbBlockReference
  2
fs_54641099_full
 10
-39.04823138456582
 20
-98.41267757499082
 30
1.8561011592512138
1001
HelioScope
1040
1.134
1040
2.382
1000
portrait
  0
INSERT
  5
55A
330
17
100
AcDbEntity
  8
Modules
100
AcDbBlockReference
  2
fs_54641099_full
 10
-37.90152122456582
 20
-98.41267757499082
 30
1.8561011592512138
1001
HelioScope
1040
1.134
1040
2.382
1000
portrait
  0
INSERT
  5
55C
330
17
100
AcDbEntity
  8
Modules
100
AcDbBlockReference
  2
fs_54641099_full
 10
-36.754811064565814
 20
-98.41267757499082
 30
1.8561011592512138
1001
HelioScope
1040
1.134
1040
2.382
1000
portrait
  0
INSERT
  5
55E
330
17
100
AcDbEntity
  8
Modules
100
AcDbBlockReference
  2
fs_54641099_full
 10
-35.608100904565816
 20
-98.41267757499082
 30
1.8561011592512138
1001
HelioScope
1040
1.134
1040
2.382
1000
portrait
  0
INSERT
  5
560
330
17
100
AcDbEntity
  8
Modules
100
AcDbBlockReference
  2
fs_54641099_full
 10
-34.46139074456582
 20
-98.41267757499082
 30
1.8561011592512138
1001
HelioScope
1040
1.134
1040
2.382
1000
portrait
  0
INSERT
  5
562
330
17
100
AcDbEntity
  8
Modules
100
AcDbBlockReference
  2
fs_54641099_full
 10
-33.31468058456582
 20
-98.41267757499082
 30
1.8561011592512138
1001
HelioScope
1040
1.134
1040
2.382
1000
portrait
  0
INSERT
  5
564
330
17
100
AcDbEntity
  8
Modules
100
AcDbBlockReference
  2
fs_54641099_full
 10
-32.16797042456582
 20
-98.41267757499082
 30
1.8561011592512138
1001
HelioScope
1040
1.134
1040
2.382
1000
portrait
  0
INSERT
  5
566
330
17
100
AcDbEntity
  8
Modules
100
AcDbBlockReference
  2
fs_54641099_full
 10
-31.021260264565818
 20
-98.41267757499082
 30
1.8561011592512138
1001
HelioScope
1040
1.134
1040
2.382
1000
portrait
  0
INSERT
  5
568
330
17
100
AcDbEntity
  8
Modules
100
AcDbBlockReference
  2
fs_54641099_full
 10
-29.874550104565817
 20
-98.41267757499082
 30
1.8561011592512138
1001
HelioScope
1040
1.134
1040
2.382
1000
portrait
  0
INSERT
  5
56A
330
17
100
AcDbEntity
  8
Modules
100
AcDbBlockReference
  2
fs_54641099_full
 10
-28.72783994456582
 20
-98.41267757499082
 30
1.8561011592512138
1001
HelioScope
1040
1.134
1040
2.382
1000
portrait
  0
INSERT
  5
56C
330
17
100
AcDbEntity
  8
Modules
100
AcDbBlockReference
  2
fs_54641099_full
 10
-27.581129784565817
 20
-98.41267757499082
 30
1.8561011592512138
1001
HelioScope
1040
1.134
1040
2.382
1000
portrait
  0
INSERT
  5
56E
330
17
100
AcDbEntity
  8
Modules
100
AcDbBlockReference
  2
fs_54641099_full
 10
-26.43441962456582
 20
-98.41267757499082
 30
1.8561011592512138
1001
HelioScope
1040
1.134
1040
2.382
1000
portrait
  0
INSERT
  5
570
330
17
100
AcDbEntity
  8
Modules
100
AcDbBlockReference
  2
fs_54641099_full
 10
-25.28770946456582
 20
-98.41267757499082
 30
1.8561011592512138
1001
HelioScope
1040
1.134
1040
2.382
1000
portrait
  0
INSERT
  5
572
330
17
100
AcDbEntity
  8
Modules
100
AcDbBlockReference
  2
fs_54641099_full
 10
-24.14099930456582
 20
-98.41267757499082
 30
1.8561011592512138
1001
HelioScope
1040
1.134
1040
2.382
1000
portrait
  0
INSERT
  5
574
330
17
100
AcDbEntity
  8
Modules
100
AcDbBlockReference
  2
fs_54641099_full
 10
-22.99428914456582
 20
-98.41267757499082
 30
1.8561011592512138
1001
HelioScope
1040
1.134
1040
2.382
1000
portrait
  0
INSERT
  5
576
330
17
100
AcDbEntity
  8
Modules
100
AcDbBlockReference
  2
fs_54641099_full
 10
-21.847578984565818
 20
-98.41267757499082
 30
1.8561011592512138
1001
HelioScope
1040
1.134
1040
2.382
1000
portrait
  0
INSERT
  5
578
330
17
100
AcDbEntity
  8
Modules
100
AcDbBlockReference
  2
fs_54641099_full
 10
-20.70086882456582
 20
-98.41267757499082
 30
1.8561011592512138
1001
HelioScope
1040
1.134
1040
2.382
1000
portrait
  0
INSERT
  5
57A
330
17
100
AcDbEntity
  8
Modules
100
AcDbBlockReference
  2
fs_54641099_full
 10
-19.55415866456582
 20
-98.41267757499082
 30
1.8561011592512138
1001
HelioScope
1040
1.134
1040
2.382
1000
portrait
  0
INSERT
  5
57C
330
17
100
AcDbEntity
  8
Modules
100
AcDbBlockReference
  2
fs_54641099_full
 10
-18.40744850456582
 20
-98.41267757499082
 30
1.8561011592512138
1001
HelioScope
1040
1.134
1040
2.382
1000
portrait
  0
INSERT
  5
57E
330
17
100
AcDbEntity
  8
Modules
100
AcDbBlockReference
  2
fs_54641099_full
 10
-17.26073834456582
 20
-98.41267757499082
 30
1.8561011592512138
1001
HelioScope
1040
1.134
1040
2.382
1000
portrait
  0
INSERT
  5
580
330
17
100
AcDbEntity
  8
Modules
100
AcDbBlockReference
  2
fs_54641099_full
 10
-16.11402818456582
 20
-98.41267757499082
 30
1.8561011592512138
1001
HelioScope
1040
1.134
1040
2.382
1000
portrait
  0
INSERT
  5
582
330
17
100
AcDbEntity
  8
Modules
100
AcDbBlockReference
  2
fs_54641099_full
 10
-14.967318024565824
 20
-98.41267757499082
 30
1.8561011592512138
1001
HelioScope
1040
1.134
1040
2.382
1000
portrait
  0
INSERT
  5
584
330
17
100
AcDbEntity
  8
Modules
100
AcDbBlockReference
  2
fs_54641099_full
 10
-13.820607864565819
 20
-98.41267757499082
 30
1.8561011592512138
1001
HelioScope
1040
1.134
1040
2.382
1000
portrait
  0
INSERT
  5
586
330
17
100
AcDbEntity
  8
Modules
100
AcDbBlockReference
  2
fs_54641099_full
 10
-12.673897704565821
 20
-98.41267757499082
 30
1.8561011592512138
1001
HelioScope
1040
1.134
1040
2.382
1000
portrait
  0
INSERT
  5
588
330
17
100
AcDbEntity
  8
Modules
100
AcDbBlockReference
  2
fs_54641099_full
 10
-11.527187544565823
 20
-98.41267757499082
 30
1.8561011592512138
1001
HelioScope
1040
1.134
1040
2.382
1000
portrait
  0
INSERT
  5
58A
330
17
100
AcDbEntity
  8
Modules
100
AcDbBlockReference
  2
fs_54641099_full
 10
-10.380477384565818
 20
-98.41267757499082
 30
1.8561011592512138
1001
HelioScope
1040
1.134
1040
2.382
1000
portrait
  0
INSERT
  5
58C
330
17
100
AcDbEntity
  8
Modules
100
AcDbBlockReference
  2
fs_54641099_full
 10
-9.23376722456582
 20
-98.41267757499082
 30
1.8561011592512138
1001
HelioScope
1040
1.134
1040
2.382
1000
portrait
  0
INSERT
  5
58E
330
17
100
AcDbEntity
  8
Modules
100
AcDbBlockReference
  2
fs_54641099_full
 10
-8.087057064565823
 20
-98.41267757499082
 30
1.8561011592512138
1001
HelioScope
1040
1.134
1040
2.382
1000
portrait
  0
INSERT
  5
590
330
17
100
AcDbEntity
  8
Modules
100
AcDbBlockReference
  2
fs_54641099_full
 10
-6.940346904565825
 20
-98.41267757499082
 30
1.8561011592512138
1001
HelioScope
1040
1.134
1040
2.382
1000
portrait
  0
INSERT
  5
592
330
17
100
AcDbEntity
  8
Modules
100
AcDbBlockReference
  2
fs_54641099_full
 10
-5.79363674456582
 20
-98.41267757499082
 30
1.8561011592512138
1001
HelioScope
1040
1.134
1040
2.382
1000
portrait
  0
INSERT
  5
594
330
17
100
AcDbEntity
  8
Modules
100
AcDbBlockReference
  2
fs_54641099_full
 10
-4.646926584565822
 20
-98.41267757499082
 30
1.8561011592512138
1001
HelioScope
1040
1.134
1040
2.382
1000
portrait
  0
INSERT
  5
596
330
17
100
AcDbEntity
  8
Modules
100
AcDbBlockReference
  2
fs_54641099_full
 10
-3.5002164245658243
 20
-98.41267757499082
 30
1.8561011592512138
1001
HelioScope
1040
1.134
1040
2.382
1000
portrait
  0
INSERT
  5
598
330
17
100
AcDbEntity
  8
Modules
100
AcDbBlockReference
  2
fs_54641099_full
 10
-2.3535062645658194
 20
-98.41267757499082
 30
1.8561011592512138
1001
HelioScope
1040
1.134
1040
2.382
1000
portrait
  0
INSERT
  5
59A
330
17
100
AcDbEntity
  8
Modules
100
AcDbBlockReference
  2
fs_54641099_full
 10
-1.2067961045658215
 20
-98.41267757499082
 30
1.8561011592512138
1001
HelioScope
1040
1.134
1040
2.382
1000
portrait
  0
INSERT
  5
59C
330
17
100
AcDbEntity
  8
Modules
100
AcDbBlockReference
  2
fs_54641099_full
 10
-0.06008594456582372
 20
-98.41267757499082
 30
1.8561011592512138
1001
HelioScope
1040
1.134
1040
2.382
1000
portrait
  0
INSERT
  5
59E
330
17
100
AcDbEntity
  8
Modules
100
AcDbBlockReference
  2
fs_54641099_full
 10
1.086624215434174
 20
-98.41267757499082
 30
1.8561011592512138
1001
HelioScope
1040
1.134
1040
2.382
1000
portrait
  0
INSERT
  5
5A0
330
17
100
AcDbEntity
  8
Modules
100
AcDbBlockReference
  2
fs_54641099_full
 10
2.2333343754341826
 20
-98.41267757499082
 30
1.8561011592512138
1001
HelioScope
1040
1.134
1040
2.382
1000
portrait
  0
INSERT
  5
5A2
330
17
100
AcDbEntity
  8
Modules
100
AcDbBlockReference
  2
fs_54641099_full
 10
3.3800445354341804
 20
-98.41267757499082
 30
1.8561011592512138
1001
HelioScope
1040
1.134
1040
2.382
1000
portrait
  0
INSERT
  5
5A4
330
17
100
AcDbEntity
  8
Modules
100
AcDbBlockReference
  2
fs_54641099_full
 10
4.526754695434178
 20
-98.41267757499082
 30
1.8561011592512138
1001
HelioScope
1040
1.134
1040
2.382
1000
portrait
  0
INSERT
  5
5A6
330
17
100
AcDbEntity
  8
Modules
100
AcDbBlockReference
  2
fs_54641099_full
 10
5.673464855434176
 20
-98.41267757499082
 30
1.8561011592512138
1001
HelioScope
1040
1.134
1040
2.382
1000
portrait
  0
INSERT
  5
5A8
330
17
100
AcDbEntity
  8
Modules
100
AcDbBlockReference
  2
fs_54641099_full
 10
6.820175015434174
 20
-98.41267757499082
 30
1.8561011592512138
1001
HelioScope
1040
1.134
1040
2.382
1000
portrait
  0
INSERT
  5
5AA
330
17
100
AcDbEntity
  8
Modules
100
AcDbBlockReference
  2
fs_54641099_full
 10
7.966885175434172
 20
-98.41267757499082
 30
1.8561011592512138
1001
HelioScope
1040
1.134
1040
2.382
1000
portrait
  0
INSERT
  5
5AC
330
17
100
AcDbEntity
  8
Modules
100
AcDbBlockReference
  2
fs_54641099_full
 10
9.11359533543417
 20
-98.41267757499082
 30
1.8561011592512138
1001
HelioScope
1040
1.134
1040
2.382
1000
portrait
  0
INSERT
  5
5AE
330
17
100
AcDbEntity
  8
Modules
100
AcDbBlockReference
  2
fs_54641099_full
 10
10.260305495434181
 20
-98.41267757499082
 30
1.8561011592512138
1001
HelioScope
1040
1.134
1040
2.382
1000
portrait
  0
INSERT
  5
5B0
330
17
100
AcDbEntity
  8
Modules
100
AcDbBlockReference
  2
fs_54641099_full
 10
11.40701565543418
 20
-98.41267757499082
 30
1.8561011592512138
1001
HelioScope
1040
1.134
1040
2.382
1000
portrait
  0
INSERT
  5
5B2
330
17
100
AcDbEntity
  8
Modules
100
AcDbBlockReference
  2
fs_54641099_full
 10
12.553725815434177
 20
-98.41267757499082
 30
1.8561011592512138
1001
HelioScope
1040
1.134
1040
2.382
1000
portrait
  0
INSERT
  5
5B4
330
17
100
AcDbEntity
  8
Modules
100
AcDbBlockReference
  2
fs_54641099_full
 10
13.700435975434175
 20
-98.41267757499082
 30
1.8561011592512138
1001
HelioScope
1040
1.134
1040
2.382
1000
portrait
  0
INSERT
  5
5B6
330
17
100
AcDbEntity
  8
Modules
100
AcDbBlockReference
  2
fs_54641099_full
 10
14.847146135434173
 20
-98.41267757499082
 30
1.8561011592512138
1001
HelioScope
1040
1.134
1040
2.382
1000
portrait
  0
INSERT
  5
5B8
330
17
100
AcDbEntity
  8
Modules
100
AcDbBlockReference
  2
fs_54641099_full
 10
15.99385629543417
 20
-98.41267757499082
 30
1.8561011592512138
1001
HelioScope
1040
1.134
1040
2.382
1000
portrait
  0
INSERT
  5
5BA
330
17
100
AcDbEntity
  8
Modules
100
AcDbBlockReference
  2
fs_54641099_full
 10
17.14056645543417
 20
-98.41267757499082
 30
1.8561011592512138
1001
HelioScope
1040
1.134
1040
2.382
1000
portrait
  0
INSERT
  5
5BC
330
17
100
AcDbEntity
  8
Modules
100
AcDbBlockReference
  2
fs_54641099_full
 10
18.287276615434166
 20
-98.41267757499082
 30
1.8561011592512138
1001
HelioScope
1040
1.134
1040
2.382
1000
portrait
  0
INSERT
  5
5BE
330
17
100
AcDbEntity
  8
Modules
100
AcDbBlockReference
  2
fs_54641099_full
 10
19.433986775434164
 20
-98.41267757499082
 30
1.8561011592512138
1001
HelioScope
1040
1.134
1040
2.382
1000
portrait
  0
INSERT
  5
5C0
330
17
100
AcDbEntity
  8
Modules
100
AcDbBlockReference
  2
fs_54641099_full
 10
20.580696935434176
 20
-98.41267757499082
 30
1.8561011592512138
1001
HelioScope
1040
1.134
1040
2.382
1000
portrait
  0
INSERT
  5
5C2
330
17
100
AcDbEntity
  8
Modules
100
AcDbBlockReference
  2
fs_54641099_full
 10
21.727407095434174
 20
-98.41267757499082
 30
1.8561011592512138
1001
HelioScope
1040
1.134
1040
2.382
1000
portrait
  0
INSERT
  5
5C4
330
17
100
AcDbEntity
  8
Modules
100
AcDbBlockReference
  2
fs_54641099_full
 10
22.87411725543417
 20
-98.41267757499082
 30
1.8561011592512138
1001
HelioScope
1040
1.134
1040
2.382
1000
portrait
  0
INSERT
  5
5C6
330
17
100
AcDbEntity
  8
Modules
100
AcDbBlockReference
  2
fs_54641099_full
 10
24.02082741543417
 20
-98.41267757499082
 30
1.8561011592512138
1001
HelioScope
1040
1.134
1040
2.382
1000
portrait
  0
INSERT
  5
5C8
330
17
100
AcDbEntity
  8
Modules
100
AcDbBlockReference
  2
fs_54641099_full
 10
25.167537575434167
 20
-98.41267757499082
 30
1.8561011592512138
1001
HelioScope
1040
1.134
1040
2.382
1000
portrait
  0
INSERT
  5
5CA
330
17
100
AcDbEntity
  8
Modules
100
AcDbBlockReference
  2
fs_54641099_full
 10
26.314247735434165
 20
-98.41267757499082
 30
1.8561011592512138
1001
HelioScope
1040
1.134
1040
2.382
1000
portrait
  0
INSERT
  5
5CC
330
17
100
AcDbEntity
  8
Modules
100
AcDbBlockReference
  2
fs_54641099_full
 10
27.460957895434163
 20
-98.41267757499082
 30
1.8561011592512138
1001
HelioScope
1040
1.134
1040
2.382
1000
portrait
  0
INSERT
  5
5CE
330
17
100
AcDbEntity
  8
Modules
100
AcDbBlockReference
  2
fs_54641099_full
 10
28.607668055434175
 20
-98.41267757499082
 30
1.8561011592512138
1001
HelioScope
1040
1.134
1040
2.382
1000
portrait
  0
INSERT
  5
5D0
330
17
100
AcDbEntity
  8
Modules
100
AcDbBlockReference
  2
fs_54641099_full
 10
29.754378215434173
 20
-98.41267757499082
 30
1.8561011592512138
1001
HelioScope
1040
1.134
1040
2.382
1000
portrait
  0
INSERT
  5
5D2
330
17
100
AcDbEntity
  8
Modules
100
AcDbBlockReference
  2
fs_54641099_full
 10
30.90108837543417
 20
-98.41267757499082
 30
1.8561011592512138
1001
HelioScope
1040
1.134
1040
2.382
1000
portrait
  0
INSERT
  5
5D4
330
17
100
AcDbEntity
  8
Modules
100
AcDbBlockReference
  2
fs_54641099_full
 10
32.04779853543417
 20
-98.41267757499082
 30
1.8561011592512138
1001
HelioScope
1040
1.134
1040
2.382
1000
portrait
  0
INSERT
  5
5D6
330
17
100
AcDbEntity
  8
Modules
100
AcDbBlockReference
  2
fs_54641099_full
 10
33.194508695434166
 20
-98.41267757499082
 30
1.8561011592512138
1001
HelioScope
1040
1.134
1040
2.382
1000
portrait
  0
INSERT
  5
5D8
330
17
100
AcDbEntity
  8
Modules
100
AcDbBlockReference
  2
fs_54641099_full
 10
34.341218855434164
 20
-98.41267757499082
 30
1.8561011592512138
1001
HelioScope
1040
1.134
1040
2.382
1000
portrait
  0
INSERT
  5
5DA
330
17
100
AcDbEntity
  8
Modules
100
AcDbBlockReference
  2
fs_54641099_full
 10
35.48792901543416
 20
-98.41267757499082
 30
1.8561011592512138
1001
HelioScope
1040
1.134
1040
2.382
1000
portrait
  0
INSERT
  5
5DC
330
17
100
AcDbEntity
  8
Modules
100
AcDbBlockReference
  2
fs_54641099_full
 10
36.634639175434174
 20
-98.41267757499082
 30
1.8561011592512138
1001
HelioScope
1040
1.134
1040
2.382
1000
portrait
  0
INSERT
  5
5DE
330
17
100
AcDbEntity
  8
Modules
100
AcDbBlockReference
  2
fs_54641099_full
 10
37.78134933543417
 20
-98.41267757499082
 30
1.8561011592512138
1001
HelioScope
1040
1.134
1040
2.382
1000
portrait
  0
INSERT
  5
5E0
330
17
100
AcDbEntity
  8
Modules
100
AcDbBlockReference
  2
fs_54641099_full
 10
38.92805949543417
 20
-98.41267757499082
 30
1.8561011592512138
1001
HelioScope
1040
1.134
1040
2.382
1000
portrait
  0
INSERT
  5
5E2
330
17
100
AcDbEntity
  8
Modules
100
AcDbBlockReference
  2
fs_54641099_full
 10
40.07476965543417
 20
-98.41267757499082
 30
1.8561011592512138
1001
HelioScope
1040
1.134
1040
2.382
1000
portrait
  0
INSERT
  5
5E4
330
17
100
AcDbEntity
  8
Modules
100
AcDbBlockReference
  2
fs_54641099_full
 10
41.221479815434165
 20
-98.41267757499082
 30
1.8561011592512138
1001
HelioScope
1040
1.134
1040
2.382
1000
portrait
  0
INSERT
  5
5E6
330
17
100
AcDbEntity
  8
Modules
100
AcDbBlockReference
  2
fs_54641099_full
 10
42.36818997543416
 20
-98.41267757499082
 30
1.8561011592512138
1001
HelioScope
1040
1.134
1040
2.382
1000
portrait
  0
INSERT
  5
5E8
330
17
100
AcDbEntity
  8
Modules
100
AcDbBlockReference
  2
fs_54641099_full
 10
43.51490013543416
 20
-98.41267757499082
 30
1.8561011592512138
1001
HelioScope
1040
1.134
1040
2.382
1000
portrait
  0
INSERT
  5
5EA
330
17
100
AcDbEntity
  8
Modules
100
AcDbBlockReference
  2
fs_54641099_full
 10
44.66161029543417
 20
-98.41267757499082
 30
1.8561011592512138
1001
HelioScope
1040
1.134
1040
2.382
1000
portrait
  0
INSERT
  5
5EC
330
17
100
AcDbEntity
  8
Modules
100
AcDbBlockReference
  2
fs_54641099_full
 10
45.80832045543417
 20
-98.41267757499082
 30
1.8561011592512138
1001
HelioScope
1040
1.134
1040
2.382
1000
portrait
  0
INSERT
  5
5EE
330
17
100
AcDbEntity
  8
Modules
100
AcDbBlockReference
  2
fs_54641099_full
 10
46.95503061543417
 20
-98.41267757499082
 30
1.8561011592512138
1001
HelioScope
1040
1.134
1040
2.382
1000
portrait
  0
INSERT
  5
5F0
330
17
100
AcDbEntity
  8
Modules
100
AcDbBlockReference
  2
fs_54641099_full
 10
48.101740775434166
 20
-98.41267757499082
 30
1.8561011592512138
1001
HelioScope
1040
1.134
1040
2.382
1000
portrait
  0
INSERT
  5
5F2
330
17
100
AcDbEntity
  8
Modules
100
AcDbBlockReference
  2
fs_54641099_full
 10
49.248450935434164
 20
-98.41267757499082
 30
1.8561011592512138
1001
HelioScope
1040
1.134
1040
2.382
1000
portrait
  0
INSERT
  5
5F4
330
17
100
AcDbEntity
  8
Modules
100
AcDbBlockReference
  2
fs_54641099_full
 10
50.39516109543416
 20
-98.41267757499082
 30
1.8561011592512138
1001
HelioScope
1040
1.134
1040
2.382
1000
portrait
  0
INSERT
  5
5F6
330
17
100
AcDbEntity
  8
Modules
100
AcDbBlockReference
  2
fs_54641099_full
 10
51.54187125543416
 20
-98.41267757499082
 30
1.8561011592512138
1001
HelioScope
1040
1.134
1040
2.382
1000
portrait
  0
INSERT
  5
5F8
330
17
100
AcDbEntity
  8
Modules
100
AcDbBlockReference
  2
fs_54641099_full
 10
52.68858141543417
 20
-98.41267757499082
 30
1.8561011592512138
1001
HelioScope
1040
1.134
1040
2.382
1000
portrait
  0
INSERT
  5
5FA
330
17
100
AcDbEntity
  8
Modules
100
AcDbBlockReference
  2
fs_54641099_full
 10
53.83529157543417
 20
-98.41267757499082
 30
1.8561011592512138
1001
HelioScope
1040
1.134
1040
2.382
1000
portrait
  0
INSERT
  5
5FC
330
17
100
AcDbEntity
  8
Modules
100
AcDbBlockReference
  2
fs_54641099_full
 10
54.98200173543417
 20
-98.41267757499082
 30
1.8561011592512138
1001
HelioScope
1040
1.134
1040
2.382
1000
portrait
  0
INSERT
  5
5FE
330
17
100
AcDbEntity
  8
Modules
100
AcDbBlockReference
  2
fs_54641099_full
 10
56.128711895434165
 20
-98.41267757499082
 30
1.8561011592512138
1001
HelioScope
1040
1.134
1040
2.382
1000
portrait
  0
INSERT
  5
600
330
17
100
AcDbEntity
  8
Modules
100
AcDbBlockReference
  2
fs_54641099_full
 10
57.27542205543416
 20
-98.41267757499082
 30
1.8561011592512138
1001
HelioScope
1040
1.134
1040
2.382
1000
portrait
  0
INSERT
  5
602
330
17
100
AcDbEntity
  8
Modules
100
AcDbBlockReference
  2
fs_54641099_full
 10
58.42213221543416
 20
-98.41267757499082
 30
1.8561011592512138
1001
HelioScope
1040
1.134
1040
2.382
1000
portrait
  0
INSERT
  5
604
330
17
100
AcDbEntity
  8
Modules
100
AcDbBlockReference
  2
fs_54641099_full
 10
59.56884237543416
 20
-98.41267757499082
 30
1.8561011592512138
1001
HelioScope
1040
1.134
1040
2.382
1000
portrait
  0
INSERT
  5
606
330
17
100
AcDbEntity
  8
Modules
100
AcDbBlockReference
  2
fs_54641099_full
 10
60.71555253543417
 20
-98.41267757499082
 30
1.8561011592512138
1001
HelioScope
1040
1.134
1040
2.382
1000
portrait
  0
INSERT
  5
608
330
17
100
AcDbEntity
  8
Modules
100
AcDbBlockReference
  2
fs_54641099_full
 10
61.86226269543417
 20
-98.41267757499082
 30
1.8561011592512138
1001
HelioScope
1040
1.134
1040
2.382
1000
portrait
  0
INSERT
  5
60A
330
17
100
AcDbEntity
  8
Modules
100
AcDbBlockReference
  2
fs_54641099_full
 10
63.008972855434166
 20
-98.41267757499082
 30
1.8561011592512138
1001
HelioScope
1040
1.134
1040
2.382
1000
portrait
  0
INSERT
  5
60C
330
17
100
AcDbEntity
  8
Modules
100
AcDbBlockReference
  2
fs_54641099_full
 10
64.15568301543416
 20
-98.41267757499082
 30
1.8561011592512138
1001
HelioScope
1040
1.134
1040
2.382
1000
portrait
  0
INSERT
  5
60E
330
17
100
AcDbEntity
  8
Modules
100
AcDbBlockReference
  2
fs_54641099_full
 10
65.30239317543416
 20
-98.41267757499082
 30
1.8561011592512138
1001
HelioScope
1040
1.134
1040
2.382
1000
portrait
  0
INSERT
  5
610
330
17
100
AcDbEntity
  8
Modules
100
AcDbBlockReference
  2
fs_54641099_full
 10
66.44910333543416
 20
-98.41267757499082
 30
1.8561011592512138
1001
HelioScope
1040
1.134
1040
2.382
1000
portrait
  0
INSERT
  5
612
330
17
100
AcDbEntity
  8
Modules
100
AcDbBlockReference
  2
fs_54641099_full
 10
67.59581349543416
 20
-98.41267757499082
 30
1.8561011592512138
1001
HelioScope
1040
1.134
1040
2.382
1000
portrait
  0
INSERT
  5
614
330
17
100
AcDbEntity
  8
Modules
100
AcDbBlockReference
  2
fs_54641099_full
 10
68.74252365543416
 20
-98.41267757499082
 30
1.8561011592512138
1001
HelioScope
1040
1.134
1040
2.382
1000
portrait
  0
INSERT
  5
616
330
17
100
AcDbEntity
  8
Modules
100
AcDbBlockReference
  2
fs_54641099_full
 10
69.88923381543417
 20
-98.41267757499082
 30
1.8561011592512138
1001
HelioScope
1040
1.134
1040
2.382
1000
portrait
  0
INSERT
  5
618
330
17
100
AcDbEntity
  8
Modules
100
AcDbBlockReference
  2
fs_54641099_full
 10
71.03594397543417
 20
-98.41267757499082
 30
1.8561011592512138
1001
HelioScope
1040
1.134
1040
2.382
1000
portrait
  0
INSERT
  5
61A
330
17
100
AcDbEntity
  8
Modules
100
AcDbBlockReference
  2
fs_54641099_full
 10
72.18265413543416
 20
-98.41267757499082
 30
1.8561011592512138
1001
HelioScope
1040
1.134
1040
2.382
1000
portrait
  0
INSERT
  5
61C
330
17
100
AcDbEntity
  8
Modules
100
AcDbBlockReference
  2
fs_54641099_full
 10
73.32936429543416
 20
-98.41267757499082
 30
1.8561011592512138
1001
HelioScope
1040
1.134
1040
2.382
1000
portrait
  0
INSERT
  5
61E
330
17
100
AcDbEntity
  8
Modules
100
AcDbBlockReference
  2
fs_54641099_full
 10
74.47607445543416
 20
-98.41267757499082
 30
1.8561011592512138
1001
HelioScope
1040
1.134
1040
2.382
1000
portrait
  0
INSERT
  5
620
330
17
100
AcDbEntity
  8
Modules
100
AcDbBlockReference
  2
fs_54641099_full
 10
75.62278461543416
 20
-98.41267757499082
 30
1.8561011592512138
1001
HelioScope
1040
1.134
1040
2.382
1000
portrait
  0
INSERT
  5
622
330
17
100
AcDbEntity
  8
Modules
100
AcDbBlockReference
  2
fs_54641099_full
 10
76.76949477543415
 20
-98.41267757499082
 30
1.8561011592512138
1001
HelioScope
1040
1.134
1040
2.382
1000
portrait
  0
INSERT
  5
624
330
17
100
AcDbEntity
  8
Modules
100
AcDbBlockReference
  2
fs_54641099_full
 10
77.91620493543417
 20
-98.41267757499082
 30
1.8561011592512138
1001
HelioScope
1040
1.134
1040
2.382
1000
portrait
  0
INSERT
  5
626
330
17
100
AcDbEntity
  8
Modules
100
AcDbBlockReference
  2
fs_54641099_full
 10
79.06291509543416
 20
-98.41267757499082
 30
1.8561011592512138
1001
HelioScope
1040
1.134
1040
2.382
1000
portrait
  0
INSERT
  5
628
330
17
100
AcDbEntity
  8
Modules
100
AcDbBlockReference
  2
fs_54641099_full
 10
80.20962525543416
 20
-98.41267757499082
 30
1.8561011592512138
1001
HelioScope
1040
1.134
1040
2.382
1000
portrait
  0
INSERT
  5
62A
330
17
100
AcDbEntity
  8
Modules
100
AcDbBlockReference
  2
fs_54641099_full
 10
81.35633541543416
 20
-98.41267757499082
 30
1.8561011592512138
1001
HelioScope
1040
1.134
1040
2.382
1000
portrait
  0
INSERT
  5
62C
330
17
100
AcDbEntity
  8
Modules
100
AcDbBlockReference
  2
fs_54641099_full
 10
82.50304557543416
 20
-98.41267757499082
 30
1.8561011592512138
1001
HelioScope
1040
1.134
1040
2.382
1000
portrait
  0
INSERT
  5
62E
330
17
100
AcDbEntity
  8
Modules
100
AcDbBlockReference
  2
fs_54641099_full
 10
83.64975573543416
 20
-98.41267757499082
 30
1.8561011592512138
1001
HelioScope
1040
1.134
1040
2.382
1000
portrait
  0
INSERT
  5
630
330
17
100
AcDbEntity
  8
Modules
100
AcDbBlockReference
  2
fs_54641099_full
 10
84.79646589543415
 20
-98.41267757499082
 30
1.8561011592512138
1001
HelioScope
1040
1.134
1040
2.382
1000
portrait
  0
INSERT
  5
632
330
17
100
AcDbEntity
  8
Modules
100
AcDbBlockReference
  2
fs_54641099_full
 10
85.94317605543415
 20
-98.41267757499082
 30
1.8561011592512138
1001
HelioScope
1040
1.134
1040
2.382
1000
portrait
  0
INSERT
  5
634
330
17
100
AcDbEntity
  8
Modules
100
AcDbBlockReference
  2
fs_54641099_full
 10
87.08988621543415
 20
-98.41267757499082
 30
1.8561011592512138
1001
HelioScope
1040
1.134
1040
2.382
1000
portrait
  0
INSERT
  5
636
330
17
100
AcDbEntity
  8
Modules
100
AcDbBlockReference
  2
fs_54641099_full
 10
88.23659637543415
 20
-98.41267757499082
 30
1.8561011592512138
1001
HelioScope
1040
1.134
1040
2.382
1000
portrait
  0
INSERT
  5
638
330
17
100
AcDbEntity
  8
Modules
100
AcDbBlockReference
  2
fs_54641099_full
 10
89.38330653543417
 20
-98.41267757499082
 30
1.8561011592512138
1001
HelioScope
1040
1.134
1040
2.382
1000
portrait
  0
INSERT
  5
63A
330
17
100
AcDbEntity
  8
Modules
100
AcDbBlockReference
  2
fs_54641099_full
 10
90.53001669543417
 20
-98.41267757499082
 30
1.8561011592512138
1001
HelioScope
1040
1.134
1040
2.382
1000
portrait
  0
INSERT
  5
63C
330
17
100
AcDbEntity
  8
Modules
100
AcDbBlockReference
  2
fs_54641099_full
 10
91.67672685543417
 20
-98.41267757499082
 30
1.8561011592512138
1001
HelioScope
1040
1.134
1040
2.382
1000
portrait
  0
INSERT
  5
63E
330
17
100
AcDbEntity
  8
Modules
100
AcDbBlockReference
  2
fs_54641099_full
 10
92.82343701543417
 20
-98.41267757499082
 30
1.8561011592512138
1001
HelioScope
1040
1.134
1040
2.382
1000
portrait
  0
INSERT
  5
640
330
17
100
AcDbEntity
  8
Modules
100
AcDbBlockReference
  2
fs_54641099_full
 10
93.97014717543416
 20
-98.41267757499082
 30
1.8561011592512138
1001
HelioScope
1040
1.134
1040
2.382
1000
portrait
  0
INSERT
  5
642
330
17
100
AcDbEntity
  8
Modules
100
AcDbBlockReference
  2
fs_54641099_full
 10
95.11685733543416
 20
-98.41267757499082
 30
1.8561011592512138
1001
HelioScope
1040
1.134
1040
2.382
1000
portrait
  0
INSERT
  5
644
330
17
100
AcDbEntity
  8
Modules
100
AcDbBlockReference
  2
fs_54641099_full
 10
96.26356749543416
 20
-98.41267757499082
 30
1.8561011592512138
1001
HelioScope
1040
1.134
1040
2.382
1000
portrait
  0
INSERT
  5
646
330
17
100
AcDbEntity
  8
Modules
100
AcDbBlockReference
  2
fs_54641099_full
 10
97.41027765543416
 20
-98.41267757499082
 30
1.8561011592512138
1001
HelioScope
1040
1.134
1040
2.382
1000
portrait
  0
INSERT
  5
648
330
17
100
AcDbEntity
  8
Modules
100
AcDbBlockReference
  2
fs_54641099_full
 10
98.55698781543416
 20
-98.41267757499082
 30
1.8561011592512138
1001
HelioScope
1040
1.134
1040
2.382
1000
portrait
  0
INSERT
  5
64A
330
17
100
AcDbEntity
  8
Modules
100
AcDbBlockReference
  2
fs_54641099_full
 10
99.70369797543415
 20
-98.41267757499082
 30
1.8561011592512138
1001
HelioScope
1040
1.134
1040
2.382
1000
portrait
  0
INSERT
  5
64C
330
17
100
AcDbEntity
  8
Modules
100
AcDbBlockReference
  2
fs_54641099_full
 10
100.85040813543415
 20
-98.41267757499082
 30
1.8561011592512138
1001
HelioScope
1040
1.134
1040
2.382
1000
portrait
  0
INSERT
  5
64E
330
17
100
AcDbEntity
  8
Modules
100
AcDbBlockReference
  2
fs_54641099_full
 10
101.99711829543415
 20
-98.41267757499082
 30
1.8561011592512138
1001
HelioScope
1040
1.134
1040
2.382
1000
portrait
  0
INSERT
  5
650
330
17
100
AcDbEntity
  8
Modules
100
AcDbBlockReference
  2
fs_54641099_full
 10
103.14382845543415
 20
-98.41267757499082
 30
1.8561011592512138
1001
HelioScope
1040
1.134
1040
2.382
1000
portrait
  0
INSERT
  5
652
330
17
100
AcDbEntity
  8
Modules
100
AcDbBlockReference
  2
fs_54641099_full
 10
104.29053861543414
 20
-98.41267757499082
 30
1.8561011592512138
1001
HelioScope
1040
1.134
1040
2.382
1000
portrait
  0
INSERT
  5
654
330
17
100
AcDbEntity
  8
Modules
100
AcDbBlockReference
  2
fs_54641099_full
 10
105.43724877543414
 20
-98.41267757499082
 30
1.8561011592512138
1001
HelioScope
1040
1.134
1040
2.382
1000
portrait
  0
INSERT
  5
656
330
17
100
AcDbEntity
  8
Modules
100
AcDbBlockReference
  2
fs_54641099_full
 10
106.58395893543417
 20
-98.41267757499082
 30
1.8561011592512138
1001
HelioScope
1040
1.134
1040
2.382
1000
portrait
  0
INSERT
  5
658
330
17
100
AcDbEntity
  8
Modules
100
AcDbBlockReference
  2
fs_54641099_full
 10
107.73066909543417
 20
-98.41267757499082
 30
1.8561011592512138
1001
HelioScope
1040
1.134
1040
2.382
1000
portrait
  0
INSERT
  5
65A
330
17
100
AcDbEntity
  8
Modules
100
AcDbBlockReference
  2
fs_54641099_full
 10
108.87737925543416
 20
-98.41267757499082
 30
1.8561011592512138
1001
HelioScope
1040
1.134
1040
2.382
1000
portrait
  0
INSERT
  5
65C
330
17
100
AcDbEntity
  8
Modules
100
AcDbBlockReference
  2
fs_54641099_full
 10
110.02408941543416
 20
-98.41267757499082
 30
1.8561011592512138
1001
HelioScope
1040
1.134
1040
2.382
1000
portrait
  0
INSERT
  5
65E
330
17
100
AcDbEntity
  8
Modules
100
AcDbBlockReference
  2
fs_54641099_full
 10
111.17079957543416
 20
-98.41267757499082
 30
1.8561011592512138
1001
HelioScope
1040
1.134
1040
2.382
1000
portrait
  0
INSERT
  5
660
330
17
100
AcDbEntity
  8
Modules
100
AcDbBlockReference
  2
fs_54641099_full
 10
112.31750973543416
 20
-98.41267757499082
 30
1.8561011592512138
1001
HelioScope
1040
1.134
1040
2.382
1000
portrait
  0
INSERT
  5
662
330
17
100
AcDbEntity
  8
Modules
100
AcDbBlockReference
  2
fs_54641099_full
 10
113.46421989543416
 20
-98.41267757499082
 30
1.8561011592512138
1001
HelioScope
1040
1.134
1040
2.382
1000
portrait
  0
INSERT
  5
664
330
17
100
AcDbEntity
  8
Modules
100
AcDbBlockReference
  2
fs_54641099_full
 10
114.61093005543415
 20
-98.41267757499082
 30
1.8561011592512138
1001
HelioScope
1040
1.134
1040
2.382
1000
portrait
  0
INSERT
  5
666
330
17
100
AcDbEntity
  8
Modules
100
AcDbBlockReference
  2
fs_54641099_full
 10
115.75764021543415
 20
-98.41267757499082
 30
1.8561011592512138
1001
HelioScope
1040
1.134
1040
2.382
1000
portrait
  0
INSERT
  5
668
330
17
100
AcDbEntity
  8
Modules
100
AcDbBlockReference
  2
fs_54641099_full
 10
116.90435037543415
 20
-98.41267757499082
 30
1.8561011592512138
1001
HelioScope
1040
1.134
1040
2.382
1000
portrait
  0
INSERT
  5
66A
330
17
100
AcDbEntity
  8
Modules
100
AcDbBlockReference
  2
fs_54641099_full
 10
-31.021260264565818
 20
-109.33973767325304
 30
1.8561011592512138
1001
HelioScope
1040
1.134
1040
2.382
1000
portrait
  0
INSERT
  5
66C
330
17
100
AcDbEntity
  8
Modules
100
AcDbBlockReference
  2
fs_54641099_full
 10
-32.167970424565816
 20
-109.33973767325304
 30
1.8561011592512138
1001
HelioScope
1040
1.134
1040
2.382
1000
portrait
  0
INSERT
  5
66E
330
17
100
AcDbEntity
  8
Modules
100
AcDbBlockReference
  2
fs_54641099_full
 10
-33.31468058456582
 20
-109.33973767325304
 30
1.8561011592512138
1001
HelioScope
1040
1.134
1040
2.382
1000
portrait
  0
INSERT
  5
670
330
17
100
AcDbEntity
  8
Modules
100
AcDbBlockReference
  2
fs_54641099_full
 10
-34.46139074456582
 20
-109.33973767325304
 30
1.8561011592512138
1001
HelioScope
1040
1.134
1040
2.382
1000
portrait
  0
INSERT
  5
672
330
17
100
AcDbEntity
  8
Modules
100
AcDbBlockReference
  2
fs_54641099_full
 10
-35.608100904565816
 20
-109.33973767325304
 30
1.8561011592512138
1001
HelioScope
1040
1.134
1040
2.382
1000
portrait
  0
INSERT
  5
674
330
17
100
AcDbEntity
  8
Modules
100
AcDbBlockReference
  2
fs_54641099_full
 10
-36.754811064565814
 20
-109.33973767325304
 30
1.8561011592512138
1001
HelioScope
1040
1.134
1040
2.382
1000
portrait
  0
INSERT
  5
676
330
17
100
AcDbEntity
  8
Modules
100
AcDbBlockReference
  2
fs_54641099_full
 10
-37.90152122456581
 20
-109.33973767325304
 30
1.8561011592512138
1001
HelioScope
1040
1.134
1040
2.382
1000
portrait
  0
INSERT
  5
678
330
17
100
AcDbEntity
  8
Modules
100
AcDbBlockReference
  2
fs_54641099_full
 10
-39.04823138456582
 20
-109.33973767325304
 30
1.8561011592512138
1001
HelioScope
1040
1.134
1040
2.382
1000
portrait
  0
INSERT
  5
67A
330
17
100
AcDbEntity
  8
Modules
100
AcDbBlockReference
  2
fs_54641099_full
 10
-40.194941544565815
 20
-109.33973767325304
 30
1.8561011592512138
1001
HelioScope
1040
1.134
1040
2.382
1000
portrait
  0
INSERT
  5
67C
330
17
100
AcDbEntity
  8
Modules
100
AcDbBlockReference
  2
fs_54641099_full
 10
-41.34165170456582
 20
-109.33973767325304
 30
1.8561011592512138
1001
HelioScope
1040
1.134
1040
2.382
1000
portrait
  0
INSERT
  5
67E
330
17
100
AcDbEntity
  8
Modules
100
AcDbBlockReference
  2
fs_54641099_full
 10
-29.87455010456582
 20
-109.33973767325304
 30
1.8561011592512138
1001
HelioScope
1040
1.134
1040
2.382
1000
portrait
  0
INSERT
  5
680
330
17
100
AcDbEntity
  8
Modules
100
AcDbBlockReference
  2
fs_54641099_full
 10
-28.72783994456582
 20
-109.33973767325304
 30
1.8561011592512138
1001
HelioScope
1040
1.134
1040
2.382
1000
portrait
  0
INSERT
  5
682
330
17
100
AcDbEntity
  8
Modules
100
AcDbBlockReference
  2
fs_54641099_full
 10
-27.581129784565817
 20
-109.33973767325304
 30
1.8561011592512138
1001
HelioScope
1040
1.134
1040
2.382
1000
portrait
  0
INSERT
  5
684
330
17
100
AcDbEntity
  8
Modules
100
AcDbBlockReference
  2
fs_54641099_full
 10
-26.43441962456582
 20
-109.33973767325304
 30
1.8561011592512138
1001
HelioScope
1040
1.134
1040
2.382
1000
portrait
  0
INSERT
  5
686
330
17
100
AcDbEntity
  8
Modules
100
AcDbBlockReference
  2
fs_54641099_full
 10
-25.28770946456582
 20
-109.33973767325304
 30
1.8561011592512138
1001
HelioScope
1040
1.134
1040
2.382
1000
portrait
  0
INSERT
  5
688
330
17
100
AcDbEntity
  8
Modules
100
AcDbBlockReference
  2
fs_54641099_full
 10
-24.14099930456582
 20
-109.33973767325304
 30
1.8561011592512138
1001
HelioScope
1040
1.134
1040
2.382
1000
portrait
  0
INSERT
  5
68A
330
17
100
AcDbEntity
  8
Modules
100
AcDbBlockReference
  2
fs_54641099_full
 10
-22.99428914456582
 20
-109.33973767325304
 30
1.8561011592512138
1001
HelioScope
1040
1.134
1040
2.382
1000
portrait
  0
INSERT
  5
68C
330
17
100
AcDbEntity
  8
Modules
100
AcDbBlockReference
  2
fs_54641099_full
 10
-21.847578984565818
 20
-109.33973767325304
 30
1.8561011592512138
1001
HelioScope
1040
1.134
1040
2.382
1000
portrait
  0
INSERT
  5
68E
330
17
100
AcDbEntity
  8
Modules
100
AcDbBlockReference
  2
fs_54641099_full
 10
-20.70086882456582
 20
-109.33973767325304
 30
1.8561011592512138
1001
HelioScope
1040
1.134
1040
2.382
1000
portrait
  0
INSERT
  5
690
330
17
100
AcDbEntity
  8
Modules
100
AcDbBlockReference
  2
fs_54641099_full
 10
-19.55415866456582
 20
-109.33973767325304
 30
1.8561011592512138
1001
HelioScope
1040
1.134
1040
2.382
1000
portrait
  0
INSERT
  5
692
330
17
100
AcDbEntity
  8
Modules
100
AcDbBlockReference
  2
fs_54641099_full
 10
-18.40744850456582
 20
-109.33973767325304
 30
1.8561011592512138
1001
HelioScope
1040
1.134
1040
2.382
1000
portrait
  0
INSERT
  5
694
330
17
100
AcDbEntity
  8
Modules
100
AcDbBlockReference
  2
fs_54641099_full
 10
-17.26073834456582
 20
-109.33973767325304
 30
1.8561011592512138
1001
HelioScope
1040
1.134
1040
2.382
1000
portrait
  0
INSERT
  5
696
330
17
100
AcDbEntity
  8
Modules
100
AcDbBlockReference
  2
fs_54641099_full
 10
-16.11402818456582
 20
-109.33973767325304
 30
1.8561011592512138
1001
HelioScope
1040
1.134
1040
2.382
1000
portrait
  0
INSERT
  5
698
330
17
100
AcDbEntity
  8
Modules
100
AcDbBlockReference
  2
fs_54641099_full
 10
-14.96731802456582
 20
-109.33973767325304
 30
1.8561011592512138
1001
HelioScope
1040
1.134
1040
2.382
1000
portrait
  0
INSERT
  5
69A
330
17
100
AcDbEntity
  8
Modules
100
AcDbBlockReference
  2
fs_54641099_full
 10
-13.820607864565819
 20
-109.33973767325304
 30
1.8561011592512138
1001
HelioScope
1040
1.134
1040
2.382
1000
portrait
  0
INSERT
  5
69C
330
17
100
AcDbEntity
  8
Modules
100
AcDbBlockReference
  2
fs_54641099_full
 10
-12.673897704565821
 20
-109.33973767325304
 30
1.8561011592512138
1001
HelioScope
1040
1.134
1040
2.382
1000
portrait
  0
INSERT
  5
69E
330
17
100
AcDbEntity
  8
Modules
100
AcDbBlockReference
  2
fs_54641099_full
 10
-11.52718754456582
 20
-109.33973767325304
 30
1.8561011592512138
1001
HelioScope
1040
1.134
1040
2.382
1000
portrait
  0
INSERT
  5
6A0
330
17
100
AcDbEntity
  8
Modules
100
AcDbBlockReference
  2
fs_54641099_full
 10
-10.380477384565822
 20
-109.33973767325304
 30
1.8561011592512138
1001
HelioScope
1040
1.134
1040
2.382
1000
portrait
  0
INSERT
  5
6A2
330
17
100
AcDbEntity
  8
Modules
100
AcDbBlockReference
  2
fs_54641099_full
 10
-9.23376722456582
 20
-109.33973767325304
 30
1.8561011592512138
1001
HelioScope
1040
1.134
1040
2.382
1000
portrait
  0
INSERT
  5
6A4
330
17
100
AcDbEntity
  8
Modules
100
AcDbBlockReference
  2
fs_54641099_full
 10
-8.087057064565823
 20
-109.33973767325304
 30
1.8561011592512138
1001
HelioScope
1040
1.134
1040
2.382
1000
portrait
  0
INSERT
  5
6A6
330
17
100
AcDbEntity
  8
Modules
100
AcDbBlockReference
  2
fs_54641099_full
 10
-6.940346904565825
 20
-109.33973767325304
 30
1.8561011592512138
1001
HelioScope
1040
1.134
1040
2.382
1000
portrait
  0
INSERT
  5
6A8
330
17
100
AcDbEntity
  8
Modules
100
AcDbBlockReference
  2
fs_54641099_full
 10
-5.79363674456582
 20
-109.33973767325304
 30
1.8561011592512138
1001
HelioScope
1040
1.134
1040
2.382
1000
portrait
  0
INSERT
  5
6AA
330
17
100
AcDbEntity
  8
Modules
100
AcDbBlockReference
  2
fs_54641099_full
 10
-4.646926584565822
 20
-109.33973767325304
 30
1.8561011592512138
1001
HelioScope
1040
1.134
1040
2.382
1000
portrait
  0
INSERT
  5
6AC
330
17
100
AcDbEntity
  8
Modules
100
AcDbBlockReference
  2
fs_54641099_full
 10
-3.5002164245658243
 20
-109.33973767325304
 30
1.8561011592512138
1001
HelioScope
1040
1.134
1040
2.382
1000
portrait
  0
INSERT
  5
6AE
330
17
100
AcDbEntity
  8
Modules
100
AcDbBlockReference
  2
fs_54641099_full
 10
-2.3535062645658194
 20
-109.33973767325304
 30
1.8561011592512138
1001
HelioScope
1040
1.134
1040
2.382
1000
portrait
  0
INSERT
  5
6B0
330
17
100
AcDbEntity
  8
Modules
100
AcDbBlockReference
  2
fs_54641099_full
 10
-1.2067961045658215
 20
-109.33973767325304
 30
1.8561011592512138
1001
HelioScope
1040
1.134
1040
2.382
1000
portrait
  0
INSERT
  5
6B2
330
17
100
AcDbEntity
  8
Modules
100
AcDbBlockReference
  2
fs_54641099_full
 10
-0.06008594456582372
 20
-109.33973767325304
 30
1.8561011592512138
1001
HelioScope
1040
1.134
1040
2.382
1000
portrait
  0
INSERT
  5
6B4
330
17
100
AcDbEntity
  8
Modules
100
AcDbBlockReference
  2
fs_54641099_full
 10
1.086624215434174
 20
-109.33973767325304
 30
1.8561011592512138
1001
HelioScope
1040
1.134
1040
2.382
1000
portrait
  0
INSERT
  5
6B6
330
17
100
AcDbEntity
  8
Modules
100
AcDbBlockReference
  2
fs_54641099_full
 10
2.2333343754341826
 20
-109.33973767325304
 30
1.8561011592512138
1001
HelioScope
1040
1.134
1040
2.382
1000
portrait
  0
INSERT
  5
6B8
330
17
100
AcDbEntity
  8
Modules
100
AcDbBlockReference
  2
fs_54641099_full
 10
3.3800445354341804
 20
-109.33973767325304
 30
1.8561011592512138
1001
HelioScope
1040
1.134
1040
2.382
1000
portrait
  0
INSERT
  5
6BA
330
17
100
AcDbEntity
  8
Modules
100
AcDbBlockReference
  2
fs_54641099_full
 10
4.526754695434178
 20
-109.33973767325304
 30
1.8561011592512138
1001
HelioScope
1040
1.134
1040
2.382
1000
portrait
  0
INSERT
  5
6BC
330
17
100
AcDbEntity
  8
Modules
100
AcDbBlockReference
  2
fs_54641099_full
 10
5.673464855434176
 20
-109.33973767325304
 30
1.8561011592512138
1001
HelioScope
1040
1.134
1040
2.382
1000
portrait
  0
INSERT
  5
6BE
330
17
100
AcDbEntity
  8
Modules
100
AcDbBlockReference
  2
fs_54641099_full
 10
6.820175015434174
 20
-109.33973767325304
 30
1.8561011592512138
1001
HelioScope
1040
1.134
1040
2.382
1000
portrait
  0
INSERT
  5
6C0
330
17
100
AcDbEntity
  8
Modules
100
AcDbBlockReference
  2
fs_54641099_full
 10
7.966885175434172
 20
-109.33973767325304
 30
1.8561011592512138
1001
HelioScope
1040
1.134
1040
2.382
1000
portrait
  0
INSERT
  5
6C2
330
17
100
AcDbEntity
  8
Modules
100
AcDbBlockReference
  2
fs_54641099_full
 10
9.11359533543417
 20
-109.33973767325304
 30
1.8561011592512138
1001
HelioScope
1040
1.134
1040
2.382
1000
portrait
  0
INSERT
  5
6C4
330
17
100
AcDbEntity
  8
Modules
100
AcDbBlockReference
  2
fs_54641099_full
 10
10.260305495434181
 20
-109.33973767325304
 30
1.8561011592512138
1001
HelioScope
1040
1.134
1040
2.382
1000
portrait
  0
INSERT
  5
6C6
330
17
100
AcDbEntity
  8
Modules
100
AcDbBlockReference
  2
fs_54641099_full
 10
11.40701565543418
 20
-109.33973767325304
 30
1.8561011592512138
1001
HelioScope
1040
1.134
1040
2.382
1000
portrait
  0
INSERT
  5
6C8
330
17
100
AcDbEntity
  8
Modules
100
AcDbBlockReference
  2
fs_54641099_full
 10
12.553725815434177
 20
-109.33973767325304
 30
1.8561011592512138
1001
HelioScope
1040
1.134
1040
2.382
1000
portrait
  0
INSERT
  5
6CA
330
17
100
AcDbEntity
  8
Modules
100
AcDbBlockReference
  2
fs_54641099_full
 10
13.700435975434175
 20
-109.33973767325304
 30
1.8561011592512138
1001
HelioScope
1040
1.134
1040
2.382
1000
portrait
  0
INSERT
  5
6CC
330
17
100
AcDbEntity
  8
Modules
100
AcDbBlockReference
  2
fs_54641099_full
 10
14.847146135434173
 20
-109.33973767325304
 30
1.8561011592512138
1001
HelioScope
1040
1.134
1040
2.382
1000
portrait
  0
INSERT
  5
6CE
330
17
100
AcDbEntity
  8
Modules
100
AcDbBlockReference
  2
fs_54641099_full
 10
15.99385629543417
 20
-109.33973767325304
 30
1.8561011592512138
1001
HelioScope
1040
1.134
1040
2.382
1000
portrait
  0
INSERT
  5
6D0
330
17
100
AcDbEntity
  8
Modules
100
AcDbBlockReference
  2
fs_54641099_full
 10
17.14056645543417
 20
-109.33973767325304
 30
1.8561011592512138
1001
HelioScope
1040
1.134
1040
2.382
1000
portrait
  0
INSERT
  5
6D2
330
17
100
AcDbEntity
  8
Modules
100
AcDbBlockReference
  2
fs_54641099_full
 10
18.28727661543418
 20
-109.33973767325304
 30
1.8561011592512138
1001
HelioScope
1040
1.134
1040
2.382
1000
portrait
  0
INSERT
  5
6D4
330
17
100
AcDbEntity
  8
Modules
100
AcDbBlockReference
  2
fs_54641099_full
 10
19.433986775434178
 20
-109.33973767325304
 30
1.8561011592512138
1001
HelioScope
1040
1.134
1040
2.382
1000
portrait
  0
INSERT
  5
6D6
330
17
100
AcDbEntity
  8
Modules
100
AcDbBlockReference
  2
fs_54641099_full
 10
20.580696935434176
 20
-109.33973767325304
 30
1.8561011592512138
1001
HelioScope
1040
1.134
1040
2.382
1000
portrait
  0
INSERT
  5
6D8
330
17
100
AcDbEntity
  8
Modules
100
AcDbBlockReference
  2
fs_54641099_full
 10
21.727407095434174
 20
-109.33973767325304
 30
1.8561011592512138
1001
HelioScope
1040
1.134
1040
2.382
1000
portrait
  0
INSERT
  5
6DA
330
17
100
AcDbEntity
  8
Modules
100
AcDbBlockReference
  2
fs_54641099_full
 10
22.87411725543417
 20
-109.33973767325304
 30
1.8561011592512138
1001
HelioScope
1040
1.134
1040
2.382
1000
portrait
  0
INSERT
  5
6DC
330
17
100
AcDbEntity
  8
Modules
100
AcDbBlockReference
  2
fs_54641099_full
 10
24.02082741543417
 20
-109.33973767325304
 30
1.8561011592512138
1001
HelioScope
1040
1.134
1040
2.382
1000
portrait
  0
INSERT
  5
6DE
330
17
100
AcDbEntity
  8
Modules
100
AcDbBlockReference
  2
fs_54641099_full
 10
25.167537575434167
 20
-109.33973767325304
 30
1.8561011592512138
1001
HelioScope
1040
1.134
1040
2.382
1000
portrait
  0
INSERT
  5
6E0
330
17
100
AcDbEntity
  8
Modules
100
AcDbBlockReference
  2
fs_54641099_full
 10
26.314247735434165
 20
-109.33973767325304
 30
1.8561011592512138
1001
HelioScope
1040
1.134
1040
2.382
1000
portrait
  0
INSERT
  5
6E2
330
17
100
AcDbEntity
  8
Modules
100
AcDbBlockReference
  2
fs_54641099_full
 10
27.460957895434163
 20
-109.33973767325304
 30
1.8561011592512138
1001
HelioScope
1040
1.134
1040
2.382
1000
portrait
  0
INSERT
  5
6E4
330
17
100
AcDbEntity
  8
Modules
100
AcDbBlockReference
  2
fs_54641099_full
 10
28.607668055434175
 20
-109.33973767325304
 30
1.8561011592512138
1001
HelioScope
1040
1.134
1040
2.382
1000
portrait
  0
INSERT
  5
6E6
330
17
100
AcDbEntity
  8
Modules
100
AcDbBlockReference
  2
fs_54641099_full
 10
29.754378215434173
 20
-109.33973767325304
 30
1.8561011592512138
1001
HelioScope
1040
1.134
1040
2.382
1000
portrait
  0
INSERT
  5
6E8
330
17
100
AcDbEntity
  8
Modules
100
AcDbBlockReference
  2
fs_54641099_full
 10
30.90108837543417
 20
-109.33973767325304
 30
1.8561011592512138
1001
HelioScope
1040
1.134
1040
2.382
1000
portrait
  0
INSERT
  5
6EA
330
17
100
AcDbEntity
  8
Modules
100
AcDbBlockReference
  2
fs_54641099_full
 10
32.04779853543417
 20
-109.33973767325304
 30
1.8561011592512138
1001
HelioScope
1040
1.134
1040
2.382
1000
portrait
  0
INSERT
  5
6EC
330
17
100
AcDbEntity
  8
Modules
100
AcDbBlockReference
  2
fs_54641099_full
 10
33.194508695434166
 20
-109.33973767325304
 30
1.8561011592512138
1001
HelioScope
1040
1.134
1040
2.382
1000
portrait
  0
INSERT
  5
6EE
330
17
100
AcDbEntity
  8
Modules
100
AcDbBlockReference
  2
fs_54641099_full
 10
34.341218855434164
 20
-109.33973767325304
 30
1.8561011592512138
1001
HelioScope
1040
1.134
1040
2.382
1000
portrait
  0
INSERT
  5
6F0
330
17
100
AcDbEntity
  8
Modules
100
AcDbBlockReference
  2
fs_54641099_full
 10
35.48792901543416
 20
-109.33973767325304
 30
1.8561011592512138
1001
HelioScope
1040
1.134
1040
2.382
1000
portrait
  0
INSERT
  5
6F2
330
17
100
AcDbEntity
  8
Modules
100
AcDbBlockReference
  2
fs_54641099_full
 10
36.634639175434174
 20
-109.33973767325304
 30
1.8561011592512138
1001
HelioScope
1040
1.134
1040
2.382
1000
portrait
  0
INSERT
  5
6F4
330
17
100
AcDbEntity
  8
Modules
100
AcDbBlockReference
  2
fs_54641099_full
 10
37.78134933543417
 20
-109.33973767325304
 30
1.8561011592512138
1001
HelioScope
1040
1.134
1040
2.382
1000
portrait
  0
INSERT
  5
6F6
330
17
100
AcDbEntity
  8
Modules
100
AcDbBlockReference
  2
fs_54641099_full
 10
38.92805949543417
 20
-109.33973767325304
 30
1.8561011592512138
1001
HelioScope
1040
1.134
1040
2.382
1000
portrait
  0
INSERT
  5
6F8
330
17
100
AcDbEntity
  8
Modules
100
AcDbBlockReference
  2
fs_54641099_full
 10
40.07476965543417
 20
-109.33973767325304
 30
1.8561011592512138
1001
HelioScope
1040
1.134
1040
2.382
1000
portrait
  0
INSERT
  5
6FA
330
17
100
AcDbEntity
  8
Modules
100
AcDbBlockReference
  2
fs_54641099_full
 10
41.221479815434165
 20
-109.33973767325304
 30
1.8561011592512138
1001
HelioScope
1040
1.134
1040
2.382
1000
portrait
  0
INSERT
  5
6FC
330
17
100
AcDbEntity
  8
Modules
100
AcDbBlockReference
  2
fs_54641099_full
 10
42.36818997543416
 20
-109.33973767325304
 30
1.8561011592512138
1001
HelioScope
1040
1.134
1040
2.382
1000
portrait
  0
INSERT
  5
6FE
330
17
100
AcDbEntity
  8
Modules
100
AcDbBlockReference
  2
fs_54641099_full
 10
43.51490013543416
 20
-109.33973767325304
 30
1.8561011592512138
1001
HelioScope
1040
1.134
1040
2.382
1000
portrait
  0
INSERT
  5
700
330
17
100
AcDbEntity
  8
Modules
100
AcDbBlockReference
  2
fs_54641099_full
 10
44.66161029543417
 20
-109.33973767325304
 30
1.8561011592512138
1001
HelioScope
1040
1.134
1040
2.382
1000
portrait
  0
INSERT
  5
702
330
17
100
AcDbEntity
  8
Modules
100
AcDbBlockReference
  2
fs_54641099_full
 10
45.80832045543417
 20
-109.33973767325304
 30
1.8561011592512138
1001
HelioScope
1040
1.134
1040
2.382
1000
portrait
  0
INSERT
  5
704
330
17
100
AcDbEntity
  8
Modules
100
AcDbBlockReference
  2
fs_54641099_full
 10
46.95503061543417
 20
-109.33973767325304
 30
1.8561011592512138
1001
HelioScope
1040
1.134
1040
2.382
1000
portrait
  0
INSERT
  5
706
330
17
100
AcDbEntity
  8
Modules
100
AcDbBlockReference
  2
fs_54641099_full
 10
48.101740775434166
 20
-109.33973767325304
 30
1.8561011592512138
1001
HelioScope
1040
1.134
1040
2.382
1000
portrait
  0
INSERT
  5
708
330
17
100
AcDbEntity
  8
Modules
100
AcDbBlockReference
  2
fs_54641099_full
 10
49.248450935434164
 20
-109.33973767325304
 30
1.8561011592512138
1001
HelioScope
1040
1.134
1040
2.382
1000
portrait
  0
INSERT
  5
70A
330
17
100
AcDbEntity
  8
Modules
100
AcDbBlockReference
  2
fs_54641099_full
 10
50.39516109543416
 20
-109.33973767325304
 30
1.8561011592512138
1001
HelioScope
1040
1.134
1040
2.382
1000
portrait
  0
INSERT
  5
70C
330
17
100
AcDbEntity
  8
Modules
100
AcDbBlockReference
  2
fs_54641099_full
 10
51.54187125543416
 20
-109.33973767325304
 30
1.8561011592512138
1001
HelioScope
1040
1.134
1040
2.382
1000
portrait
  0
INSERT
  5
70E
330
17
100
AcDbEntity
  8
Modules
100
AcDbBlockReference
  2
fs_54641099_full
 10
52.68858141543417
 20
-109.33973767325304
 30
1.8561011592512138
1001
HelioScope
1040
1.134
1040
2.382
1000
portrait
  0
INSERT
  5
710
330
17
100
AcDbEntity
  8
Modules
100
AcDbBlockReference
  2
fs_54641099_full
 10
53.83529157543417
 20
-109.33973767325304
 30
1.8561011592512138
1001
HelioScope
1040
1.134
1040
2.382
1000
portrait
  0
INSERT
  5
712
330
17
100
AcDbEntity
  8
Modules
100
AcDbBlockReference
  2
fs_54641099_full
 10
54.98200173543417
 20
-109.33973767325304
 30
1.8561011592512138
1001
HelioScope
1040
1.134
1040
2.382
1000
portrait
  0
INSERT
  5
714
330
17
100
AcDbEntity
  8
Modules
100
AcDbBlockReference
  2
fs_54641099_full
 10
56.128711895434165
 20
-109.33973767325304
 30
1.8561011592512138
1001
HelioScope
1040
1.134
1040
2.382
1000
portrait
  0
INSERT
  5
716
330
17
100
AcDbEntity
  8
Modules
100
AcDbBlockReference
  2
fs_54641099_full
 10
57.27542205543416
 20
-109.33973767325304
 30
1.8561011592512138
1001
HelioScope
1040
1.134
1040
2.382
1000
portrait
  0
INSERT
  5
718
330
17
100
AcDbEntity
  8
Modules
100
AcDbBlockReference
  2
fs_54641099_full
 10
58.42213221543416
 20
-109.33973767325304
 30
1.8561011592512138
1001
HelioScope
1040
1.134
1040
2.382
1000
portrait
  0
INSERT
  5
71A
330
17
100
AcDbEntity
  8
Modules
100
AcDbBlockReference
  2
fs_54641099_full
 10
59.56884237543416
 20
-109.33973767325304
 30
1.8561011592512138
1001
HelioScope
1040
1.134
1040
2.382
1000
portrait
  0
INSERT
  5
71C
330
17
100
AcDbEntity
  8
Modules
100
AcDbBlockReference
  2
fs_54641099_full
 10
60.71555253543417
 20
-109.33973767325304
 30
1.8561011592512138
1001
HelioScope
1040
1.134
1040
2.382
1000
portrait
  0
INSERT
  5
71E
330
17
100
AcDbEntity
  8
Modules
100
AcDbBlockReference
  2
fs_54641099_full
 10
61.86226269543417
 20
-109.33973767325304
 30
1.8561011592512138
1001
HelioScope
1040
1.134
1040
2.382
1000
portrait
  0
INSERT
  5
720
330
17
100
AcDbEntity
  8
Modules
100
AcDbBlockReference
  2
fs_54641099_full
 10
63.008972855434166
 20
-109.33973767325304
 30
1.8561011592512138
1001
HelioScope
1040
1.134
1040
2.382
1000
portrait
  0
INSERT
  5
722
330
17
100
AcDbEntity
  8
Modules
100
AcDbBlockReference
  2
fs_54641099_full
 10
64.15568301543416
 20
-109.33973767325304
 30
1.8561011592512138
1001
HelioScope
1040
1.134
1040
2.382
1000
portrait
  0
INSERT
  5
724
330
17
100
AcDbEntity
  8
Modules
100
AcDbBlockReference
  2
fs_54641099_full
 10
65.30239317543416
 20
-109.33973767325304
 30
1.8561011592512138
1001
HelioScope
1040
1.134
1040
2.382
1000
portrait
  0
INSERT
  5
726
330
17
100
AcDbEntity
  8
Modules
100
AcDbBlockReference
  2
fs_54641099_full
 10
66.44910333543416
 20
-109.33973767325304
 30
1.8561011592512138
1001
HelioScope
1040
1.134
1040
2.382
1000
portrait
  0
INSERT
  5
728
330
17
100
AcDbEntity
  8
Modules
100
AcDbBlockReference
  2
fs_54641099_full
 10
67.59581349543416
 20
-109.33973767325304
 30
1.8561011592512138
1001
HelioScope
1040
1.134
1040
2.382
1000
portrait
  0
INSERT
  5
72A
330
17
100
AcDbEntity
  8
Modules
100
AcDbBlockReference
  2
fs_54641099_full
 10
68.74252365543417
 20
-109.33973767325304
 30
1.8561011592512138
1001
HelioScope
1040
1.134
1040
2.382
1000
portrait
  0
INSERT
  5
72C
330
17
100
AcDbEntity
  8
Modules
100
AcDbBlockReference
  2
fs_54641099_full
 10
69.88923381543417
 20
-109.33973767325304
 30
1.8561011592512138
1001
HelioScope
1040
1.134
1040
2.382
1000
portrait
  0
INSERT
  5
72E
330
17
100
AcDbEntity
  8
Modules
100
AcDbBlockReference
  2
fs_54641099_full
 10
71.03594397543417
 20
-109.33973767325304
 30
1.8561011592512138
1001
HelioScope
1040
1.134
1040
2.382
1000
portrait
  0
INSERT
  5
730
330
17
100
AcDbEntity
  8
Modules
100
AcDbBlockReference
  2
fs_54641099_full
 10
72.18265413543416
 20
-109.33973767325304
 30
1.8561011592512138
1001
HelioScope
1040
1.134
1040
2.382
1000
portrait
  0
INSERT
  5
732
330
17
100
AcDbEntity
  8
Modules
100
AcDbBlockReference
  2
fs_54641099_full
 10
73.32936429543416
 20
-109.33973767325304
 30
1.8561011592512138
1001
HelioScope
1040
1.134
1040
2.382
1000
portrait
  0
INSERT
  5
734
330
17
100
AcDbEntity
  8
Modules
100
AcDbBlockReference
  2
fs_54641099_full
 10
74.47607445543416
 20
-109.33973767325304
 30
1.8561011592512138
1001
HelioScope
1040
1.134
1040
2.382
1000
portrait
  0
INSERT
  5
736
330
17
100
AcDbEntity
  8
Modules
100
AcDbBlockReference
  2
fs_54641099_full
 10
75.62278461543416
 20
-109.33973767325304
 30
1.8561011592512138
1001
HelioScope
1040
1.134
1040
2.382
1000
portrait
  0
INSERT
  5
738
330
17
100
AcDbEntity
  8
Modules
100
AcDbBlockReference
  2
fs_54641099_full
 10
76.76949477543415
 20
-109.33973767325304
 30
1.8561011592512138
1001
HelioScope
1040
1.134
1040
2.382
1000
portrait
  0
INSERT
  5
73A
330
17
100
AcDbEntity
  8
Modules
100
AcDbBlockReference
  2
fs_54641099_full
 10
77.91620493543417
 20
-109.33973767325304
 30
1.8561011592512138
1001
HelioScope
1040
1.134
1040
2.382
1000
portrait
  0
INSERT
  5
73C
330
17
100
AcDbEntity
  8
Modules
100
AcDbBlockReference
  2
fs_54641099_full
 10
79.06291509543416
 20
-109.33973767325304
 30
1.8561011592512138
1001
HelioScope
1040
1.134
1040
2.382
1000
portrait
  0
INSERT
  5
73E
330
17
100
AcDbEntity
  8
Modules
100
AcDbBlockReference
  2
fs_54641099_full
 10
80.20962525543416
 20
-109.33973767325304
 30
1.8561011592512138
1001
HelioScope
1040
1.134
1040
2.382
1000
portrait
  0
INSERT
  5
740
330
17
100
AcDbEntity
  8
Modules
100
AcDbBlockReference
  2
fs_54641099_full
 10
81.35633541543416
 20
-109.33973767325304
 30
1.8561011592512138
1001
HelioScope
1040
1.134
1040
2.382
1000
portrait
  0
INSERT
  5
742
330
17
100
AcDbEntity
  8
Modules
100
AcDbBlockReference
  2
fs_54641099_full
 10
82.50304557543416
 20
-109.33973767325304
 30
1.8561011592512138
1001
HelioScope
1040
1.134
1040
2.382
1000
portrait
  0
INSERT
  5
744
330
17
100
AcDbEntity
  8
Modules
100
AcDbBlockReference
  2
fs_54641099_full
 10
83.64975573543416
 20
-109.33973767325304
 30
1.8561011592512138
1001
HelioScope
1040
1.134
1040
2.382
1000
portrait
  0
INSERT
  5
746
330
17
100
AcDbEntity
  8
Modules
100
AcDbBlockReference
  2
fs_54641099_full
 10
84.79646589543415
 20
-109.33973767325304
 30
1.8561011592512138
1001
HelioScope
1040
1.134
1040
2.382
1000
portrait
  0
INSERT
  5
748
330
17
100
AcDbEntity
  8
Modules
100
AcDbBlockReference
  2
fs_54641099_full
 10
85.94317605543417
 20
-109.33973767325304
 30
1.8561011592512138
1001
HelioScope
1040
1.134
1040
2.382
1000
portrait
  0
INSERT
  5
74A
330
17
100
AcDbEntity
  8
Modules
100
AcDbBlockReference
  2
fs_54641099_full
 10
87.08988621543416
 20
-109.33973767325304
 30
1.8561011592512138
1001
HelioScope
1040
1.134
1040
2.382
1000
portrait
  0
INSERT
  5
74C
330
17
100
AcDbEntity
  8
Modules
100
AcDbBlockReference
  2
fs_54641099_full
 10
88.23659637543416
 20
-109.33973767325304
 30
1.8561011592512138
1001
HelioScope
1040
1.134
1040
2.382
1000
portrait
  0
INSERT
  5
74E
330
17
100
AcDbEntity
  8
Modules
100
AcDbBlockReference
  2
fs_54641099_full
 10
89.38330653543416
 20
-109.33973767325304
 30
1.8561011592512138
1001
HelioScope
1040
1.134
1040
2.382
1000
portrait
  0
INSERT
  5
750
330
17
100
AcDbEntity
  8
Modules
100
AcDbBlockReference
  2
fs_54641099_full
 10
90.53001669543416
 20
-109.33973767325304
 30
1.8561011592512138
1001
HelioScope
1040
1.134
1040
2.382
1000
portrait
  0
INSERT
  5
752
330
17
100
AcDbEntity
  8
Modules
100
AcDbBlockReference
  2
fs_54641099_full
 10
91.67672685543415
 20
-109.33973767325304
 30
1.8561011592512138
1001
HelioScope
1040
1.134
1040
2.382
1000
portrait
  0
INSERT
  5
754
330
17
100
AcDbEntity
  8
Modules
100
AcDbBlockReference
  2
fs_54641099_full
 10
92.82343701543415
 20
-109.33973767325304
 30
1.8561011592512138
1001
HelioScope
1040
1.134
1040
2.382
1000
portrait
  0
INSERT
  5
756
330
17
100
AcDbEntity
  8
Modules
100
AcDbBlockReference
  2
fs_54641099_full
 10
93.97014717543415
 20
-109.33973767325304
 30
1.8561011592512138
1001
HelioScope
1040
1.134
1040
2.382
1000
portrait
  0
INSERT
  5
758
330
17
100
AcDbEntity
  8
Modules
100
AcDbBlockReference
  2
fs_54641099_full
 10
95.11685733543415
 20
-109.33973767325304
 30
1.8561011592512138
1001
HelioScope
1040
1.134
1040
2.382
1000
portrait
  0
INSERT
  5
75A
330
17
100
AcDbEntity
  8
Modules
100
AcDbBlockReference
  2
fs_54641099_full
 10
96.26356749543415
 20
-109.33973767325304
 30
1.8561011592512138
1001
HelioScope
1040
1.134
1040
2.382
1000
portrait
  0
INSERT
  5
75C
330
17
100
AcDbEntity
  8
Modules
100
AcDbBlockReference
  2
fs_54641099_full
 10
97.41027765543417
 20
-109.33973767325304
 30
1.8561011592512138
1001
HelioScope
1040
1.134
1040
2.382
1000
portrait
  0
INSERT
  5
75E
330
17
100
AcDbEntity
  8
Modules
100
AcDbBlockReference
  2
fs_54641099_full
 10
98.55698781543418
 20
-109.33973767325304
 30
1.8561011592512138
1001
HelioScope
1040
1.134
1040
2.382
1000
portrait
  0
INSERT
  5
760
330
17
100
AcDbEntity
  8
Modules
100
AcDbBlockReference
  2
fs_54641099_full
 10
99.70369797543418
 20
-109.33973767325304
 30
1.8561011592512138
1001
HelioScope
1040
1.134
1040
2.382
1000
portrait
  0
INSERT
  5
762
330
17
100
AcDbEntity
  8
Modules
100
AcDbBlockReference
  2
fs_54641099_full
 10
100.85040813543418
 20
-109.33973767325304
 30
1.8561011592512138
1001
HelioScope
1040
1.134
1040
2.382
1000
portrait
  0
INSERT
  5
764
330
17
100
AcDbEntity
  8
Modules
100
AcDbBlockReference
  2
fs_54641099_full
 10
101.99711829543418
 20
-109.33973767325304
 30
1.8561011592512138
1001
HelioScope
1040
1.134
1040
2.382
1000
portrait
  0
INSERT
  5
766
330
17
100
AcDbEntity
  8
Modules
100
AcDbBlockReference
  2
fs_54641099_full
 10
103.14382845543417
 20
-109.33973767325304
 30
1.8561011592512138
1001
HelioScope
1040
1.134
1040
2.382
1000
portrait
  0
INSERT
  5
768
330
17
100
AcDbEntity
  8
Modules
100
AcDbBlockReference
  2
fs_54641099_full
 10
104.29053861543417
 20
-109.33973767325304
 30
1.8561011592512138
1001
HelioScope
1040
1.134
1040
2.382
1000
portrait
  0
INSERT
  5
76A
330
17
100
AcDbEntity
  8
Modules
100
AcDbBlockReference
  2
fs_54641099_full
 10
105.43724877543417
 20
-109.33973767325304
 30
1.8561011592512138
1001
HelioScope
1040
1.134
1040
2.382
1000
portrait
  0
INSERT
  5
76C
330
17
100
AcDbEntity
  8
Modules
100
AcDbBlockReference
  2
fs_54641099_full
 10
106.58395893543417
 20
-109.33973767325304
 30
1.8561011592512138
1001
HelioScope
1040
1.134
1040
2.382
1000
portrait
  0
INSERT
  5
76E
330
17
100
AcDbEntity
  8
Modules
100
AcDbBlockReference
  2
fs_54641099_full
 10
107.73066909543417
 20
-109.33973767325304
 30
1.8561011592512138
1001
HelioScope
1040
1.134
1040
2.382
1000
portrait
  0
INSERT
  5
770
330
17
100
AcDbEntity
  8
Modules
100
AcDbBlockReference
  2
fs_54641099_full
 10
108.87737925543416
 20
-109.33973767325304
 30
1.8561011592512138
1001
HelioScope
1040
1.134
1040
2.382
1000
portrait
  0
INSERT
  5
772
330
17
100
AcDbEntity
  8
Modules
100
AcDbBlockReference
  2
fs_54641099_full
 10
110.02408941543416
 20
-109.33973767325304
 30
1.8561011592512138
1001
HelioScope
1040
1.134
1040
2.382
1000
portrait
  0
INSERT
  5
774
330
17
100
AcDbEntity
  8
Modules
100
AcDbBlockReference
  2
fs_54641099_full
 10
-20.70086882456582
 20
-120.26679777151526
 30
1.8561011592512138
1001
HelioScope
1040
1.134
1040
2.382
1000
portrait
  0
INSERT
  5
776
330
17
100
AcDbEntity
  8
Modules
100
AcDbBlockReference
  2
fs_54641099_full
 10
-21.84757898456582
 20
-120.26679777151526
 30
1.8561011592512138
1001
HelioScope
1040
1.134
1040
2.382
1000
portrait
  0
INSERT
  5
778
330
17
100
AcDbEntity
  8
Modules
100
AcDbBlockReference
  2
fs_54641099_full
 10
-22.99428914456582
 20
-120.26679777151526
 30
1.8561011592512138
1001
HelioScope
1040
1.134
1040
2.382
1000
portrait
  0
INSERT
  5
77A
330
17
100
AcDbEntity
  8
Modules
100
AcDbBlockReference
  2
fs_54641099_full
 10
-24.14099930456582
 20
-120.26679777151526
 30
1.8561011592512138
1001
HelioScope
1040
1.134
1040
2.382
1000
portrait
  0
INSERT
  5
77C
330
17
100
AcDbEntity
  8
Modules
100
AcDbBlockReference
  2
fs_54641099_full
 10
-25.287709464565822
 20
-120.26679777151526
 30
1.8561011592512138
1001
HelioScope
1040
1.134
1040
2.382
1000
portrait
  0
INSERT
  5
77E
330
17
100
AcDbEntity
  8
Modules
100
AcDbBlockReference
  2
fs_54641099_full
 10
-26.43441962456582
 20
-120.26679777151526
 30
1.8561011592512138
1001
HelioScope
1040
1.134
1040
2.382
1000
portrait
  0
INSERT
  5
780
330
17
100
AcDbEntity
  8
Modules
100
AcDbBlockReference
  2
fs_54641099_full
 10
-27.581129784565817
 20
-120.26679777151526
 30
1.8561011592512138
1001
HelioScope
1040
1.134
1040
2.382
1000
portrait
  0
INSERT
  5
782
330
17
100
AcDbEntity
  8
Modules
100
AcDbBlockReference
  2
fs_54641099_full
 10
-28.72783994456582
 20
-120.26679777151526
 30
1.8561011592512138
1001
HelioScope
1040
1.134
1040
2.382
1000
portrait
  0
INSERT
  5
784
330
17
100
AcDbEntity
  8
Modules
100
AcDbBlockReference
  2
fs_54641099_full
 10
-29.87455010456582
 20
-120.26679777151526
 30
1.8561011592512138
1001
HelioScope
1040
1.134
1040
2.382
1000
portrait
  0
INSERT
  5
786
330
17
100
AcDbEntity
  8
Modules
100
AcDbBlockReference
  2
fs_54641099_full
 10
-31.021260264565818
 20
-120.26679777151526
 30
1.8561011592512138
1001
HelioScope
1040
1.134
1040
2.382
1000
portrait
  0
INSERT
  5
788
330
17
100
AcDbEntity
  8
Modules
100
AcDbBlockReference
  2
fs_54641099_full
 10
-32.167970424565816
 20
-120.26679777151526
 30
1.8561011592512138
1001
HelioScope
1040
1.134
1040
2.382
1000
portrait
  0
INSERT
  5
78A
330
17
100
AcDbEntity
  8
Modules
100
AcDbBlockReference
  2
fs_54641099_full
 10
-33.31468058456582
 20
-120.26679777151526
 30
1.8561011592512138
1001
HelioScope
1040
1.134
1040
2.382
1000
portrait
  0
INSERT
  5
78C
330
17
100
AcDbEntity
  8
Modules
100
AcDbBlockReference
  2
fs_54641099_full
 10
-34.46139074456582
 20
-120.26679777151526
 30
1.8561011592512138
1001
HelioScope
1040
1.134
1040
2.382
1000
portrait
  0
INSERT
  5
78E
330
17
100
AcDbEntity
  8
Modules
100
AcDbBlockReference
  2
fs_54641099_full
 10
-35.608100904565816
 20
-120.26679777151526
 30
1.8561011592512138
1001
HelioScope
1040
1.134
1040
2.382
1000
portrait
  0
INSERT
  5
790
330
17
100
AcDbEntity
  8
Modules
100
AcDbBlockReference
  2
fs_54641099_full
 10
-36.754811064565814
 20
-120.26679777151526
 30
1.8561011592512138
1001
HelioScope
1040
1.134
1040
2.382
1000
portrait
  0
INSERT
  5
792
330
17
100
AcDbEntity
  8
Modules
100
AcDbBlockReference
  2
fs_54641099_full
 10
-19.554158664565822
 20
-120.26679777151526
 30
1.8561011592512138
1001
HelioScope
1040
1.134
1040
2.382
1000
portrait
  0
INSERT
  5
794
330
17
100
AcDbEntity
  8
Modules
100
AcDbBlockReference
  2
fs_54641099_full
 10
-18.40744850456582
 20
-120.26679777151526
 30
1.8561011592512138
1001
HelioScope
1040
1.134
1040
2.382
1000
portrait
  0
INSERT
  5
796
330
17
100
AcDbEntity
  8
Modules
100
AcDbBlockReference
  2
fs_54641099_full
 10
-17.26073834456582
 20
-120.26679777151526
 30
1.8561011592512138
1001
HelioScope
1040
1.134
1040
2.382
1000
portrait
  0
INSERT
  5
798
330
17
100
AcDbEntity
  8
Modules
100
AcDbBlockReference
  2
fs_54641099_full
 10
-16.11402818456582
 20
-120.26679777151526
 30
1.8561011592512138
1001
HelioScope
1040
1.134
1040
2.382
1000
portrait
  0
INSERT
  5
79A
330
17
100
AcDbEntity
  8
Modules
100
AcDbBlockReference
  2
fs_54641099_full
 10
-14.96731802456582
 20
-120.26679777151526
 30
1.8561011592512138
1001
HelioScope
1040
1.134
1040
2.382
1000
portrait
  0
INSERT
  5
79C
330
17
100
AcDbEntity
  8
Modules
100
AcDbBlockReference
  2
fs_54641099_full
 10
-13.820607864565822
 20
-120.26679777151526
 30
1.8561011592512138
1001
HelioScope
1040
1.134
1040
2.382
1000
portrait
  0
INSERT
  5
79E
330
17
100
AcDbEntity
  8
Modules
100
AcDbBlockReference
  2
fs_54641099_full
 10
-12.673897704565821
 20
-120.26679777151526
 30
1.8561011592512138
1001
HelioScope
1040
1.134
1040
2.382
1000
portrait
  0
INSERT
  5
7A0
330
17
100
AcDbEntity
  8
Modules
100
AcDbBlockReference
  2
fs_54641099_full
 10
-11.527187544565823
 20
-120.26679777151526
 30
1.8561011592512138
1001
HelioScope
1040
1.134
1040
2.382
1000
portrait
  0
INSERT
  5
7A2
330
17
100
AcDbEntity
  8
Modules
100
AcDbBlockReference
  2
fs_54641099_full
 10
-10.380477384565822
 20
-120.26679777151526
 30
1.8561011592512138
1001
HelioScope
1040
1.134
1040
2.382
1000
portrait
  0
INSERT
  5
7A4
330
17
100
AcDbEntity
  8
Modules
100
AcDbBlockReference
  2
fs_54641099_full
 10
-9.23376722456582
 20
-120.26679777151526
 30
1.8561011592512138
1001
HelioScope
1040
1.134
1040
2.382
1000
portrait
  0
INSERT
  5
7A6
330
17
100
AcDbEntity
  8
Modules
100
AcDbBlockReference
  2
fs_54641099_full
 10
-8.087057064565823
 20
-120.26679777151526
 30
1.8561011592512138
1001
HelioScope
1040
1.134
1040
2.382
1000
portrait
  0
INSERT
  5
7A8
330
17
100
AcDbEntity
  8
Modules
100
AcDbBlockReference
  2
fs_54641099_full
 10
-6.940346904565821
 20
-120.26679777151526
 30
1.8561011592512138
1001
HelioScope
1040
1.134
1040
2.382
1000
portrait
  0
INSERT
  5
7AA
330
17
100
AcDbEntity
  8
Modules
100
AcDbBlockReference
  2
fs_54641099_full
 10
-5.7936367445658234
 20
-120.26679777151526
 30
1.8561011592512138
1001
HelioScope
1040
1.134
1040
2.382
1000
portrait
  0
INSERT
  5
7AC
330
17
100
AcDbEntity
  8
Modules
100
AcDbBlockReference
  2
fs_54641099_full
 10
-4.646926584565822
 20
-120.26679777151526
 30
1.8561011592512138
1001
HelioScope
1040
1.134
1040
2.382
1000
portrait
  0
INSERT
  5
7AE
330
17
100
AcDbEntity
  8
Modules
100
AcDbBlockReference
  2
fs_54641099_full
 10
-3.5002164245658243
 20
-120.26679777151526
 30
1.8561011592512138
1001
HelioScope
1040
1.134
1040
2.382
1000
portrait
  0
INSERT
  5
7B0
330
17
100
AcDbEntity
  8
Modules
100
AcDbBlockReference
  2
fs_54641099_full
 10
-2.3535062645658265
 20
-120.26679777151526
 30
1.8561011592512138
1001
HelioScope
1040
1.134
1040
2.382
1000
portrait
  0
INSERT
  5
7B2
330
17
100
AcDbEntity
  8
Modules
100
AcDbBlockReference
  2
fs_54641099_full
 10
-1.2067961045658215
 20
-120.26679777151526
 30
1.8561011592512138
1001
HelioScope
1040
1.134
1040
2.382
1000
portrait
  0
INSERT
  5
7B4
330
17
100
AcDbEntity
  8
Modules
100
AcDbBlockReference
  2
fs_54641099_full
 10
-0.06008594456582372
 20
-120.26679777151526
 30
1.8561011592512138
1001
HelioScope
1040
1.134
1040
2.382
1000
portrait
  0
INSERT
  5
7B6
330
17
100
AcDbEntity
  8
Modules
100
AcDbBlockReference
  2
fs_54641099_full
 10
1.086624215434174
 20
-120.26679777151526
 30
1.8561011592512138
1001
HelioScope
1040
1.134
1040
2.382
1000
portrait
  0
INSERT
  5
7B8
330
17
100
AcDbEntity
  8
Modules
100
AcDbBlockReference
  2
fs_54641099_full
 10
2.2333343754341826
 20
-120.26679777151526
 30
1.8561011592512138
1001
HelioScope
1040
1.134
1040
2.382
1000
portrait
  0
INSERT
  5
7BA
330
17
100
AcDbEntity
  8
Modules
100
AcDbBlockReference
  2
fs_54641099_full
 10
3.3800445354341804
 20
-120.26679777151526
 30
1.8561011592512138
1001
HelioScope
1040
1.134
1040
2.382
1000
portrait
  0
INSERT
  5
7BC
330
17
100
AcDbEntity
  8
Modules
100
AcDbBlockReference
  2
fs_54641099_full
 10
4.526754695434178
 20
-120.26679777151526
 30
1.8561011592512138
1001
HelioScope
1040
1.134
1040
2.382
1000
portrait
  0
INSERT
  5
7BE
330
17
100
AcDbEntity
  8
Modules
100
AcDbBlockReference
  2
fs_54641099_full
 10
5.673464855434176
 20
-120.26679777151526
 30
1.8561011592512138
1001
HelioScope
1040
1.134
1040
2.382
1000
portrait
  0
INSERT
  5
7C0
330
17
100
AcDbEntity
  8
Modules
100
AcDbBlockReference
  2
fs_54641099_full
 10
6.820175015434174
 20
-120.26679777151526
 30
1.8561011592512138
1001
HelioScope
1040
1.134
1040
2.382
1000
portrait
  0
INSERT
  5
7C2
330
17
100
AcDbEntity
  8
Modules
100
AcDbBlockReference
  2
fs_54641099_full
 10
7.966885175434172
 20
-120.26679777151526
 30
1.8561011592512138
1001
HelioScope
1040
1.134
1040
2.382
1000
portrait
  0
INSERT
  5
7C4
330
17
100
AcDbEntity
  8
Modules
100
AcDbBlockReference
  2
fs_54641099_full
 10
9.11359533543417
 20
-120.26679777151526
 30
1.8561011592512138
1001
HelioScope
1040
1.134
1040
2.382
1000
portrait
  0
INSERT
  5
7C6
330
17
100
AcDbEntity
  8
Modules
100
AcDbBlockReference
  2
fs_54641099_full
 10
10.260305495434181
 20
-120.26679777151526
 30
1.8561011592512138
1001
HelioScope
1040
1.134
1040
2.382
1000
portrait
  0
INSERT
  5
7C8
330
17
100
AcDbEntity
  8
Modules
100
AcDbBlockReference
  2
fs_54641099_full
 10
11.40701565543418
 20
-120.26679777151526
 30
1.8561011592512138
1001
HelioScope
1040
1.134
1040
2.382
1000
portrait
  0
INSERT
  5
7CA
330
17
100
AcDbEntity
  8
Modules
100
AcDbBlockReference
  2
fs_54641099_full
 10
12.553725815434177
 20
-120.26679777151526
 30
1.8561011592512138
1001
HelioScope
1040
1.134
1040
2.382
1000
portrait
  0
INSERT
  5
7CC
330
17
100
AcDbEntity
  8
Modules
100
AcDbBlockReference
  2
fs_54641099_full
 10
13.700435975434175
 20
-120.26679777151526
 30
1.8561011592512138
1001
HelioScope
1040
1.134
1040
2.382
1000
portrait
  0
INSERT
  5
7CE
330
17
100
AcDbEntity
  8
Modules
100
AcDbBlockReference
  2
fs_54641099_full
 10
14.847146135434173
 20
-120.26679777151526
 30
1.8561011592512138
1001
HelioScope
1040
1.134
1040
2.382
1000
portrait
  0
INSERT
  5
7D0
330
17
100
AcDbEntity
  8
Modules
100
AcDbBlockReference
  2
fs_54641099_full
 10
15.99385629543417
 20
-120.26679777151526
 30
1.8561011592512138
1001
HelioScope
1040
1.134
1040
2.382
1000
portrait
  0
INSERT
  5
7D2
330
17
100
AcDbEntity
  8
Modules
100
AcDbBlockReference
  2
fs_54641099_full
 10
17.14056645543417
 20
-120.26679777151526
 30
1.8561011592512138
1001
HelioScope
1040
1.134
1040
2.382
1000
portrait
  0
INSERT
  5
7D4
330
17
100
AcDbEntity
  8
Modules
100
AcDbBlockReference
  2
fs_54641099_full
 10
18.28727661543418
 20
-120.26679777151526
 30
1.8561011592512138
1001
HelioScope
1040
1.134
1040
2.382
1000
portrait
  0
INSERT
  5
7D6
330
17
100
AcDbEntity
  8
Modules
100
AcDbBlockReference
  2
fs_54641099_full
 10
19.433986775434178
 20
-120.26679777151526
 30
1.8561011592512138
1001
HelioScope
1040
1.134
1040
2.382
1000
portrait
  0
INSERT
  5
7D8
330
17
100
AcDbEntity
  8
Modules
100
AcDbBlockReference
  2
fs_54641099_full
 10
20.580696935434176
 20
-120.26679777151526
 30
1.8561011592512138
1001
HelioScope
1040
1.134
1040
2.382
1000
portrait
  0
INSERT
  5
7DA
330
17
100
AcDbEntity
  8
Modules
100
AcDbBlockReference
  2
fs_54641099_full
 10
21.727407095434174
 20
-120.26679777151526
 30
1.8561011592512138
1001
HelioScope
1040
1.134
1040
2.382
1000
portrait
  0
INSERT
  5
7DC
330
17
100
AcDbEntity
  8
Modules
100
AcDbBlockReference
  2
fs_54641099_full
 10
22.87411725543417
 20
-120.26679777151526
 30
1.8561011592512138
1001
HelioScope
1040
1.134
1040
2.382
1000
portrait
  0
INSERT
  5
7DE
330
17
100
AcDbEntity
  8
Modules
100
AcDbBlockReference
  2
fs_54641099_full
 10
24.02082741543417
 20
-120.26679777151526
 30
1.8561011592512138
1001
HelioScope
1040
1.134
1040
2.382
1000
portrait
  0
INSERT
  5
7E0
330
17
100
AcDbEntity
  8
Modules
100
AcDbBlockReference
  2
fs_54641099_full
 10
25.167537575434167
 20
-120.26679777151526
 30
1.8561011592512138
1001
HelioScope
1040
1.134
1040
2.382
1000
portrait
  0
INSERT
  5
7E2
330
17
100
AcDbEntity
  8
Modules
100
AcDbBlockReference
  2
fs_54641099_full
 10
26.314247735434165
 20
-120.26679777151526
 30
1.8561011592512138
1001
HelioScope
1040
1.134
1040
2.382
1000
portrait
  0
INSERT
  5
7E4
330
17
100
AcDbEntity
  8
Modules
100
AcDbBlockReference
  2
fs_54641099_full
 10
27.460957895434177
 20
-120.26679777151526
 30
1.8561011592512138
1001
HelioScope
1040
1.134
1040
2.382
1000
portrait
  0
INSERT
  5
7E6
330
17
100
AcDbEntity
  8
Modules
100
AcDbBlockReference
  2
fs_54641099_full
 10
28.607668055434175
 20
-120.26679777151526
 30
1.8561011592512138
1001
HelioScope
1040
1.134
1040
2.382
1000
portrait
  0
INSERT
  5
7E8
330
17
100
AcDbEntity
  8
Modules
100
AcDbBlockReference
  2
fs_54641099_full
 10
29.754378215434173
 20
-120.26679777151526
 30
1.8561011592512138
1001
HelioScope
1040
1.134
1040
2.382
1000
portrait
  0
INSERT
  5
7EA
330
17
100
AcDbEntity
  8
Modules
100
AcDbBlockReference
  2
fs_54641099_full
 10
30.90108837543417
 20
-120.26679777151526
 30
1.8561011592512138
1001
HelioScope
1040
1.134
1040
2.382
1000
portrait
  0
INSERT
  5
7EC
330
17
100
AcDbEntity
  8
Modules
100
AcDbBlockReference
  2
fs_54641099_full
 10
32.04779853543417
 20
-120.26679777151526
 30
1.8561011592512138
1001
HelioScope
1040
1.134
1040
2.382
1000
portrait
  0
INSERT
  5
7EE
330
17
100
AcDbEntity
  8
Modules
100
AcDbBlockReference
  2
fs_54641099_full
 10
33.19450869543418
 20
-120.26679777151526
 30
1.8561011592512138
1001
HelioScope
1040
1.134
1040
2.382
1000
portrait
  0
INSERT
  5
7F0
330
17
100
AcDbEntity
  8
Modules
100
AcDbBlockReference
  2
fs_54641099_full
 10
34.34121885543418
 20
-120.26679777151526
 30
1.8561011592512138
1001
HelioScope
1040
1.134
1040
2.382
1000
portrait
  0
INSERT
  5
7F2
330
17
100
AcDbEntity
  8
Modules
100
AcDbBlockReference
  2
fs_54641099_full
 10
35.487929015434176
 20
-120.26679777151526
 30
1.8561011592512138
1001
HelioScope
1040
1.134
1040
2.382
1000
portrait
  0
INSERT
  5
7F4
330
17
100
AcDbEntity
  8
Modules
100
AcDbBlockReference
  2
fs_54641099_full
 10
36.634639175434174
 20
-120.26679777151526
 30
1.8561011592512138
1001
HelioScope
1040
1.134
1040
2.382
1000
portrait
  0
INSERT
  5
7F6
330
17
100
AcDbEntity
  8
Modules
100
AcDbBlockReference
  2
fs_54641099_full
 10
37.78134933543417
 20
-120.26679777151526
 30
1.8561011592512138
1001
HelioScope
1040
1.134
1040
2.382
1000
portrait
  0
INSERT
  5
7F8
330
17
100
AcDbEntity
  8
Modules
100
AcDbBlockReference
  2
fs_54641099_full
 10
38.92805949543417
 20
-120.26679777151526
 30
1.8561011592512138
1001
HelioScope
1040
1.134
1040
2.382
1000
portrait
  0
INSERT
  5
7FA
330
17
100
AcDbEntity
  8
Modules
100
AcDbBlockReference
  2
fs_54641099_full
 10
40.07476965543417
 20
-120.26679777151526
 30
1.8561011592512138
1001
HelioScope
1040
1.134
1040
2.382
1000
portrait
  0
INSERT
  5
7FC
330
17
100
AcDbEntity
  8
Modules
100
AcDbBlockReference
  2
fs_54641099_full
 10
41.22147981543418
 20
-120.26679777151526
 30
1.8561011592512138
1001
HelioScope
1040
1.134
1040
2.382
1000
portrait
  0
INSERT
  5
7FE
330
17
100
AcDbEntity
  8
Modules
100
AcDbBlockReference
  2
fs_54641099_full
 10
42.36818997543418
 20
-120.26679777151526
 30
1.8561011592512138
1001
HelioScope
1040
1.134
1040
2.382
1000
portrait
  0
INSERT
  5
800
330
17
100
AcDbEntity
  8
Modules
100
AcDbBlockReference
  2
fs_54641099_full
 10
43.514900135434175
 20
-120.26679777151526
 30
1.8561011592512138
1001
HelioScope
1040
1.134
1040
2.382
1000
portrait
  0
INSERT
  5
802
330
17
100
AcDbEntity
  8
Modules
100
AcDbBlockReference
  2
fs_54641099_full
 10
44.66161029543417
 20
-120.26679777151526
 30
1.8561011592512138
1001
HelioScope
1040
1.134
1040
2.382
1000
portrait
  0
INSERT
  5
804
330
17
100
AcDbEntity
  8
Modules
100
AcDbBlockReference
  2
fs_54641099_full
 10
45.80832045543417
 20
-120.26679777151526
 30
1.8561011592512138
1001
HelioScope
1040
1.134
1040
2.382
1000
portrait
  0
INSERT
  5
806
330
17
100
AcDbEntity
  8
Modules
100
AcDbBlockReference
  2
fs_54641099_full
 10
46.95503061543417
 20
-120.26679777151526
 30
1.8561011592512138
1001
HelioScope
1040
1.134
1040
2.382
1000
portrait
  0
INSERT
  5
808
330
17
100
AcDbEntity
  8
Modules
100
AcDbBlockReference
  2
fs_54641099_full
 10
48.101740775434166
 20
-120.26679777151526
 30
1.8561011592512138
1001
HelioScope
1040
1.134
1040
2.382
1000
portrait
  0
INSERT
  5
80A
330
17
100
AcDbEntity
  8
Modules
100
AcDbBlockReference
  2
fs_54641099_full
 10
49.24845093543418
 20
-120.26679777151526
 30
1.8561011592512138
1001
HelioScope
1040
1.134
1040
2.382
1000
portrait
  0
INSERT
  5
80C
330
17
100
AcDbEntity
  8
Modules
100
AcDbBlockReference
  2
fs_54641099_full
 10
50.395161095434176
 20
-120.26679777151526
 30
1.8561011592512138
1001
HelioScope
1040
1.134
1040
2.382
1000
portrait
  0
INSERT
  5
80E
330
17
100
AcDbEntity
  8
Modules
100
AcDbBlockReference
  2
fs_54641099_full
 10
51.541871255434174
 20
-120.26679777151526
 30
1.8561011592512138
1001
HelioScope
1040
1.134
1040
2.382
1000
portrait
  0
INSERT
  5
810
330
17
100
AcDbEntity
  8
Modules
100
AcDbBlockReference
  2
fs_54641099_full
 10
52.68858141543417
 20
-120.26679777151526
 30
1.8561011592512138
1001
HelioScope
1040
1.134
1040
2.382
1000
portrait
  0
INSERT
  5
812
330
17
100
AcDbEntity
  8
Modules
100
AcDbBlockReference
  2
fs_54641099_full
 10
53.83529157543417
 20
-120.26679777151526
 30
1.8561011592512138
1001
HelioScope
1040
1.134
1040
2.382
1000
portrait
  0
INSERT
  5
814
330
17
100
AcDbEntity
  8
Modules
100
AcDbBlockReference
  2
fs_54641099_full
 10
54.98200173543417
 20
-120.26679777151526
 30
1.8561011592512138
1001
HelioScope
1040
1.134
1040
2.382
1000
portrait
  0
INSERT
  5
816
330
17
100
AcDbEntity
  8
Modules
100
AcDbBlockReference
  2
fs_54641099_full
 10
56.128711895434165
 20
-120.26679777151526
 30
1.8561011592512138
1001
HelioScope
1040
1.134
1040
2.382
1000
portrait
  0
INSERT
  5
818
330
17
100
AcDbEntity
  8
Modules
100
AcDbBlockReference
  2
fs_54641099_full
 10
57.27542205543418
 20
-120.26679777151526
 30
1.8561011592512138
1001
HelioScope
1040
1.134
1040
2.382
1000
portrait
  0
INSERT
  5
81A
330
17
100
AcDbEntity
  8
Modules
100
AcDbBlockReference
  2
fs_54641099_full
 10
58.422132215434175
 20
-120.26679777151526
 30
1.8561011592512138
1001
HelioScope
1040
1.134
1040
2.382
1000
portrait
  0
INSERT
  5
81C
330
17
100
AcDbEntity
  8
Modules
100
AcDbBlockReference
  2
fs_54641099_full
 10
59.56884237543417
 20
-120.26679777151526
 30
1.8561011592512138
1001
HelioScope
1040
1.134
1040
2.382
1000
portrait
  0
INSERT
  5
81E
330
17
100
AcDbEntity
  8
Modules
100
AcDbBlockReference
  2
fs_54641099_full
 10
60.71555253543417
 20
-120.26679777151526
 30
1.8561011592512138
1001
HelioScope
1040
1.134
1040
2.382
1000
portrait
  0
INSERT
  5
820
330
17
100
AcDbEntity
  8
Modules
100
AcDbBlockReference
  2
fs_54641099_full
 10
61.86226269543417
 20
-120.26679777151526
 30
1.8561011592512138
1001
HelioScope
1040
1.134
1040
2.382
1000
portrait
  0
INSERT
  5
822
330
17
100
AcDbEntity
  8
Modules
100
AcDbBlockReference
  2
fs_54641099_full
 10
63.008972855434166
 20
-120.26679777151526
 30
1.8561011592512138
1001
HelioScope
1040
1.134
1040
2.382
1000
portrait
  0
INSERT
  5
824
330
17
100
AcDbEntity
  8
Modules
100
AcDbBlockReference
  2
fs_54641099_full
 10
64.15568301543416
 20
-120.26679777151526
 30
1.8561011592512138
1001
HelioScope
1040
1.134
1040
2.382
1000
portrait
  0
INSERT
  5
826
330
17
100
AcDbEntity
  8
Modules
100
AcDbBlockReference
  2
fs_54641099_full
 10
65.30239317543418
 20
-120.26679777151526
 30
1.8561011592512138
1001
HelioScope
1040
1.134
1040
2.382
1000
portrait
  0
INSERT
  5
828
330
17
100
AcDbEntity
  8
Modules
100
AcDbBlockReference
  2
fs_54641099_full
 10
66.44910333543417
 20
-120.26679777151526
 30
1.8561011592512138
1001
HelioScope
1040
1.134
1040
2.382
1000
portrait
  0
INSERT
  5
82A
330
17
100
AcDbEntity
  8
Modules
100
AcDbBlockReference
  2
fs_54641099_full
 10
67.59581349543417
 20
-120.26679777151526
 30
1.8561011592512138
1001
HelioScope
1040
1.134
1040
2.382
1000
portrait
  0
INSERT
  5
82C
330
17
100
AcDbEntity
  8
Modules
100
AcDbBlockReference
  2
fs_54641099_full
 10
68.74252365543417
 20
-120.26679777151526
 30
1.8561011592512138
1001
HelioScope
1040
1.134
1040
2.382
1000
portrait
  0
INSERT
  5
82E
330
17
100
AcDbEntity
  8
Modules
100
AcDbBlockReference
  2
fs_54641099_full
 10
69.88923381543417
 20
-120.26679777151526
 30
1.8561011592512138
1001
HelioScope
1040
1.134
1040
2.382
1000
portrait
  0
INSERT
  5
830
330
17
100
AcDbEntity
  8
Modules
100
AcDbBlockReference
  2
fs_54641099_full
 10
71.03594397543417
 20
-120.26679777151526
 30
1.8561011592512138
1001
HelioScope
1040
1.134
1040
2.382
1000
portrait
  0
INSERT
  5
832
330
17
100
AcDbEntity
  8
Modules
100
AcDbBlockReference
  2
fs_54641099_full
 10
72.18265413543416
 20
-120.26679777151526
 30
1.8561011592512138
1001
HelioScope
1040
1.134
1040
2.382
1000
portrait
  0
INSERT
  5
834
330
17
100
AcDbEntity
  8
Modules
100
AcDbBlockReference
  2
fs_54641099_full
 10
73.32936429543417
 20
-120.26679777151526
 30
1.8561011592512138
1001
HelioScope
1040
1.134
1040
2.382
1000
portrait
  0
INSERT
  5
836
330
17
100
AcDbEntity
  8
Modules
100
AcDbBlockReference
  2
fs_54641099_full
 10
74.47607445543417
 20
-120.26679777151526
 30
1.8561011592512138
1001
HelioScope
1040
1.134
1040
2.382
1000
portrait
  0
INSERT
  5
838
330
17
100
AcDbEntity
  8
Modules
100
AcDbBlockReference
  2
fs_54641099_full
 10
75.62278461543417
 20
-120.26679777151526
 30
1.8561011592512138
1001
HelioScope
1040
1.134
1040
2.382
1000
portrait
  0
INSERT
  5
83A
330
17
100
AcDbEntity
  8
Modules
100
AcDbBlockReference
  2
fs_54641099_full
 10
76.76949477543417
 20
-120.26679777151526
 30
1.8561011592512138
1001
HelioScope
1040
1.134
1040
2.382
1000
portrait
  0
INSERT
  5
83C
330
17
100
AcDbEntity
  8
Modules
100
AcDbBlockReference
  2
fs_54641099_full
 10
77.91620493543417
 20
-120.26679777151526
 30
1.8561011592512138
1001
HelioScope
1040
1.134
1040
2.382
1000
portrait
  0
INSERT
  5
83E
330
17
100
AcDbEntity
  8
Modules
100
AcDbBlockReference
  2
fs_54641099_full
 10
79.06291509543416
 20
-120.26679777151526
 30
1.8561011592512138
1001
HelioScope
1040
1.134
1040
2.382
1000
portrait
  0
INSERT
  5
840
330
17
100
AcDbEntity
  8
Modules
100
AcDbBlockReference
  2
fs_54641099_full
 10
80.20962525543416
 20
-120.26679777151526
 30
1.8561011592512138
1001
HelioScope
1040
1.134
1040
2.382
1000
portrait
  0
INSERT
  5
842
330
17
100
AcDbEntity
  8
Modules
100
AcDbBlockReference
  2
fs_54641099_full
 10
81.35633541543416
 20
-120.26679777151526
 30
1.8561011592512138
1001
HelioScope
1040
1.134
1040
2.382
1000
portrait
  0
INSERT
  5
844
330
17
100
AcDbEntity
  8
Modules
100
AcDbBlockReference
  2
fs_54641099_full
 10
82.50304557543417
 20
-120.26679777151526
 30
1.8561011592512138
1001
HelioScope
1040
1.134
1040
2.382
1000
portrait
  0
INSERT
  5
846
330
17
100
AcDbEntity
  8
Modules
100
AcDbBlockReference
  2
fs_54641099_full
 10
83.64975573543417
 20
-120.26679777151526
 30
1.8561011592512138
1001
HelioScope
1040
1.134
1040
2.382
1000
portrait
  0
INSERT
  5
848
330
17
100
AcDbEntity
  8
Modules
100
AcDbBlockReference
  2
fs_54641099_full
 10
84.79646589543417
 20
-120.26679777151526
 30
1.8561011592512138
1001
HelioScope
1040
1.134
1040
2.382
1000
portrait
  0
INSERT
  5
84A
330
17
100
AcDbEntity
  8
Modules
100
AcDbBlockReference
  2
fs_54641099_full
 10
85.94317605543417
 20
-120.26679777151526
 30
1.8561011592512138
1001
HelioScope
1040
1.134
1040
2.382
1000
portrait
  0
INSERT
  5
84C
330
17
100
AcDbEntity
  8
Modules
100
AcDbBlockReference
  2
fs_54641099_full
 10
87.08988621543416
 20
-120.26679777151526
 30
1.8561011592512138
1001
HelioScope
1040
1.134
1040
2.382
1000
portrait
  0
INSERT
  5
84E
330
17
100
AcDbEntity
  8
Modules
100
AcDbBlockReference
  2
fs_54641099_full
 10
88.23659637543416
 20
-120.26679777151526
 30
1.8561011592512138
1001
HelioScope
1040
1.134
1040
2.382
1000
portrait
  0
INSERT
  5
850
330
17
100
AcDbEntity
  8
Modules
100
AcDbBlockReference
  2
fs_54641099_full
 10
89.38330653543416
 20
-120.26679777151526
 30
1.8561011592512138
1001
HelioScope
1040
1.134
1040
2.382
1000
portrait
  0
INSERT
  5
852
330
17
100
AcDbEntity
  8
Modules
100
AcDbBlockReference
  2
fs_54641099_full
 10
90.53001669543417
 20
-120.26679777151526
 30
1.8561011592512138
1001
HelioScope
1040
1.134
1040
2.382
1000
portrait
  0
INSERT
  5
854
330
17
100
AcDbEntity
  8
Modules
100
AcDbBlockReference
  2
fs_54641099_full
 10
91.67672685543417
 20
-120.26679777151526
 30
1.8561011592512138
1001
HelioScope
1040
1.134
1040
2.382
1000
portrait
  0
INSERT
  5
856
330
17
100
AcDbEntity
  8
Modules
100
AcDbBlockReference
  2
fs_54641099_full
 10
92.82343701543417
 20
-120.26679777151526
 30
1.8561011592512138
1001
HelioScope
1040
1.134
1040
2.382
1000
portrait
  0
INSERT
  5
858
330
17
100
AcDbEntity
  8
Modules
100
AcDbBlockReference
  2
fs_54641099_full
 10
93.97014717543416
 20
-120.26679777151526
 30
1.8561011592512138
1001
HelioScope
1040
1.134
1040
2.382
1000
portrait
  0
INSERT
  5
85A
330
17
100
AcDbEntity
  8
Modules
100
AcDbBlockReference
  2
fs_54641099_full
 10
95.11685733543416
 20
-120.26679777151526
 30
1.8561011592512138
1001
HelioScope
1040
1.134
1040
2.382
1000
portrait
  0
INSERT
  5
85C
330
17
100
AcDbEntity
  8
Modules
100
AcDbBlockReference
  2
fs_54641099_full
 10
96.26356749543416
 20
-120.26679777151526
 30
1.8561011592512138
1001
HelioScope
1040
1.134
1040
2.382
1000
portrait
  0
INSERT
  5
85E
330
17
100
AcDbEntity
  8
Modules
100
AcDbBlockReference
  2
fs_54641099_full
 10
97.41027765543416
 20
-120.26679777151526
 30
1.8561011592512138
1001
HelioScope
1040
1.134
1040
2.382
1000
portrait
  0
INSERT
  5
860
330
17
100
AcDbEntity
  8
Modules
100
AcDbBlockReference
  2
fs_54641099_full
 10
98.55698781543416
 20
-120.26679777151526
 30
1.8561011592512138
1001
HelioScope
1040
1.134
1040
2.382
1000
portrait
  0
INSERT
  5
862
330
17
100
AcDbEntity
  8
Modules
100
AcDbBlockReference
  2
fs_54641099_full
 10
99.70369797543415
 20
-120.26679777151526
 30
1.8561011592512138
1001
HelioScope
1040
1.134
1040
2.382
1000
portrait
  0
INSERT
  5
864
330
17
100
AcDbEntity
  8
Modules
100
AcDbBlockReference
  2
fs_54641099_full
 10
100.85040813543415
 20
-120.26679777151526
 30
1.8561011592512138
1001
HelioScope
1040
1.134
1040
2.382
1000
portrait
  0
INSERT
  5
866
330
17
100
AcDbEntity
  8
Modules
100
AcDbBlockReference
  2
fs_54641099_full
 10
101.99711829543418
 20
-120.26679777151526
 30
1.8561011592512138
1001
HelioScope
1040
1.134
1040
2.382
1000
portrait
  0
INSERT
  5
868
330
17
100
AcDbEntity
  8
Modules
100
AcDbBlockReference
  2
fs_54641099_full
 10
103.14382845543417
 20
-120.26679777151526
 30
1.8561011592512138
1001
HelioScope
1040
1.134
1040
2.382
1000
portrait
  0
INSERT
  5
86A
330
17
100
AcDbEntity
  8
Modules
100
AcDbBlockReference
  2
fs_54641099_full
 10
-16.114028184565818
 20
-131.19385786977747
 30
1.8561011592512138
1001
HelioScope
1040
1.134
1040
2.382
1000
portrait
  0
INSERT
  5
86C
330
17
100
AcDbEntity
  8
Modules
100
AcDbBlockReference
  2
fs_54641099_full
 10
-17.260738344565816
 20
-131.19385786977747
 30
1.8561011592512138
1001
HelioScope
1040
1.134
1040
2.382
1000
portrait
  0
INSERT
  5
86E
330
17
100
AcDbEntity
  8
Modules
100
AcDbBlockReference
  2
fs_54641099_full
 10
-18.407448504565817
 20
-131.19385786977747
 30
1.8561011592512138
1001
HelioScope
1040
1.134
1040
2.382
1000
portrait
  0
INSERT
  5
870
330
17
100
AcDbEntity
  8
Modules
100
AcDbBlockReference
  2
fs_54641099_full
 10
-19.55415866456582
 20
-131.19385786977747
 30
1.8561011592512138
1001
HelioScope
1040
1.134
1040
2.382
1000
portrait
  0
INSERT
  5
872
330
17
100
AcDbEntity
  8
Modules
100
AcDbBlockReference
  2
fs_54641099_full
 10
-20.700868824565816
 20
-131.19385786977747
 30
1.8561011592512138
1001
HelioScope
1040
1.134
1040
2.382
1000
portrait
  0
INSERT
  5
874
330
17
100
AcDbEntity
  8
Modules
100
AcDbBlockReference
  2
fs_54641099_full
 10
-21.847578984565818
 20
-131.19385786977747
 30
1.8561011592512138
1001
HelioScope
1040
1.134
1040
2.382
1000
portrait
  0
INSERT
  5
876
330
17
100
AcDbEntity
  8
Modules
100
AcDbBlockReference
  2
fs_54641099_full
 10
-22.99428914456582
 20
-131.19385786977747
 30
1.8561011592512138
1001
HelioScope
1040
1.134
1040
2.382
1000
portrait
  0
INSERT
  5
878
330
17
100
AcDbEntity
  8
Modules
100
AcDbBlockReference
  2
fs_54641099_full
 10
-24.140999304565817
 20
-131.19385786977747
 30
1.8561011592512138
1001
HelioScope
1040
1.134
1040
2.382
1000
portrait
  0
INSERT
  5
87A
330
17
100
AcDbEntity
  8
Modules
100
AcDbBlockReference
  2
fs_54641099_full
 10
-25.287709464565815
 20
-131.19385786977747
 30
1.8561011592512138
1001
HelioScope
1040
1.134
1040
2.382
1000
portrait
  0
INSERT
  5
87C
330
17
100
AcDbEntity
  8
Modules
100
AcDbBlockReference
  2
fs_54641099_full
 10
-26.434419624565816
 20
-131.19385786977747
 30
1.8561011592512138
1001
HelioScope
1040
1.134
1040
2.382
1000
portrait
  0
INSERT
  5
87E
330
17
100
AcDbEntity
  8
Modules
100
AcDbBlockReference
  2
fs_54641099_full
 10
-27.581129784565817
 20
-131.19385786977747
 30
1.8561011592512138
1001
HelioScope
1040
1.134
1040
2.382
1000
portrait
  0
INSERT
  5
880
330
17
100
AcDbEntity
  8
Modules
100
AcDbBlockReference
  2
fs_54641099_full
 10
-28.727839944565815
 20
-131.19385786977747
 30
1.8561011592512138
1001
HelioScope
1040
1.134
1040
2.382
1000
portrait
  0
INSERT
  5
882
330
17
100
AcDbEntity
  8
Modules
100
AcDbBlockReference
  2
fs_54641099_full
 10
-29.874550104565817
 20
-131.19385786977747
 30
1.8561011592512138
1001
HelioScope
1040
1.134
1040
2.382
1000
portrait
  0
INSERT
  5
884
330
17
100
AcDbEntity
  8
Modules
100
AcDbBlockReference
  2
fs_54641099_full
 10
-31.021260264565814
 20
-131.19385786977747
 30
1.8561011592512138
1001
HelioScope
1040
1.134
1040
2.382
1000
portrait
  0
INSERT
  5
886
330
17
100
AcDbEntity
  8
Modules
100
AcDbBlockReference
  2
fs_54641099_full
 10
-32.167970424565816
 20
-131.19385786977747
 30
1.8561011592512138
1001
HelioScope
1040
1.134
1040
2.382
1000
portrait
  0
INSERT
  5
888
330
17
100
AcDbEntity
  8
Modules
100
AcDbBlockReference
  2
fs_54641099_full
 10
-14.96731802456582
 20
-131.19385786977747
 30
1.8561011592512138
1001
HelioScope
1040
1.134
1040
2.382
1000
portrait
  0
INSERT
  5
88A
330
17
100
AcDbEntity
  8
Modules
100
AcDbBlockReference
  2
fs_54641099_full
 10
-13.820607864565819
 20
-131.19385786977747
 30
1.8561011592512138
1001
HelioScope
1040
1.134
1040
2.382
1000
portrait
  0
INSERT
  5
88C
330
17
100
AcDbEntity
  8
Modules
100
AcDbBlockReference
  2
fs_54641099_full
 10
-12.673897704565817
 20
-131.19385786977747
 30
1.8561011592512138
1001
HelioScope
1040
1.134
1040
2.382
1000
portrait
  0
INSERT
  5
88E
330
17
100
AcDbEntity
  8
Modules
100
AcDbBlockReference
  2
fs_54641099_full
 10
-11.52718754456582
 20
-131.19385786977747
 30
1.8561011592512138
1001
HelioScope
1040
1.134
1040
2.382
1000
portrait
  0
INSERT
  5
890
330
17
100
AcDbEntity
  8
Modules
100
AcDbBlockReference
  2
fs_54641099_full
 10
-10.380477384565818
 20
-131.19385786977747
 30
1.8561011592512138
1001
HelioScope
1040
1.134
1040
2.382
1000
portrait
  0
INSERT
  5
892
330
17
100
AcDbEntity
  8
Modules
100
AcDbBlockReference
  2
fs_54641099_full
 10
-9.23376722456582
 20
-131.19385786977747
 30
1.8561011592512138
1001
HelioScope
1040
1.134
1040
2.382
1000
portrait
  0
INSERT
  5
894
330
17
100
AcDbEntity
  8
Modules
100
AcDbBlockReference
  2
fs_54641099_full
 10
-8.087057064565819
 20
-131.19385786977747
 30
1.8561011592512138
1001
HelioScope
1040
1.134
1040
2.382
1000
portrait
  0
INSERT
  5
896
330
17
100
AcDbEntity
  8
Modules
100
AcDbBlockReference
  2
fs_54641099_full
 10
-6.940346904565821
 20
-131.19385786977747
 30
1.8561011592512138
1001
HelioScope
1040
1.134
1040
2.382
1000
portrait
  0
INSERT
  5
898
330
17
100
AcDbEntity
  8
Modules
100
AcDbBlockReference
  2
fs_54641099_full
 10
-5.79363674456582
 20
-131.19385786977747
 30
1.8561011592512138
1001
HelioScope
1040
1.134
1040
2.382
1000
portrait
  0
INSERT
  5
89A
330
17
100
AcDbEntity
  8
Modules
100
AcDbBlockReference
  2
fs_54641099_full
 10
-4.6469265845658185
 20
-131.19385786977747
 30
1.8561011592512138
1001
HelioScope
1040
1.134
1040
2.382
1000
portrait
  0
INSERT
  5
89C
330
17
100
AcDbEntity
  8
Modules
100
AcDbBlockReference
  2
fs_54641099_full
 10
-3.5002164245658207
 20
-131.19385786977747
 30
1.8561011592512138
1001
HelioScope
1040
1.134
1040
2.382
1000
portrait
  0
INSERT
  5
89E
330
17
100
AcDbEntity
  8
Modules
100
AcDbBlockReference
  2
fs_54641099_full
 10
-2.3535062645658194
 20
-131.19385786977747
 30
1.8561011592512138
1001
HelioScope
1040
1.134
1040
2.382
1000
portrait
  0
INSERT
  5
8A0
330
17
100
AcDbEntity
  8
Modules
100
AcDbBlockReference
  2
fs_54641099_full
 10
-1.2067961045658215
 20
-131.19385786977747
 30
1.8561011592512138
1001
HelioScope
1040
1.134
1040
2.382
1000
portrait
  0
INSERT
  5
8A2
330
17
100
AcDbEntity
  8
Modules
100
AcDbBlockReference
  2
fs_54641099_full
 10
-0.06008594456582017
 20
-131.19385786977747
 30
1.8561011592512138
1001
HelioScope
1040
1.134
1040
2.382
1000
portrait
  0
INSERT
  5
8A4
330
17
100
AcDbEntity
  8
Modules
100
AcDbBlockReference
  2
fs_54641099_full
 10
1.0866242154341776
 20
-131.19385786977747
 30
1.8561011592512138
1001
HelioScope
1040
1.134
1040
2.382
1000
portrait
  0
INSERT
  5
8A6
330
17
100
AcDbEntity
  8
Modules
100
AcDbBlockReference
  2
fs_54641099_full
 10
2.2333343754341755
 20
-131.19385786977747
 30
1.8561011592512138
1001
HelioScope
1040
1.134
1040
2.382
1000
portrait
  0
INSERT
  5
8A8
330
17
100
AcDbEntity
  8
Modules
100
AcDbBlockReference
  2
fs_54641099_full
 10
3.3800445354341804
 20
-131.19385786977747
 30
1.8561011592512138
1001
HelioScope
1040
1.134
1040
2.382
1000
portrait
  0
INSERT
  5
8AA
330
17
100
AcDbEntity
  8
Modules
100
AcDbBlockReference
  2
fs_54641099_full
 10
4.526754695434178
 20
-131.19385786977747
 30
1.8561011592512138
1001
HelioScope
1040
1.134
1040
2.382
1000
portrait
  0
INSERT
  5
8AC
330
17
100
AcDbEntity
  8
Modules
100
AcDbBlockReference
  2
fs_54641099_full
 10
5.673464855434176
 20
-131.19385786977747
 30
1.8561011592512138
1001
HelioScope
1040
1.134
1040
2.382
1000
portrait
  0
INSERT
  5
8AE
330
17
100
AcDbEntity
  8
Modules
100
AcDbBlockReference
  2
fs_54641099_full
 10
6.820175015434181
 20
-131.19385786977747
 30
1.8561011592512138
1001
HelioScope
1040
1.134
1040
2.382
1000
portrait
  0
INSERT
  5
8B0
330
17
100
AcDbEntity
  8
Modules
100
AcDbBlockReference
  2
fs_54641099_full
 10
7.966885175434179
 20
-131.19385786977747
 30
1.8561011592512138
1001
HelioScope
1040
1.134
1040
2.382
1000
portrait
  0
INSERT
  5
8B2
330
17
100
AcDbEntity
  8
Modules
100
AcDbBlockReference
  2
fs_54641099_full
 10
9.113595335434177
 20
-131.19385786977747
 30
1.8561011592512138
1001
HelioScope
1040
1.134
1040
2.382
1000
portrait
  0
INSERT
  5
8B4
330
17
100
AcDbEntity
  8
Modules
100
AcDbBlockReference
  2
fs_54641099_full
 10
10.260305495434174
 20
-131.19385786977747
 30
1.8561011592512138
1001
HelioScope
1040
1.134
1040
2.382
1000
portrait
  0
INSERT
  5
8B6
330
17
100
AcDbEntity
  8
Modules
100
AcDbBlockReference
  2
fs_54641099_full
 10
11.40701565543418
 20
-131.19385786977747
 30
1.8561011592512138
1001
HelioScope
1040
1.134
1040
2.382
1000
portrait
  0
INSERT
  5
8B8
330
17
100
AcDbEntity
  8
Modules
100
AcDbBlockReference
  2
fs_54641099_full
 10
12.553725815434177
 20
-131.19385786977747
 30
1.8561011592512138
1001
HelioScope
1040
1.134
1040
2.382
1000
portrait
  0
INSERT
  5
8BA
330
17
100
AcDbEntity
  8
Modules
100
AcDbBlockReference
  2
fs_54641099_full
 10
13.700435975434175
 20
-131.19385786977747
 30
1.8561011592512138
1001
HelioScope
1040
1.134
1040
2.382
1000
portrait
  0
INSERT
  5
8BC
330
17
100
AcDbEntity
  8
Modules
100
AcDbBlockReference
  2
fs_54641099_full
 10
14.84714613543418
 20
-131.19385786977747
 30
1.8561011592512138
1001
HelioScope
1040
1.134
1040
2.382
1000
portrait
  0
INSERT
  5
8BE
330
17
100
AcDbEntity
  8
Modules
100
AcDbBlockReference
  2
fs_54641099_full
 10
15.993856295434178
 20
-131.19385786977747
 30
1.8561011592512138
1001
HelioScope
1040
1.134
1040
2.382
1000
portrait
  0
INSERT
  5
8C0
330
17
100
AcDbEntity
  8
Modules
100
AcDbBlockReference
  2
fs_54641099_full
 10
17.140566455434175
 20
-131.19385786977747
 30
1.8561011592512138
1001
HelioScope
1040
1.134
1040
2.382
1000
portrait
  0
INSERT
  5
8C2
330
17
100
AcDbEntity
  8
Modules
100
AcDbBlockReference
  2
fs_54641099_full
 10
18.287276615434173
 20
-131.19385786977747
 30
1.8561011592512138
1001
HelioScope
1040
1.134
1040
2.382
1000
portrait
  0
INSERT
  5
8C4
330
17
100
AcDbEntity
  8
Modules
100
AcDbBlockReference
  2
fs_54641099_full
 10
19.433986775434178
 20
-131.19385786977747
 30
1.8561011592512138
1001
HelioScope
1040
1.134
1040
2.382
1000
portrait
  0
INSERT
  5
8C6
330
17
100
AcDbEntity
  8
Modules
100
AcDbBlockReference
  2
fs_54641099_full
 10
20.580696935434176
 20
-131.19385786977747
 30
1.8561011592512138
1001
HelioScope
1040
1.134
1040
2.382
1000
portrait
  0
INSERT
  5
8C8
330
17
100
AcDbEntity
  8
Modules
100
AcDbBlockReference
  2
fs_54641099_full
 10
21.727407095434174
 20
-131.19385786977747
 30
1.8561011592512138
1001
HelioScope
1040
1.134
1040
2.382
1000
portrait
  0
INSERT
  5
8CA
330
17
100
AcDbEntity
  8
Modules
100
AcDbBlockReference
  2
fs_54641099_full
 10
22.87411725543418
 20
-131.19385786977747
 30
1.8561011592512138
1001
HelioScope
1040
1.134
1040
2.382
1000
portrait
  0
INSERT
  5
8CC
330
17
100
AcDbEntity
  8
Modules
100
AcDbBlockReference
  2
fs_54641099_full
 10
24.020827415434177
 20
-131.19385786977747
 30
1.8561011592512138
1001
HelioScope
1040
1.134
1040
2.382
1000
portrait
  0
INSERT
  5
8CE
330
17
100
AcDbEntity
  8
Modules
100
AcDbBlockReference
  2
fs_54641099_full
 10
25.167537575434174
 20
-131.19385786977747
 30
1.8561011592512138
1001
HelioScope
1040
1.134
1040
2.382
1000
portrait
  0
INSERT
  5
8D0
330
17
100
AcDbEntity
  8
Modules
100
AcDbBlockReference
  2
fs_54641099_full
 10
26.314247735434172
 20
-131.19385786977747
 30
1.8561011592512138
1001
HelioScope
1040
1.134
1040
2.382
1000
portrait
  0
INSERT
  5
8D2
330
17
100
AcDbEntity
  8
Modules
100
AcDbBlockReference
  2
fs_54641099_full
 10
27.460957895434177
 20
-131.19385786977747
 30
1.8561011592512138
1001
HelioScope
1040
1.134
1040
2.382
1000
portrait
  0
INSERT
  5
8D4
330
17
100
AcDbEntity
  8
Modules
100
AcDbBlockReference
  2
fs_54641099_full
 10
28.607668055434175
 20
-131.19385786977747
 30
1.8561011592512138
1001
HelioScope
1040
1.134
1040
2.382
1000
portrait
  0
INSERT
  5
8D6
330
17
100
AcDbEntity
  8
Modules
100
AcDbBlockReference
  2
fs_54641099_full
 10
29.754378215434173
 20
-131.19385786977747
 30
1.8561011592512138
1001
HelioScope
1040
1.134
1040
2.382
1000
portrait
  0
INSERT
  5
8D8
330
17
100
AcDbEntity
  8
Modules
100
AcDbBlockReference
  2
fs_54641099_full
 10
30.90108837543417
 20
-131.19385786977747
 30
1.8561011592512138
1001
HelioScope
1040
1.134
1040
2.382
1000
portrait
  0
INSERT
  5
8DA
330
17
100
AcDbEntity
  8
Modules
100
AcDbBlockReference
  2
fs_54641099_full
 10
32.047798535434175
 20
-131.19385786977747
 30
1.8561011592512138
1001
HelioScope
1040
1.134
1040
2.382
1000
portrait
  0
INSERT
  5
8DC
330
17
100
AcDbEntity
  8
Modules
100
AcDbBlockReference
  2
fs_54641099_full
 10
33.19450869543417
 20
-131.19385786977747
 30
1.8561011592512138
1001
HelioScope
1040
1.134
1040
2.382
1000
portrait
  0
INSERT
  5
8DE
330
17
100
AcDbEntity
  8
Modules
100
AcDbBlockReference
  2
fs_54641099_full
 10
34.341218855434164
 20
-131.19385786977747
 30
1.8561011592512138
1001
HelioScope
1040
1.134
1040
2.382
1000
portrait
  0
INSERT
  5
8E0
330
17
100
AcDbEntity
  8
Modules
100
AcDbBlockReference
  2
fs_54641099_full
 10
35.48792901543416
 20
-131.19385786977747
 30
1.8561011592512138
1001
HelioScope
1040
1.134
1040
2.382
1000
portrait
  0
INSERT
  5
8E2
330
17
100
AcDbEntity
  8
Modules
100
AcDbBlockReference
  2
fs_54641099_full
 10
36.63463917543416
 20
-131.19385786977747
 30
1.8561011592512138
1001
HelioScope
1040
1.134
1040
2.382
1000
portrait
  0
INSERT
  5
8E4
330
17
100
AcDbEntity
  8
Modules
100
AcDbBlockReference
  2
fs_54641099_full
 10
37.781349335434186
 20
-131.19385786977747
 30
1.8561011592512138
1001
HelioScope
1040
1.134
1040
2.382
1000
portrait
  0
INSERT
  5
8E6
330
17
100
AcDbEntity
  8
Modules
100
AcDbBlockReference
  2
fs_54641099_full
 10
38.928059495434184
 20
-131.19385786977747
 30
1.8561011592512138
1001
HelioScope
1040
1.134
1040
2.382
1000
portrait
  0
INSERT
  5
8E8
330
17
100
AcDbEntity
  8
Modules
100
AcDbBlockReference
  2
fs_54641099_full
 10
40.07476965543418
 20
-131.19385786977747
 30
1.8561011592512138
1001
HelioScope
1040
1.134
1040
2.382
1000
portrait
  0
INSERT
  5
8EA
330
17
100
AcDbEntity
  8
Modules
100
AcDbBlockReference
  2
fs_54641099_full
 10
41.22147981543418
 20
-131.19385786977747
 30
1.8561011592512138
1001
HelioScope
1040
1.134
1040
2.382
1000
portrait
  0
INSERT
  5
8EC
330
17
100
AcDbEntity
  8
Modules
100
AcDbBlockReference
  2
fs_54641099_full
 10
42.36818997543418
 20
-131.19385786977747
 30
1.8561011592512138
1001
HelioScope
1040
1.134
1040
2.382
1000
portrait
  0
INSERT
  5
8EE
330
17
100
AcDbEntity
  8
Modules
100
AcDbBlockReference
  2
fs_54641099_full
 10
43.514900135434175
 20
-131.19385786977747
 30
1.8561011592512138
1001
HelioScope
1040
1.134
1040
2.382
1000
portrait
  0
INSERT
  5
8F0
330
17
100
AcDbEntity
  8
Modules
100
AcDbBlockReference
  2
fs_54641099_full
 10
44.66161029543417
 20
-131.19385786977747
 30
1.8561011592512138
1001
HelioScope
1040
1.134
1040
2.382
1000
portrait
  0
INSERT
  5
8F2
330
17
100
AcDbEntity
  8
Modules
100
AcDbBlockReference
  2
fs_54641099_full
 10
45.80832045543417
 20
-131.19385786977747
 30
1.8561011592512138
1001
HelioScope
1040
1.134
1040
2.382
1000
portrait
  0
INSERT
  5
8F4
330
17
100
AcDbEntity
  8
Modules
100
AcDbBlockReference
  2
fs_54641099_full
 10
46.95503061543417
 20
-131.19385786977747
 30
1.8561011592512138
1001
HelioScope
1040
1.134
1040
2.382
1000
portrait
  0
INSERT
  5
8F6
330
17
100
AcDbEntity
  8
Modules
100
AcDbBlockReference
  2
fs_54641099_full
 10
48.101740775434166
 20
-131.19385786977747
 30
1.8561011592512138
1001
HelioScope
1040
1.134
1040
2.382
1000
portrait
  0
INSERT
  5
8F8
330
17
100
AcDbEntity
  8
Modules
100
AcDbBlockReference
  2
fs_54641099_full
 10
49.248450935434164
 20
-131.19385786977747
 30
1.8561011592512138
1001
HelioScope
1040
1.134
1040
2.382
1000
portrait
  0
INSERT
  5
8FA
330
17
100
AcDbEntity
  8
Modules
100
AcDbBlockReference
  2
fs_54641099_full
 10
50.39516109543416
 20
-131.19385786977747
 30
1.8561011592512138
1001
HelioScope
1040
1.134
1040
2.382
1000
portrait
  0
INSERT
  5
8FC
330
17
100
AcDbEntity
  8
Modules
100
AcDbBlockReference
  2
fs_54641099_full
 10
51.54187125543416
 20
-131.19385786977747
 30
1.8561011592512138
1001
HelioScope
1040
1.134
1040
2.382
1000
portrait
  0
INSERT
  5
8FE
330
17
100
AcDbEntity
  8
Modules
100
AcDbBlockReference
  2
fs_54641099_full
 10
52.68858141543416
 20
-131.19385786977747
 30
1.8561011592512138
1001
HelioScope
1040
1.134
1040
2.382
1000
portrait
  0
INSERT
  5
900
330
17
100
AcDbEntity
  8
Modules
100
AcDbBlockReference
  2
fs_54641099_full
 10
53.835291575434184
 20
-131.19385786977747
 30
1.8561011592512138
1001
HelioScope
1040
1.134
1040
2.382
1000
portrait
  0
INSERT
  5
902
330
17
100
AcDbEntity
  8
Modules
100
AcDbBlockReference
  2
fs_54641099_full
 10
54.98200173543418
 20
-131.19385786977747
 30
1.8561011592512138
1001
HelioScope
1040
1.134
1040
2.382
1000
portrait
  0
INSERT
  5
904
330
17
100
AcDbEntity
  8
Modules
100
AcDbBlockReference
  2
fs_54641099_full
 10
56.12871189543418
 20
-131.19385786977747
 30
1.8561011592512138
1001
HelioScope
1040
1.134
1040
2.382
1000
portrait
  0
INSERT
  5
906
330
17
100
AcDbEntity
  8
Modules
100
AcDbBlockReference
  2
fs_54641099_full
 10
57.27542205543418
 20
-131.19385786977747
 30
1.8561011592512138
1001
HelioScope
1040
1.134
1040
2.382
1000
portrait
  0
INSERT
  5
908
330
17
100
AcDbEntity
  8
Modules
100
AcDbBlockReference
  2
fs_54641099_full
 10
58.422132215434175
 20
-131.19385786977747
 30
1.8561011592512138
1001
HelioScope
1040
1.134
1040
2.382
1000
portrait
  0
INSERT
  5
90A
330
17
100
AcDbEntity
  8
Modules
100
AcDbBlockReference
  2
fs_54641099_full
 10
59.56884237543417
 20
-131.19385786977747
 30
1.8561011592512138
1001
HelioScope
1040
1.134
1040
2.382
1000
portrait
  0
INSERT
  5
90C
330
17
100
AcDbEntity
  8
Modules
100
AcDbBlockReference
  2
fs_54641099_full
 10
60.71555253543417
 20
-131.19385786977747
 30
1.8561011592512138
1001
HelioScope
1040
1.134
1040
2.382
1000
portrait
  0
INSERT
  5
90E
330
17
100
AcDbEntity
  8
Modules
100
AcDbBlockReference
  2
fs_54641099_full
 10
61.86226269543417
 20
-131.19385786977747
 30
1.8561011592512138
1001
HelioScope
1040
1.134
1040
2.382
1000
portrait
  0
INSERT
  5
910
330
17
100
AcDbEntity
  8
Modules
100
AcDbBlockReference
  2
fs_54641099_full
 10
63.008972855434166
 20
-131.19385786977747
 30
1.8561011592512138
1001
HelioScope
1040
1.134
1040
2.382
1000
portrait
  0
INSERT
  5
912
330
17
100
AcDbEntity
  8
Modules
100
AcDbBlockReference
  2
fs_54641099_full
 10
64.15568301543416
 20
-131.19385786977747
 30
1.8561011592512138
1001
HelioScope
1040
1.134
1040
2.382
1000
portrait
  0
INSERT
  5
914
330
17
100
AcDbEntity
  8
Modules
100
AcDbBlockReference
  2
fs_54641099_full
 10
65.30239317543416
 20
-131.19385786977747
 30
1.8561011592512138
1001
HelioScope
1040
1.134
1040
2.382
1000
portrait
  0
INSERT
  5
916
330
17
100
AcDbEntity
  8
Modules
100
AcDbBlockReference
  2
fs_54641099_full
 10
66.44910333543416
 20
-131.19385786977747
 30
1.8561011592512138
1001
HelioScope
1040
1.134
1040
2.382
1000
portrait
  0
INSERT
  5
918
330
17
100
AcDbEntity
  8
Modules
100
AcDbBlockReference
  2
fs_54641099_full
 10
67.59581349543416
 20
-131.19385786977747
 30
1.8561011592512138
1001
HelioScope
1040
1.134
1040
2.382
1000
portrait
  0
INSERT
  5
91A
330
17
100
AcDbEntity
  8
Modules
100
AcDbBlockReference
  2
fs_54641099_full
 10
68.74252365543416
 20
-131.19385786977747
 30
1.8561011592512138
1001
HelioScope
1040
1.134
1040
2.382
1000
portrait
  0
INSERT
  5
91C
330
17
100
AcDbEntity
  8
Modules
100
AcDbBlockReference
  2
fs_54641099_full
 10
69.88923381543418
 20
-131.19385786977747
 30
1.8561011592512138
1001
HelioScope
1040
1.134
1040
2.382
1000
portrait
  0
INSERT
  5
91E
330
17
100
AcDbEntity
  8
Modules
100
AcDbBlockReference
  2
fs_54641099_full
 10
71.03594397543418
 20
-131.19385786977747
 30
1.8561011592512138
1001
HelioScope
1040
1.134
1040
2.382
1000
portrait
  0
INSERT
  5
920
330
17
100
AcDbEntity
  8
Modules
100
AcDbBlockReference
  2
fs_54641099_full
 10
72.18265413543418
 20
-131.19385786977747
 30
1.8561011592512138
1001
HelioScope
1040
1.134
1040
2.382
1000
portrait
  0
INSERT
  5
922
330
17
100
AcDbEntity
  8
Modules
100
AcDbBlockReference
  2
fs_54641099_full
 10
73.32936429543417
 20
-131.19385786977747
 30
1.8561011592512138
1001
HelioScope
1040
1.134
1040
2.382
1000
portrait
  0
INSERT
  5
924
330
17
100
AcDbEntity
  8
Modules
100
AcDbBlockReference
  2
fs_54641099_full
 10
74.47607445543417
 20
-131.19385786977747
 30
1.8561011592512138
1001
HelioScope
1040
1.134
1040
2.382
1000
portrait
  0
INSERT
  5
926
330
17
100
AcDbEntity
  8
Modules
100
AcDbBlockReference
  2
fs_54641099_full
 10
75.62278461543417
 20
-131.19385786977747
 30
1.8561011592512138
1001
HelioScope
1040
1.134
1040
2.382
1000
portrait
  0
INSERT
  5
928
330
17
100
AcDbEntity
  8
Modules
100
AcDbBlockReference
  2
fs_54641099_full
 10
76.76949477543417
 20
-131.19385786977747
 30
1.8561011592512138
1001
HelioScope
1040
1.134
1040
2.382
1000
portrait
  0
INSERT
  5
92A
330
17
100
AcDbEntity
  8
Modules
100
AcDbBlockReference
  2
fs_54641099_full
 10
77.91620493543417
 20
-131.19385786977747
 30
1.8561011592512138
1001
HelioScope
1040
1.134
1040
2.382
1000
portrait
  0
INSERT
  5
92C
330
17
100
AcDbEntity
  8
Modules
100
AcDbBlockReference
  2
fs_54641099_full
 10
79.06291509543416
 20
-131.19385786977747
 30
1.8561011592512138
1001
HelioScope
1040
1.134
1040
2.382
1000
portrait
  0
INSERT
  5
92E
330
17
100
AcDbEntity
  8
Modules
100
AcDbBlockReference
  2
fs_54641099_full
 10
80.20962525543416
 20
-131.19385786977747
 30
1.8561011592512138
1001
HelioScope
1040
1.134
1040
2.382
1000
portrait
  0
INSERT
  5
930
330
17
100
AcDbEntity
  8
Modules
100
AcDbBlockReference
  2
fs_54641099_full
 10
81.35633541543416
 20
-131.19385786977747
 30
1.8561011592512138
1001
HelioScope
1040
1.134
1040
2.382
1000
portrait
  0
INSERT
  5
932
330
17
100
AcDbEntity
  8
Modules
100
AcDbBlockReference
  2
fs_54641099_full
 10
82.50304557543416
 20
-131.19385786977747
 30
1.8561011592512138
1001
HelioScope
1040
1.134
1040
2.382
1000
portrait
  0
INSERT
  5
934
330
17
100
AcDbEntity
  8
Modules
100
AcDbBlockReference
  2
fs_54641099_full
 10
83.64975573543416
 20
-131.19385786977747
 30
1.8561011592512138
1001
HelioScope
1040
1.134
1040
2.382
1000
portrait
  0
INSERT
  5
936
330
17
100
AcDbEntity
  8
Modules
100
AcDbBlockReference
  2
fs_54641099_full
 10
84.79646589543415
 20
-131.19385786977747
 30
1.8561011592512138
1001
HelioScope
1040
1.134
1040
2.382
1000
portrait
  0
INSERT
  5
938
330
17
100
AcDbEntity
  8
Modules
100
AcDbBlockReference
  2
fs_54641099_full
 10
85.94317605543415
 20
-131.19385786977747
 30
1.8561011592512138
1001
HelioScope
1040
1.134
1040
2.382
1000
portrait
  0
INSERT
  5
93A
330
17
100
AcDbEntity
  8
Modules
100
AcDbBlockReference
  2
fs_54641099_full
 10
87.08988621543418
 20
-131.19385786977747
 30
1.8561011592512138
1001
HelioScope
1040
1.134
1040
2.382
1000
portrait
  0
INSERT
  5
93C
330
17
100
AcDbEntity
  8
Modules
100
AcDbBlockReference
  2
fs_54641099_full
 10
88.23659637543417
 20
-131.19385786977747
 30
1.8561011592512138
1001
HelioScope
1040
1.134
1040
2.382
1000
portrait
  0
INSERT
  5
93E
330
17
100
AcDbEntity
  8
Modules
100
AcDbBlockReference
  2
fs_54641099_full
 10
89.38330653543417
 20
-131.19385786977747
 30
1.8561011592512138
1001
HelioScope
1040
1.134
1040
2.382
1000
portrait
  0
INSERT
  5
940
330
17
100
AcDbEntity
  8
Modules
100
AcDbBlockReference
  2
fs_54641099_full
 10
90.53001669543417
 20
-131.19385786977747
 30
1.8561011592512138
1001
HelioScope
1040
1.134
1040
2.382
1000
portrait
  0
INSERT
  5
942
330
17
100
AcDbEntity
  8
Modules
100
AcDbBlockReference
  2
fs_54641099_full
 10
91.67672685543417
 20
-131.19385786977747
 30
1.8561011592512138
1001
HelioScope
1040
1.134
1040
2.382
1000
portrait
  0
INSERT
  5
944
330
17
100
AcDbEntity
  8
Modules
100
AcDbBlockReference
  2
fs_54641099_full
 10
92.82343701543417
 20
-131.19385786977747
 30
1.8561011592512138
1001
HelioScope
1040
1.134
1040
2.382
1000
portrait
  0
INSERT
  5
946
330
17
100
AcDbEntity
  8
Modules
100
AcDbBlockReference
  2
fs_54641099_full
 10
93.97014717543416
 20
-131.19385786977747
 30
1.8561011592512138
1001
HelioScope
1040
1.134
1040
2.382
1000
portrait
  0
INSERT
  5
948
330
17
100
AcDbEntity
  8
Modules
100
AcDbBlockReference
  2
fs_54641099_full
 10
95.11685733543416
 20
-131.19385786977747
 30
1.8561011592512138
1001
HelioScope
1040
1.134
1040
2.382
1000
portrait
  0
INSERT
  5
94A
330
17
100
AcDbEntity
  8
Modules
100
AcDbBlockReference
  2
fs_54641099_full
 10
-17.26073834456582
 20
-142.1209179680397
 30
1.8561011592512138
1001
HelioScope
1040
1.134
1040
2.382
1000
portrait
  0
INSERT
  5
94C
330
17
100
AcDbEntity
  8
Modules
100
AcDbBlockReference
  2
fs_54641099_full
 10
-18.40744850456582
 20
-142.1209179680397
 30
1.8561011592512138
1001
HelioScope
1040
1.134
1040
2.382
1000
portrait
  0
INSERT
  5
94E
330
17
100
AcDbEntity
  8
Modules
100
AcDbBlockReference
  2
fs_54641099_full
 10
-19.55415866456582
 20
-142.1209179680397
 30
1.8561011592512138
1001
HelioScope
1040
1.134
1040
2.382
1000
portrait
  0
INSERT
  5
950
330
17
100
AcDbEntity
  8
Modules
100
AcDbBlockReference
  2
fs_54641099_full
 10
-20.700868824565816
 20
-142.1209179680397
 30
1.8561011592512138
1001
HelioScope
1040
1.134
1040
2.382
1000
portrait
  0
INSERT
  5
952
330
17
100
AcDbEntity
  8
Modules
100
AcDbBlockReference
  2
fs_54641099_full
 10
-21.847578984565818
 20
-142.1209179680397
 30
1.8561011592512138
1001
HelioScope
1040
1.134
1040
2.382
1000
portrait
  0
INSERT
  5
954
330
17
100
AcDbEntity
  8
Modules
100
AcDbBlockReference
  2
fs_54641099_full
 10
-22.99428914456582
 20
-142.1209179680397
 30
1.8561011592512138
1001
HelioScope
1040
1.134
1040
2.382
1000
portrait
  0
INSERT
  5
956
330
17
100
AcDbEntity
  8
Modules
100
AcDbBlockReference
  2
fs_54641099_full
 10
-24.140999304565817
 20
-142.1209179680397
 30
1.8561011592512138
1001
HelioScope
1040
1.134
1040
2.382
1000
portrait
  0
INSERT
  5
958
330
17
100
AcDbEntity
  8
Modules
100
AcDbBlockReference
  2
fs_54641099_full
 10
-25.28770946456582
 20
-142.1209179680397
 30
1.8561011592512138
1001
HelioScope
1040
1.134
1040
2.382
1000
portrait
  0
INSERT
  5
95A
330
17
100
AcDbEntity
  8
Modules
100
AcDbBlockReference
  2
fs_54641099_full
 10
-26.43441962456582
 20
-142.1209179680397
 30
1.8561011592512138
1001
HelioScope
1040
1.134
1040
2.382
1000
portrait
  0
INSERT
  5
95C
330
17
100
AcDbEntity
  8
Modules
100
AcDbBlockReference
  2
fs_54641099_full
 10
-27.581129784565817
 20
-142.1209179680397
 30
1.8561011592512138
1001
HelioScope
1040
1.134
1040
2.382
1000
portrait
  0
INSERT
  5
95E
330
17
100
AcDbEntity
  8
Modules
100
AcDbBlockReference
  2
fs_54641099_full
 10
-16.114028184565818
 20
-142.1209179680397
 30
1.8561011592512138
1001
HelioScope
1040
1.134
1040
2.382
1000
portrait
  0
INSERT
  5
960
330
17
100
AcDbEntity
  8
Modules
100
AcDbBlockReference
  2
fs_54641099_full
 10
-14.96731802456582
 20
-142.1209179680397
 30
1.8561011592512138
1001
HelioScope
1040
1.134
1040
2.382
1000
portrait
  0
INSERT
  5
962
330
17
100
AcDbEntity
  8
Modules
100
AcDbBlockReference
  2
fs_54641099_full
 10
-13.820607864565819
 20
-142.1209179680397
 30
1.8561011592512138
1001
HelioScope
1040
1.134
1040
2.382
1000
portrait
  0
INSERT
  5
964
330
17
100
AcDbEntity
  8
Modules
100
AcDbBlockReference
  2
fs_54641099_full
 10
-12.673897704565817
 20
-142.1209179680397
 30
1.8561011592512138
1001
HelioScope
1040
1.134
1040
2.382
1000
portrait
  0
INSERT
  5
966
330
17
100
AcDbEntity
  8
Modules
100
AcDbBlockReference
  2
fs_54641099_full
 10
-11.52718754456582
 20
-142.1209179680397
 30
1.8561011592512138
1001
HelioScope
1040
1.134
1040
2.382
1000
portrait
  0
INSERT
  5
968
330
17
100
AcDbEntity
  8
Modules
100
AcDbBlockReference
  2
fs_54641099_full
 10
-10.380477384565822
 20
-142.1209179680397
 30
1.8561011592512138
1001
HelioScope
1040
1.134
1040
2.382
1000
portrait
  0
INSERT
  5
96A
330
17
100
AcDbEntity
  8
Modules
100
AcDbBlockReference
  2
fs_54641099_full
 10
-9.23376722456582
 20
-142.1209179680397
 30
1.8561011592512138
1001
HelioScope
1040
1.134
1040
2.382
1000
portrait
  0
INSERT
  5
96C
330
17
100
AcDbEntity
  8
Modules
100
AcDbBlockReference
  2
fs_54641099_full
 10
-8.087057064565819
 20
-142.1209179680397
 30
1.8561011592512138
1001
HelioScope
1040
1.134
1040
2.382
1000
portrait
  0
INSERT
  5
96E
330
17
100
AcDbEntity
  8
Modules
100
AcDbBlockReference
  2
fs_54641099_full
 10
-6.940346904565821
 20
-142.1209179680397
 30
1.8561011592512138
1001
HelioScope
1040
1.134
1040
2.382
1000
portrait
  0
INSERT
  5
970
330
17
100
AcDbEntity
  8
Modules
100
AcDbBlockReference
  2
fs_54641099_full
 10
-5.79363674456582
 20
-142.1209179680397
 30
1.8561011592512138
1001
HelioScope
1040
1.134
1040
2.382
1000
portrait
  0
INSERT
  5
972
330
17
100
AcDbEntity
  8
Modules
100
AcDbBlockReference
  2
fs_54641099_full
 10
-4.646926584565822
 20
-142.1209179680397
 30
1.8561011592512138
1001
HelioScope
1040
1.134
1040
2.382
1000
portrait
  0
INSERT
  5
974
330
17
100
AcDbEntity
  8
Modules
100
AcDbBlockReference
  2
fs_54641099_full
 10
-3.5002164245658207
 20
-142.1209179680397
 30
1.8561011592512138
1001
HelioScope
1040
1.134
1040
2.382
1000
portrait
  0
INSERT
  5
976
330
17
100
AcDbEntity
  8
Modules
100
AcDbBlockReference
  2
fs_54641099_full
 10
-2.353506264565823
 20
-142.1209179680397
 30
1.8561011592512138
1001
HelioScope
1040
1.134
1040
2.382
1000
portrait
  0
INSERT
  5
978
330
17
100
AcDbEntity
  8
Modules
100
AcDbBlockReference
  2
fs_54641099_full
 10
-1.2067961045658215
 20
-142.1209179680397
 30
1.8561011592512138
1001
HelioScope
1040
1.134
1040
2.382
1000
portrait
  0
INSERT
  5
97A
330
17
100
AcDbEntity
  8
Modules
100
AcDbBlockReference
  2
fs_54641099_full
 10
-0.06008594456582017
 20
-142.1209179680397
 30
1.8561011592512138
1001
HelioScope
1040
1.134
1040
2.382
1000
portrait
  0
INSERT
  5
97C
330
17
100
AcDbEntity
  8
Modules
100
AcDbBlockReference
  2
fs_54641099_full
 10
1.0866242154341776
 20
-142.1209179680397
 30
1.8561011592512138
1001
HelioScope
1040
1.134
1040
2.382
1000
portrait
  0
INSERT
  5
97E
330
17
100
AcDbEntity
  8
Modules
100
AcDbBlockReference
  2
fs_54641099_full
 10
2.2333343754341826
 20
-142.1209179680397
 30
1.8561011592512138
1001
HelioScope
1040
1.134
1040
2.382
1000
portrait
  0
INSERT
  5
980
330
17
100
AcDbEntity
  8
Modules
100
AcDbBlockReference
  2
fs_54641099_full
 10
3.3800445354341804
 20
-142.1209179680397
 30
1.8561011592512138
1001
HelioScope
1040
1.134
1040
2.382
1000
portrait
  0
INSERT
  5
982
330
17
100
AcDbEntity
  8
Modules
100
AcDbBlockReference
  2
fs_54641099_full
 10
4.526754695434178
 20
-142.1209179680397
 30
1.8561011592512138
1001
HelioScope
1040
1.134
1040
2.382
1000
portrait
  0
INSERT
  5
984
330
17
100
AcDbEntity
  8
Modules
100
AcDbBlockReference
  2
fs_54641099_full
 10
5.673464855434176
 20
-142.1209179680397
 30
1.8561011592512138
1001
HelioScope
1040
1.134
1040
2.382
1000
portrait
  0
INSERT
  5
986
330
17
100
AcDbEntity
  8
Modules
100
AcDbBlockReference
  2
fs_54641099_full
 10
6.820175015434174
 20
-142.1209179680397
 30
1.8561011592512138
1001
HelioScope
1040
1.134
1040
2.382
1000
portrait
  0
INSERT
  5
988
330
17
100
AcDbEntity
  8
Modules
100
AcDbBlockReference
  2
fs_54641099_full
 10
7.966885175434179
 20
-142.1209179680397
 30
1.8561011592512138
1001
HelioScope
1040
1.134
1040
2.382
1000
portrait
  0
INSERT
  5
98A
330
17
100
AcDbEntity
  8
Modules
100
AcDbBlockReference
  2
fs_54641099_full
 10
9.113595335434177
 20
-142.1209179680397
 30
1.8561011592512138
1001
HelioScope
1040
1.134
1040
2.382
1000
portrait
  0
INSERT
  5
98C
330
17
100
AcDbEntity
  8
Modules
100
AcDbBlockReference
  2
fs_54641099_full
 10
10.260305495434174
 20
-142.1209179680397
 30
1.8561011592512138
1001
HelioScope
1040
1.134
1040
2.382
1000
portrait
  0
INSERT
  5
98E
330
17
100
AcDbEntity
  8
Modules
100
AcDbBlockReference
  2
fs_54641099_full
 10
11.40701565543418
 20
-142.1209179680397
 30
1.8561011592512138
1001
HelioScope
1040
1.134
1040
2.382
1000
portrait
  0
INSERT
  5
990
330
17
100
AcDbEntity
  8
Modules
100
AcDbBlockReference
  2
fs_54641099_full
 10
12.553725815434177
 20
-142.1209179680397
 30
1.8561011592512138
1001
HelioScope
1040
1.134
1040
2.382
1000
portrait
  0
INSERT
  5
992
330
17
100
AcDbEntity
  8
Modules
100
AcDbBlockReference
  2
fs_54641099_full
 10
13.700435975434175
 20
-142.1209179680397
 30
1.8561011592512138
1001
HelioScope
1040
1.134
1040
2.382
1000
portrait
  0
INSERT
  5
994
330
17
100
AcDbEntity
  8
Modules
100
AcDbBlockReference
  2
fs_54641099_full
 10
14.847146135434173
 20
-142.1209179680397
 30
1.8561011592512138
1001
HelioScope
1040
1.134
1040
2.382
1000
portrait
  0
INSERT
  5
996
330
17
100
AcDbEntity
  8
Modules
100
AcDbBlockReference
  2
fs_54641099_full
 10
15.993856295434178
 20
-142.1209179680397
 30
1.8561011592512138
1001
HelioScope
1040
1.134
1040
2.382
1000
portrait
  0
INSERT
  5
998
330
17
100
AcDbEntity
  8
Modules
100
AcDbBlockReference
  2
fs_54641099_full
 10
17.140566455434175
 20
-142.1209179680397
 30
1.8561011592512138
1001
HelioScope
1040
1.134
1040
2.382
1000
portrait
  0
INSERT
  5
99A
330
17
100
AcDbEntity
  8
Modules
100
AcDbBlockReference
  2
fs_54641099_full
 10
18.287276615434173
 20
-142.1209179680397
 30
1.8561011592512138
1001
HelioScope
1040
1.134
1040
2.382
1000
portrait
  0
INSERT
  5
99C
330
17
100
AcDbEntity
  8
Modules
100
AcDbBlockReference
  2
fs_54641099_full
 10
19.433986775434178
 20
-142.1209179680397
 30
1.8561011592512138
1001
HelioScope
1040
1.134
1040
2.382
1000
portrait
  0
INSERT
  5
99E
330
17
100
AcDbEntity
  8
Modules
100
AcDbBlockReference
  2
fs_54641099_full
 10
20.580696935434176
 20
-142.1209179680397
 30
1.8561011592512138
1001
HelioScope
1040
1.134
1040
2.382
1000
portrait
  0
INSERT
  5
9A0
330
17
100
AcDbEntity
  8
Modules
100
AcDbBlockReference
  2
fs_54641099_full
 10
21.727407095434174
 20
-142.1209179680397
 30
1.8561011592512138
1001
HelioScope
1040
1.134
1040
2.382
1000
portrait
  0
INSERT
  5
9A2
330
17
100
AcDbEntity
  8
Modules
100
AcDbBlockReference
  2
fs_54641099_full
 10
22.87411725543417
 20
-142.1209179680397
 30
1.8561011592512138
1001
HelioScope
1040
1.134
1040
2.382
1000
portrait
  0
INSERT
  5
9A4
330
17
100
AcDbEntity
  8
Modules
100
AcDbBlockReference
  2
fs_54641099_full
 10
24.020827415434177
 20
-142.1209179680397
 30
1.8561011592512138
1001
HelioScope
1040
1.134
1040
2.382
1000
portrait
  0
INSERT
  5
9A6
330
17
100
AcDbEntity
  8
Modules
100
AcDbBlockReference
  2
fs_54641099_full
 10
25.167537575434174
 20
-142.1209179680397
 30
1.8561011592512138
1001
HelioScope
1040
1.134
1040
2.382
1000
portrait
  0
INSERT
  5
9A8
330
17
100
AcDbEntity
  8
Modules
100
AcDbBlockReference
  2
fs_54641099_full
 10
26.314247735434172
 20
-142.1209179680397
 30
1.8561011592512138
1001
HelioScope
1040
1.134
1040
2.382
1000
portrait
  0
INSERT
  5
9AA
330
17
100
AcDbEntity
  8
Modules
100
AcDbBlockReference
  2
fs_54641099_full
 10
27.460957895434177
 20
-142.1209179680397
 30
1.8561011592512138
1001
HelioScope
1040
1.134
1040
2.382
1000
portrait
  0
INSERT
  5
9AC
330
17
100
AcDbEntity
  8
Modules
100
AcDbBlockReference
  2
fs_54641099_full
 10
28.607668055434175
 20
-142.1209179680397
 30
1.8561011592512138
1001
HelioScope
1040
1.134
1040
2.382
1000
portrait
  0
INSERT
  5
9AE
330
17
100
AcDbEntity
  8
Modules
100
AcDbBlockReference
  2
fs_54641099_full
 10
29.754378215434173
 20
-142.1209179680397
 30
1.8561011592512138
1001
HelioScope
1040
1.134
1040
2.382
1000
portrait
  0
INSERT
  5
9B0
330
17
100
AcDbEntity
  8
Modules
100
AcDbBlockReference
  2
fs_54641099_full
 10
30.90108837543417
 20
-142.1209179680397
 30
1.8561011592512138
1001
HelioScope
1040
1.134
1040
2.382
1000
portrait
  0
INSERT
  5
9B2
330
17
100
AcDbEntity
  8
Modules
100
AcDbBlockReference
  2
fs_54641099_full
 10
32.047798535434175
 20
-142.1209179680397
 30
1.8561011592512138
1001
HelioScope
1040
1.134
1040
2.382
1000
portrait
  0
INSERT
  5
9B4
330
17
100
AcDbEntity
  8
Modules
100
AcDbBlockReference
  2
fs_54641099_full
 10
33.19450869543417
 20
-142.1209179680397
 30
1.8561011592512138
1001
HelioScope
1040
1.134
1040
2.382
1000
portrait
  0
INSERT
  5
9B6
330
17
100
AcDbEntity
  8
Modules
100
AcDbBlockReference
  2
fs_54641099_full
 10
34.341218855434164
 20
-142.1209179680397
 30
1.8561011592512138
1001
HelioScope
1040
1.134
1040
2.382
1000
portrait
  0
INSERT
  5
9B8
330
17
100
AcDbEntity
  8
Modules
100
AcDbBlockReference
  2
fs_54641099_full
 10
35.48792901543416
 20
-142.1209179680397
 30
1.8561011592512138
1001
HelioScope
1040
1.134
1040
2.382
1000
portrait
  0
INSERT
  5
9BA
330
17
100
AcDbEntity
  8
Modules
100
AcDbBlockReference
  2
fs_54641099_full
 10
36.634639175434174
 20
-142.1209179680397
 30
1.8561011592512138
1001
HelioScope
1040
1.134
1040
2.382
1000
portrait
  0
INSERT
  5
9BC
330
17
100
AcDbEntity
  8
Modules
100
AcDbBlockReference
  2
fs_54641099_full
 10
37.78134933543417
 20
-142.1209179680397
 30
1.8561011592512138
1001
HelioScope
1040
1.134
1040
2.382
1000
portrait
  0
INSERT
  5
9BE
330
17
100
AcDbEntity
  8
Modules
100
AcDbBlockReference
  2
fs_54641099_full
 10
38.92805949543417
 20
-142.1209179680397
 30
1.8561011592512138
1001
HelioScope
1040
1.134
1040
2.382
1000
portrait
  0
INSERT
  5
9C0
330
17
100
AcDbEntity
  8
Modules
100
AcDbBlockReference
  2
fs_54641099_full
 10
40.07476965543417
 20
-142.1209179680397
 30
1.8561011592512138
1001
HelioScope
1040
1.134
1040
2.382
1000
portrait
  0
INSERT
  5
9C2
330
17
100
AcDbEntity
  8
Modules
100
AcDbBlockReference
  2
fs_54641099_full
 10
41.221479815434165
 20
-142.1209179680397
 30
1.8561011592512138
1001
HelioScope
1040
1.134
1040
2.382
1000
portrait
  0
INSERT
  5
9C4
330
17
100
AcDbEntity
  8
Modules
100
AcDbBlockReference
  2
fs_54641099_full
 10
42.36818997543418
 20
-142.1209179680397
 30
1.8561011592512138
1001
HelioScope
1040
1.134
1040
2.382
1000
portrait
  0
INSERT
  5
9C6
330
17
100
AcDbEntity
  8
Modules
100
AcDbBlockReference
  2
fs_54641099_full
 10
43.514900135434175
 20
-142.1209179680397
 30
1.8561011592512138
1001
HelioScope
1040
1.134
1040
2.382
1000
portrait
  0
INSERT
  5
9C8
330
17
100
AcDbEntity
  8
Modules
100
AcDbBlockReference
  2
fs_54641099_full
 10
44.66161029543417
 20
-142.1209179680397
 30
1.8561011592512138
1001
HelioScope
1040
1.134
1040
2.382
1000
portrait
  0
INSERT
  5
9CA
330
17
100
AcDbEntity
  8
Modules
100
AcDbBlockReference
  2
fs_54641099_full
 10
45.80832045543417
 20
-142.1209179680397
 30
1.8561011592512138
1001
HelioScope
1040
1.134
1040
2.382
1000
portrait
  0
INSERT
  5
9CC
330
17
100
AcDbEntity
  8
Modules
100
AcDbBlockReference
  2
fs_54641099_full
 10
46.95503061543417
 20
-142.1209179680397
 30
1.8561011592512138
1001
HelioScope
1040
1.134
1040
2.382
1000
portrait
  0
INSERT
  5
9CE
330
17
100
AcDbEntity
  8
Modules
100
AcDbBlockReference
  2
fs_54641099_full
 10
48.101740775434166
 20
-142.1209179680397
 30
1.8561011592512138
1001
HelioScope
1040
1.134
1040
2.382
1000
portrait
  0
INSERT
  5
9D0
330
17
100
AcDbEntity
  8
Modules
100
AcDbBlockReference
  2
fs_54641099_full
 10
49.248450935434164
 20
-142.1209179680397
 30
1.8561011592512138
1001
HelioScope
1040
1.134
1040
2.382
1000
portrait
  0
INSERT
  5
9D2
330
17
100
AcDbEntity
  8
Modules
100
AcDbBlockReference
  2
fs_54641099_full
 10
50.395161095434176
 20
-142.1209179680397
 30
1.8561011592512138
1001
HelioScope
1040
1.134
1040
2.382
1000
portrait
  0
INSERT
  5
9D4
330
17
100
AcDbEntity
  8
Modules
100
AcDbBlockReference
  2
fs_54641099_full
 10
51.541871255434174
 20
-142.1209179680397
 30
1.8561011592512138
1001
HelioScope
1040
1.134
1040
2.382
1000
portrait
  0
INSERT
  5
9D6
330
17
100
AcDbEntity
  8
Modules
100
AcDbBlockReference
  2
fs_54641099_full
 10
52.68858141543417
 20
-142.1209179680397
 30
1.8561011592512138
1001
HelioScope
1040
1.134
1040
2.382
1000
portrait
  0
INSERT
  5
9D8
330
17
100
AcDbEntity
  8
Modules
100
AcDbBlockReference
  2
fs_54641099_full
 10
53.83529157543417
 20
-142.1209179680397
 30
1.8561011592512138
1001
HelioScope
1040
1.134
1040
2.382
1000
portrait
  0
INSERT
  5
9DA
330
17
100
AcDbEntity
  8
Modules
100
AcDbBlockReference
  2
fs_54641099_full
 10
54.98200173543417
 20
-142.1209179680397
 30
1.8561011592512138
1001
HelioScope
1040
1.134
1040
2.382
1000
portrait
  0
INSERT
  5
9DC
330
17
100
AcDbEntity
  8
Modules
100
AcDbBlockReference
  2
fs_54641099_full
 10
56.128711895434165
 20
-142.1209179680397
 30
1.8561011592512138
1001
HelioScope
1040
1.134
1040
2.382
1000
portrait
  0
INSERT
  5
9DE
330
17
100
AcDbEntity
  8
Modules
100
AcDbBlockReference
  2
fs_54641099_full
 10
57.27542205543416
 20
-142.1209179680397
 30
1.8561011592512138
1001
HelioScope
1040
1.134
1040
2.382
1000
portrait
  0
INSERT
  5
9E0
330
17
100
AcDbEntity
  8
Modules
100
AcDbBlockReference
  2
fs_54641099_full
 10
58.422132215434175
 20
-142.1209179680397
 30
1.8561011592512138
1001
HelioScope
1040
1.134
1040
2.382
1000
portrait
  0
INSERT
  5
9E2
330
17
100
AcDbEntity
  8
Modules
100
AcDbBlockReference
  2
fs_54641099_full
 10
59.56884237543417
 20
-142.1209179680397
 30
1.8561011592512138
1001
HelioScope
1040
1.134
1040
2.382
1000
portrait
  0
INSERT
  5
9E4
330
17
100
AcDbEntity
  8
Modules
100
AcDbBlockReference
  2
fs_54641099_full
 10
60.71555253543417
 20
-142.1209179680397
 30
1.8561011592512138
1001
HelioScope
1040
1.134
1040
2.382
1000
portrait
  0
INSERT
  5
9E6
330
17
100
AcDbEntity
  8
Modules
100
AcDbBlockReference
  2
fs_54641099_full
 10
61.86226269543417
 20
-142.1209179680397
 30
1.8561011592512138
1001
HelioScope
1040
1.134
1040
2.382
1000
portrait
  0
INSERT
  5
9E8
330
17
100
AcDbEntity
  8
Modules
100
AcDbBlockReference
  2
fs_54641099_full
 10
63.008972855434166
 20
-142.1209179680397
 30
1.8561011592512138
1001
HelioScope
1040
1.134
1040
2.382
1000
portrait
  0
INSERT
  5
9EA
330
17
100
AcDbEntity
  8
Modules
100
AcDbBlockReference
  2
fs_54641099_full
 10
64.15568301543416
 20
-142.1209179680397
 30
1.8561011592512138
1001
HelioScope
1040
1.134
1040
2.382
1000
portrait
  0
INSERT
  5
9EC
330
17
100
AcDbEntity
  8
Modules
100
AcDbBlockReference
  2
fs_54641099_full
 10
65.30239317543416
 20
-142.1209179680397
 30
1.8561011592512138
1001
HelioScope
1040
1.134
1040
2.382
1000
portrait
  0
INSERT
  5
9EE
330
17
100
AcDbEntity
  8
Modules
100
AcDbBlockReference
  2
fs_54641099_full
 10
66.44910333543417
 20
-142.1209179680397
 30
1.8561011592512138
1001
HelioScope
1040
1.134
1040
2.382
1000
portrait
  0
INSERT
  5
9F0
330
17
100
AcDbEntity
  8
Modules
100
AcDbBlockReference
  2
fs_54641099_full
 10
67.59581349543417
 20
-142.1209179680397
 30
1.8561011592512138
1001
HelioScope
1040
1.134
1040
2.382
1000
portrait
  0
INSERT
  5
9F2
330
17
100
AcDbEntity
  8
Modules
100
AcDbBlockReference
  2
fs_54641099_full
 10
68.74252365543417
 20
-142.1209179680397
 30
1.8561011592512138
1001
HelioScope
1040
1.134
1040
2.382
1000
portrait
  0
INSERT
  5
9F4
330
17
100
AcDbEntity
  8
Modules
100
AcDbBlockReference
  2
fs_54641099_full
 10
69.88923381543417
 20
-142.1209179680397
 30
1.8561011592512138
1001
HelioScope
1040
1.134
1040
2.382
1000
portrait
  0
INSERT
  5
9F6
330
17
100
AcDbEntity
  8
Modules
100
AcDbBlockReference
  2
fs_54641099_full
 10
71.03594397543417
 20
-142.1209179680397
 30
1.8561011592512138
1001
HelioScope
1040
1.134
1040
2.382
1000
portrait
  0
INSERT
  5
9F8
330
17
100
AcDbEntity
  8
Modules
100
AcDbBlockReference
  2
fs_54641099_full
 10
72.18265413543416
 20
-142.1209179680397
 30
1.8561011592512138
1001
HelioScope
1040
1.134
1040
2.382
1000
portrait
  0
INSERT
  5
9FA
330
17
100
AcDbEntity
  8
Modules
100
AcDbBlockReference
  2
fs_54641099_full
 10
73.32936429543416
 20
-142.1209179680397
 30
1.8561011592512138
1001
HelioScope
1040
1.134
1040
2.382
1000
portrait
  0
INSERT
  5
9FC
330
17
100
AcDbEntity
  8
Modules
100
AcDbBlockReference
  2
fs_54641099_full
 10
74.47607445543417
 20
-142.1209179680397
 30
1.8561011592512138
1001
HelioScope
1040
1.134
1040
2.382
1000
portrait
  0
INSERT
  5
9FE
330
17
100
AcDbEntity
  8
Modules
100
AcDbBlockReference
  2
fs_54641099_full
 10
75.62278461543417
 20
-142.1209179680397
 30
1.8561011592512138
1001
HelioScope
1040
1.134
1040
2.382
1000
portrait
  0
INSERT
  5
A00
330
17
100
AcDbEntity
  8
Modules
100
AcDbBlockReference
  2
fs_54641099_full
 10
76.76949477543417
 20
-142.1209179680397
 30
1.8561011592512138
1001
HelioScope
1040
1.134
1040
2.382
1000
portrait
  0
INSERT
  5
A02
330
17
100
AcDbEntity
  8
Modules
100
AcDbBlockReference
  2
fs_54641099_full
 10
77.91620493543417
 20
-142.1209179680397
 30
1.8561011592512138
1001
HelioScope
1040
1.134
1040
2.382
1000
portrait
  0
INSERT
  5
A04
330
17
100
AcDbEntity
  8
Modules
100
AcDbBlockReference
  2
fs_54641099_full
 10
79.06291509543416
 20
-142.1209179680397
 30
1.8561011592512138
1001
HelioScope
1040
1.134
1040
2.382
1000
portrait
  0
INSERT
  5
A06
330
17
100
AcDbEntity
  8
Modules
100
AcDbBlockReference
  2
fs_54641099_full
 10
80.20962525543416
 20
-142.1209179680397
 30
1.8561011592512138
1001
HelioScope
1040
1.134
1040
2.382
1000
portrait
  0
INSERT
  5
A08
330
17
100
AcDbEntity
  8
Modules
100
AcDbBlockReference
  2
fs_54641099_full
 10
81.35633541543416
 20
-142.1209179680397
 30
1.8561011592512138
1001
HelioScope
1040
1.134
1040
2.382
1000
portrait
  0
INSERT
  5
A0A
330
17
100
AcDbEntity
  8
Modules
100
AcDbBlockReference
  2
fs_54641099_full
 10
82.50304557543417
 20
-142.1209179680397
 30
1.8561011592512138
1001
HelioScope
1040
1.134
1040
2.382
1000
portrait
  0
INSERT
  5
A0C
330
17
100
AcDbEntity
  8
Modules
100
AcDbBlockReference
  2
fs_54641099_full
 10
83.64975573543417
 20
-142.1209179680397
 30
1.8561011592512138
1001
HelioScope
1040
1.134
1040
2.382
1000
portrait
  0
INSERT
  5
A0E
330
17
100
AcDbEntity
  8
Modules
100
AcDbBlockReference
  2
fs_54641099_full
 10
84.79646589543417
 20
-142.1209179680397
 30
1.8561011592512138
1001
HelioScope
1040
1.134
1040
2.382
1000
portrait
  0
INSERT
  5
A10
330
17
100
AcDbEntity
  8
Modules
100
AcDbBlockReference
  2
fs_54641099_full
 10
85.94317605543417
 20
-142.1209179680397
 30
1.8561011592512138
1001
HelioScope
1040
1.134
1040
2.382
1000
portrait
  0
INSERT
  5
A12
330
17
100
AcDbEntity
  8
Modules
100
AcDbBlockReference
  2
fs_54641099_full
 10
87.08988621543416
 20
-142.1209179680397
 30
1.8561011592512138
1001
HelioScope
1040
1.134
1040
2.382
1000
portrait
  0
INSERT
  5
A14
330
17
100
AcDbEntity
  8
Modules
100
AcDbBlockReference
  2
fs_54641099_full
 10
-22.99428914456582
 20
-153.0479780663019
 30
1.8561011592512138
1001
HelioScope
1040
1.134
1040
2.382
1000
portrait
  0
INSERT
  5
A16
330
17
100
AcDbEntity
  8
Modules
100
AcDbBlockReference
  2
fs_54641099_full
 10
-21.84757898456582
 20
-153.0479780663019
 30
1.8561011592512138
1001
HelioScope
1040
1.134
1040
2.382
1000
portrait
  0
INSERT
  5
A18
330
17
100
AcDbEntity
  8
Modules
100
AcDbBlockReference
  2
fs_54641099_full
 10
-20.70086882456582
 20
-153.0479780663019
 30
1.8561011592512138
1001
HelioScope
1040
1.134
1040
2.382
1000
portrait
  0
INSERT
  5
A1A
330
17
100
AcDbEntity
  8
Modules
100
AcDbBlockReference
  2
fs_54641099_full
 10
-19.55415866456582
 20
-153.0479780663019
 30
1.8561011592512138
1001
HelioScope
1040
1.134
1040
2.382
1000
portrait
  0
INSERT
  5
A1C
330
17
100
AcDbEntity
  8
Modules
100
AcDbBlockReference
  2
fs_54641099_full
 10
-18.40744850456582
 20
-153.0479780663019
 30
1.8561011592512138
1001
HelioScope
1040
1.134
1040
2.382
1000
portrait
  0
INSERT
  5
A1E
330
17
100
AcDbEntity
  8
Modules
100
AcDbBlockReference
  2
fs_54641099_full
 10
-17.26073834456582
 20
-153.0479780663019
 30
1.8561011592512138
1001
HelioScope
1040
1.134
1040
2.382
1000
portrait
  0
INSERT
  5
A20
330
17
100
AcDbEntity
  8
Modules
100
AcDbBlockReference
  2
fs_54641099_full
 10
-16.114028184565818
 20
-153.0479780663019
 30
1.8561011592512138
1001
HelioScope
1040
1.134
1040
2.382
1000
portrait
  0
INSERT
  5
A22
330
17
100
AcDbEntity
  8
Modules
100
AcDbBlockReference
  2
fs_54641099_full
 10
-14.96731802456582
 20
-153.0479780663019
 30
1.8561011592512138
1001
HelioScope
1040
1.134
1040
2.382
1000
portrait
  0
INSERT
  5
A24
330
17
100
AcDbEntity
  8
Modules
100
AcDbBlockReference
  2
fs_54641099_full
 10
-13.82060786456582
 20
-153.0479780663019
 30
1.8561011592512138
1001
HelioScope
1040
1.134
1040
2.382
1000
portrait
  0
INSERT
  5
A26
330
17
100
AcDbEntity
  8
Modules
100
AcDbBlockReference
  2
fs_54641099_full
 10
-12.673897704565821
 20
-153.0479780663019
 30
1.8561011592512138
1001
HelioScope
1040
1.134
1040
2.382
1000
portrait
  0
INSERT
  5
A28
330
17
100
AcDbEntity
  8
Modules
100
AcDbBlockReference
  2
fs_54641099_full
 10
-11.52718754456582
 20
-153.0479780663019
 30
1.8561011592512138
1001
HelioScope
1040
1.134
1040
2.382
1000
portrait
  0
INSERT
  5
A2A
330
17
100
AcDbEntity
  8
Modules
100
AcDbBlockReference
  2
fs_54641099_full
 10
-10.380477384565822
 20
-153.0479780663019
 30
1.8561011592512138
1001
HelioScope
1040
1.134
1040
2.382
1000
portrait
  0
INSERT
  5
A2C
330
17
100
AcDbEntity
  8
Modules
100
AcDbBlockReference
  2
fs_54641099_full
 10
-9.23376722456582
 20
-153.0479780663019
 30
1.8561011592512138
1001
HelioScope
1040
1.134
1040
2.382
1000
portrait
  0
INSERT
  5
A2E
330
17
100
AcDbEntity
  8
Modules
100
AcDbBlockReference
  2
fs_54641099_full
 10
-8.087057064565819
 20
-153.0479780663019
 30
1.8561011592512138
1001
HelioScope
1040
1.134
1040
2.382
1000
portrait
  0
INSERT
  5
A30
330
17
100
AcDbEntity
  8
Modules
100
AcDbBlockReference
  2
fs_54641099_full
 10
-6.940346904565821
 20
-153.0479780663019
 30
1.8561011592512138
1001
HelioScope
1040
1.134
1040
2.382
1000
portrait
  0
INSERT
  5
A32
330
17
100
AcDbEntity
  8
Modules
100
AcDbBlockReference
  2
fs_54641099_full
 10
-5.7936367445658234
 20
-153.0479780663019
 30
1.8561011592512138
1001
HelioScope
1040
1.134
1040
2.382
1000
portrait
  0
INSERT
  5
A34
330
17
100
AcDbEntity
  8
Modules
100
AcDbBlockReference
  2
fs_54641099_full
 10
-4.646926584565822
 20
-153.0479780663019
 30
1.8561011592512138
1001
HelioScope
1040
1.134
1040
2.382
1000
portrait
  0
INSERT
  5
A36
330
17
100
AcDbEntity
  8
Modules
100
AcDbBlockReference
  2
fs_54641099_full
 10
-3.5002164245658207
 20
-153.0479780663019
 30
1.8561011592512138
1001
HelioScope
1040
1.134
1040
2.382
1000
portrait
  0
INSERT
  5
A38
330
17
100
AcDbEntity
  8
Modules
100
AcDbBlockReference
  2
fs_54641099_full
 10
-2.353506264565823
 20
-153.0479780663019
 30
1.8561011592512138
1001
HelioScope
1040
1.134
1040
2.382
1000
portrait
  0
INSERT
  5
A3A
330
17
100
AcDbEntity
  8
Modules
100
AcDbBlockReference
  2
fs_54641099_full
 10
-1.2067961045658215
 20
-153.0479780663019
 30
1.8561011592512138
1001
HelioScope
1040
1.134
1040
2.382
1000
portrait
  0
INSERT
  5
A3C
330
17
100
AcDbEntity
  8
Modules
100
AcDbBlockReference
  2
fs_54641099_full
 10
-0.06008594456582372
 20
-153.0479780663019
 30
1.8561011592512138
1001
HelioScope
1040
1.134
1040
2.382
1000
portrait
  0
INSERT
  5
A3E
330
17
100
AcDbEntity
  8
Modules
100
AcDbBlockReference
  2
fs_54641099_full
 10
1.0866242154341776
 20
-153.0479780663019
 30
1.8561011592512138
1001
HelioScope
1040
1.134
1040
2.382
1000
portrait
  0
INSERT
  5
A40
330
17
100
AcDbEntity
  8
Modules
100
AcDbBlockReference
  2
fs_54641099_full
 10
2.2333343754341755
 20
-153.0479780663019
 30
1.8561011592512138
1001
HelioScope
1040
1.134
1040
2.382
1000
portrait
  0
INSERT
  5
A42
330
17
100
AcDbEntity
  8
Modules
100
AcDbBlockReference
  2
fs_54641099_full
 10
3.3800445354341804
 20
-153.0479780663019
 30
1.8561011592512138
1001
HelioScope
1040
1.134
1040
2.382
1000
portrait
  0
INSERT
  5
A44
330
17
100
AcDbEntity
  8
Modules
100
AcDbBlockReference
  2
fs_54641099_full
 10
4.526754695434178
 20
-153.0479780663019
 30
1.8561011592512138
1001
HelioScope
1040
1.134
1040
2.382
1000
portrait
  0
INSERT
  5
A46
330
17
100
AcDbEntity
  8
Modules
100
AcDbBlockReference
  2
fs_54641099_full
 10
5.673464855434176
 20
-153.0479780663019
 30
1.8561011592512138
1001
HelioScope
1040
1.134
1040
2.382
1000
portrait
  0
INSERT
  5
A48
330
17
100
AcDbEntity
  8
Modules
100
AcDbBlockReference
  2
fs_54641099_full
 10
6.820175015434174
 20
-153.0479780663019
 30
1.8561011592512138
1001
HelioScope
1040
1.134
1040
2.382
1000
portrait
  0
INSERT
  5
A4A
330
17
100
AcDbEntity
  8
Modules
100
AcDbBlockReference
  2
fs_54641099_full
 10
7.966885175434172
 20
-153.0479780663019
 30
1.8561011592512138
1001
HelioScope
1040
1.134
1040
2.382
1000
portrait
  0
INSERT
  5
A4C
330
17
100
AcDbEntity
  8
Modules
100
AcDbBlockReference
  2
fs_54641099_full
 10
9.113595335434177
 20
-153.0479780663019
 30
1.8561011592512138
1001
HelioScope
1040
1.134
1040
2.382
1000
portrait
  0
INSERT
  5
A4E
330
17
100
AcDbEntity
  8
Modules
100
AcDbBlockReference
  2
fs_54641099_full
 10
10.260305495434174
 20
-153.0479780663019
 30
1.8561011592512138
1001
HelioScope
1040
1.134
1040
2.382
1000
portrait
  0
INSERT
  5
A50
330
17
100
AcDbEntity
  8
Modules
100
AcDbBlockReference
  2
fs_54641099_full
 10
11.407015655434172
 20
-153.0479780663019
 30
1.8561011592512138
1001
HelioScope
1040
1.134
1040
2.382
1000
portrait
  0
INSERT
  5
A52
330
17
100
AcDbEntity
  8
Modules
100
AcDbBlockReference
  2
fs_54641099_full
 10
12.553725815434177
 20
-153.0479780663019
 30
1.8561011592512138
1001
HelioScope
1040
1.134
1040
2.382
1000
portrait
  0
INSERT
  5
A54
330
17
100
AcDbEntity
  8
Modules
100
AcDbBlockReference
  2
fs_54641099_full
 10
13.700435975434175
 20
-153.0479780663019
 30
1.8561011592512138
1001
HelioScope
1040
1.134
1040
2.382
1000
portrait
  0
INSERT
  5
A56
330
17
100
AcDbEntity
  8
Modules
100
AcDbBlockReference
  2
fs_54641099_full
 10
14.847146135434173
 20
-153.0479780663019
 30
1.8561011592512138
1001
HelioScope
1040
1.134
1040
2.382
1000
portrait
  0
INSERT
  5
A58
330
17
100
AcDbEntity
  8
Modules
100
AcDbBlockReference
  2
fs_54641099_full
 10
15.993856295434178
 20
-153.0479780663019
 30
1.8561011592512138
1001
HelioScope
1040
1.134
1040
2.382
1000
portrait
  0
INSERT
  5
A5A
330
17
100
AcDbEntity
  8
Modules
100
AcDbBlockReference
  2
fs_54641099_full
 10
17.140566455434175
 20
-153.0479780663019
 30
1.8561011592512138
1001
HelioScope
1040
1.134
1040
2.382
1000
portrait
  0
INSERT
  5
A5C
330
17
100
AcDbEntity
  8
Modules
100
AcDbBlockReference
  2
fs_54641099_full
 10
18.287276615434173
 20
-153.0479780663019
 30
1.8561011592512138
1001
HelioScope
1040
1.134
1040
2.382
1000
portrait
  0
INSERT
  5
A5E
330
17
100
AcDbEntity
  8
Modules
100
AcDbBlockReference
  2
fs_54641099_full
 10
19.43398677543417
 20
-153.0479780663019
 30
1.8561011592512138
1001
HelioScope
1040
1.134
1040
2.382
1000
portrait
  0
INSERT
  5
A60
330
17
100
AcDbEntity
  8
Modules
100
AcDbBlockReference
  2
fs_54641099_full
 10
20.580696935434176
 20
-153.0479780663019
 30
1.8561011592512138
1001
HelioScope
1040
1.134
1040
2.382
1000
portrait
  0
INSERT
  5
A62
330
17
100
AcDbEntity
  8
Modules
100
AcDbBlockReference
  2
fs_54641099_full
 10
21.727407095434174
 20
-153.0479780663019
 30
1.8561011592512138
1001
HelioScope
1040
1.134
1040
2.382
1000
portrait
  0
INSERT
  5
A64
330
17
100
AcDbEntity
  8
Modules
100
AcDbBlockReference
  2
fs_54641099_full
 10
22.87411725543417
 20
-153.0479780663019
 30
1.8561011592512138
1001
HelioScope
1040
1.134
1040
2.382
1000
portrait
  0
INSERT
  5
A66
330
17
100
AcDbEntity
  8
Modules
100
AcDbBlockReference
  2
fs_54641099_full
 10
24.020827415434177
 20
-153.0479780663019
 30
1.8561011592512138
1001
HelioScope
1040
1.134
1040
2.382
1000
portrait
  0
INSERT
  5
A68
330
17
100
AcDbEntity
  8
Modules
100
AcDbBlockReference
  2
fs_54641099_full
 10
25.167537575434174
 20
-153.0479780663019
 30
1.8561011592512138
1001
HelioScope
1040
1.134
1040
2.382
1000
portrait
  0
INSERT
  5
A6A
330
17
100
AcDbEntity
  8
Modules
100
AcDbBlockReference
  2
fs_54641099_full
 10
26.314247735434172
 20
-153.0479780663019
 30
1.8561011592512138
1001
HelioScope
1040
1.134
1040
2.382
1000
portrait
  0
INSERT
  5
A6C
330
17
100
AcDbEntity
  8
Modules
100
AcDbBlockReference
  2
fs_54641099_full
 10
27.46095789543417
 20
-153.0479780663019
 30
1.8561011592512138
1001
HelioScope
1040
1.134
1040
2.382
1000
portrait
  0
INSERT
  5
A6E
330
17
100
AcDbEntity
  8
Modules
100
AcDbBlockReference
  2
fs_54641099_full
 10
28.607668055434175
 20
-153.0479780663019
 30
1.8561011592512138
1001
HelioScope
1040
1.134
1040
2.382
1000
portrait
  0
INSERT
  5
A70
330
17
100
AcDbEntity
  8
Modules
100
AcDbBlockReference
  2
fs_54641099_full
 10
29.754378215434173
 20
-153.0479780663019
 30
1.8561011592512138
1001
HelioScope
1040
1.134
1040
2.382
1000
portrait
  0
INSERT
  5
A72
330
17
100
AcDbEntity
  8
Modules
100
AcDbBlockReference
  2
fs_54641099_full
 10
30.90108837543417
 20
-153.0479780663019
 30
1.8561011592512138
1001
HelioScope
1040
1.134
1040
2.382
1000
portrait
  0
INSERT
  5
A74
330
17
100
AcDbEntity
  8
Modules
100
AcDbBlockReference
  2
fs_54641099_full
 10
32.047798535434175
 20
-153.0479780663019
 30
1.8561011592512138
1001
HelioScope
1040
1.134
1040
2.382
1000
portrait
  0
INSERT
  5
A76
330
17
100
AcDbEntity
  8
Modules
100
AcDbBlockReference
  2
fs_54641099_full
 10
33.19450869543417
 20
-153.0479780663019
 30
1.8561011592512138
1001
HelioScope
1040
1.134
1040
2.382
1000
portrait
  0
INSERT
  5
A78
330
17
100
AcDbEntity
  8
Modules
100
AcDbBlockReference
  2
fs_54641099_full
 10
34.341218855434164
 20
-153.0479780663019
 30
1.8561011592512138
1001
HelioScope
1040
1.134
1040
2.382
1000
portrait
  0
INSERT
  5
A7A
330
17
100
AcDbEntity
  8
Modules
100
AcDbBlockReference
  2
fs_54641099_full
 10
35.48792901543416
 20
-153.0479780663019
 30
1.8561011592512138
1001
HelioScope
1040
1.134
1040
2.382
1000
portrait
  0
INSERT
  5
A7C
330
17
100
AcDbEntity
  8
Modules
100
AcDbBlockReference
  2
fs_54641099_full
 10
36.634639175434174
 20
-153.0479780663019
 30
1.8561011592512138
1001
HelioScope
1040
1.134
1040
2.382
1000
portrait
  0
INSERT
  5
A7E
330
17
100
AcDbEntity
  8
Modules
100
AcDbBlockReference
  2
fs_54641099_full
 10
37.78134933543417
 20
-153.0479780663019
 30
1.8561011592512138
1001
HelioScope
1040
1.134
1040
2.382
1000
portrait
  0
INSERT
  5
A80
330
17
100
AcDbEntity
  8
Modules
100
AcDbBlockReference
  2
fs_54641099_full
 10
38.92805949543417
 20
-153.0479780663019
 30
1.8561011592512138
1001
HelioScope
1040
1.134
1040
2.382
1000
portrait
  0
INSERT
  5
A82
330
17
100
AcDbEntity
  8
Modules
100
AcDbBlockReference
  2
fs_54641099_full
 10
40.07476965543417
 20
-153.0479780663019
 30
1.8561011592512138
1001
HelioScope
1040
1.134
1040
2.382
1000
portrait
  0
INSERT
  5
A84
330
17
100
AcDbEntity
  8
Modules
100
AcDbBlockReference
  2
fs_54641099_full
 10
41.22147981543418
 20
-153.0479780663019
 30
1.8561011592512138
1001
HelioScope
1040
1.134
1040
2.382
1000
portrait
  0
INSERT
  5
A86
330
17
100
AcDbEntity
  8
Modules
100
AcDbBlockReference
  2
fs_54641099_full
 10
42.36818997543418
 20
-153.0479780663019
 30
1.8561011592512138
1001
HelioScope
1040
1.134
1040
2.382
1000
portrait
  0
INSERT
  5
A88
330
17
100
AcDbEntity
  8
Modules
100
AcDbBlockReference
  2
fs_54641099_full
 10
43.514900135434175
 20
-153.0479780663019
 30
1.8561011592512138
1001
HelioScope
1040
1.134
1040
2.382
1000
portrait
  0
INSERT
  5
A8A
330
17
100
AcDbEntity
  8
Modules
100
AcDbBlockReference
  2
fs_54641099_full
 10
44.66161029543417
 20
-153.0479780663019
 30
1.8561011592512138
1001
HelioScope
1040
1.134
1040
2.382
1000
portrait
  0
INSERT
  5
A8C
330
17
100
AcDbEntity
  8
Modules
100
AcDbBlockReference
  2
fs_54641099_full
 10
45.80832045543417
 20
-153.0479780663019
 30
1.8561011592512138
1001
HelioScope
1040
1.134
1040
2.382
1000
portrait
  0
INSERT
  5
A8E
330
17
100
AcDbEntity
  8
Modules
100
AcDbBlockReference
  2
fs_54641099_full
 10
46.95503061543417
 20
-153.0479780663019
 30
1.8561011592512138
1001
HelioScope
1040
1.134
1040
2.382
1000
portrait
  0
INSERT
  5
A90
330
17
100
AcDbEntity
  8
Modules
100
AcDbBlockReference
  2
fs_54641099_full
 10
48.101740775434166
 20
-153.0479780663019
 30
1.8561011592512138
1001
HelioScope
1040
1.134
1040
2.382
1000
portrait
  0
INSERT
  5
A92
330
17
100
AcDbEntity
  8
Modules
100
AcDbBlockReference
  2
fs_54641099_full
 10
49.248450935434164
 20
-153.0479780663019
 30
1.8561011592512138
1001
HelioScope
1040
1.134
1040
2.382
1000
portrait
  0
INSERT
  5
A94
330
17
100
AcDbEntity
  8
Modules
100
AcDbBlockReference
  2
fs_54641099_full
 10
50.39516109543416
 20
-153.0479780663019
 30
1.8561011592512138
1001
HelioScope
1040
1.134
1040
2.382
1000
portrait
  0
INSERT
  5
A96
330
17
100
AcDbEntity
  8
Modules
100
AcDbBlockReference
  2
fs_54641099_full
 10
51.54187125543416
 20
-153.0479780663019
 30
1.8561011592512138
1001
HelioScope
1040
1.134
1040
2.382
1000
portrait
  0
INSERT
  5
A98
330
17
100
AcDbEntity
  8
Modules
100
AcDbBlockReference
  2
fs_54641099_full
 10
52.68858141543416
 20
-153.0479780663019
 30
1.8561011592512138
1001
HelioScope
1040
1.134
1040
2.382
1000
portrait
  0
INSERT
  5
A9A
330
17
100
AcDbEntity
  8
Modules
100
AcDbBlockReference
  2
fs_54641099_full
 10
53.835291575434155
 20
-153.0479780663019
 30
1.8561011592512138
1001
HelioScope
1040
1.134
1040
2.382
1000
portrait
  0
INSERT
  5
A9C
330
17
100
AcDbEntity
  8
Modules
100
AcDbBlockReference
  2
fs_54641099_full
 10
54.98200173543418
 20
-153.0479780663019
 30
1.8561011592512138
1001
HelioScope
1040
1.134
1040
2.382
1000
portrait
  0
INSERT
  5
A9E
330
17
100
AcDbEntity
  8
Modules
100
AcDbBlockReference
  2
fs_54641099_full
 10
56.12871189543418
 20
-153.0479780663019
 30
1.8561011592512138
1001
HelioScope
1040
1.134
1040
2.382
1000
portrait
  0
INSERT
  5
AA0
330
17
100
AcDbEntity
  8
Modules
100
AcDbBlockReference
  2
fs_54641099_full
 10
57.27542205543418
 20
-153.0479780663019
 30
1.8561011592512138
1001
HelioScope
1040
1.134
1040
2.382
1000
portrait
  0
INSERT
  5
AA2
330
17
100
AcDbEntity
  8
Modules
100
AcDbBlockReference
  2
fs_54641099_full
 10
58.422132215434175
 20
-153.0479780663019
 30
1.8561011592512138
1001
HelioScope
1040
1.134
1040
2.382
1000
portrait
  0
INSERT
  5
AA4
330
17
100
AcDbEntity
  8
Modules
100
AcDbBlockReference
  2
fs_54641099_full
 10
59.56884237543417
 20
-153.0479780663019
 30
1.8561011592512138
1001
HelioScope
1040
1.134
1040
2.382
1000
portrait
  0
INSERT
  5
AA6
330
17
100
AcDbEntity
  8
Modules
100
AcDbBlockReference
  2
fs_54641099_full
 10
60.71555253543417
 20
-153.0479780663019
 30
1.8561011592512138
1001
HelioScope
1040
1.134
1040
2.382
1000
portrait
  0
INSERT
  5
AA8
330
17
100
AcDbEntity
  8
Modules
100
AcDbBlockReference
  2
fs_54641099_full
 10
61.86226269543417
 20
-153.0479780663019
 30
1.8561011592512138
1001
HelioScope
1040
1.134
1040
2.382
1000
portrait
  0
INSERT
  5
AAA
330
17
100
AcDbEntity
  8
Modules
100
AcDbBlockReference
  2
fs_54641099_full
 10
63.008972855434166
 20
-153.0479780663019
 30
1.8561011592512138
1001
HelioScope
1040
1.134
1040
2.382
1000
portrait
  0
INSERT
  5
AAC
330
17
100
AcDbEntity
  8
Modules
100
AcDbBlockReference
  2
fs_54641099_full
 10
64.15568301543416
 20
-153.0479780663019
 30
1.8561011592512138
1001
HelioScope
1040
1.134
1040
2.382
1000
portrait
  0
INSERT
  5
AAE
330
17
100
AcDbEntity
  8
Modules
100
AcDbBlockReference
  2
fs_54641099_full
 10
65.30239317543416
 20
-153.0479780663019
 30
1.8561011592512138
1001
HelioScope
1040
1.134
1040
2.382
1000
portrait
  0
INSERT
  5
AB0
330
17
100
AcDbEntity
  8
Modules
100
AcDbBlockReference
  2
fs_54641099_full
 10
66.44910333543416
 20
-153.0479780663019
 30
1.8561011592512138
1001
HelioScope
1040
1.134
1040
2.382
1000
portrait
  0
INSERT
  5
AB2
330
17
100
AcDbEntity
  8
Modules
100
AcDbBlockReference
  2
fs_54641099_full
 10
67.59581349543416
 20
-153.0479780663019
 30
1.8561011592512138
1001
HelioScope
1040
1.134
1040
2.382
1000
portrait
  0
INSERT
  5
AB4
330
17
100
AcDbEntity
  8
Modules
100
AcDbBlockReference
  2
fs_54641099_full
 10
68.74252365543416
 20
-153.0479780663019
 30
1.8561011592512138
1001
HelioScope
1040
1.134
1040
2.382
1000
portrait
  0
INSERT
  5
AB6
330
17
100
AcDbEntity
  8
Modules
100
AcDbBlockReference
  2
fs_54641099_full
 10
69.88923381543415
 20
-153.0479780663019
 30
1.8561011592512138
1001
HelioScope
1040
1.134
1040
2.382
1000
portrait
  0
INSERT
  5
AB8
330
17
100
AcDbEntity
  8
Modules
100
AcDbBlockReference
  2
fs_54641099_full
 10
71.03594397543418
 20
-153.0479780663019
 30
1.8561011592512138
1001
HelioScope
1040
1.134
1040
2.382
1000
portrait
  0
INSERT
  5
ABA
330
17
100
AcDbEntity
  8
Modules
100
AcDbBlockReference
  2
fs_54641099_full
 10
72.18265413543418
 20
-153.0479780663019
 30
1.8561011592512138
1001
HelioScope
1040
1.134
1040
2.382
1000
portrait
  0
INSERT
  5
ABC
330
17
100
AcDbEntity
  8
Modules
100
AcDbBlockReference
  2
fs_54641099_full
 10
73.32936429543417
 20
-153.0479780663019
 30
1.8561011592512138
1001
HelioScope
1040
1.134
1040
2.382
1000
portrait
  0
INSERT
  5
ABE
330
17
100
AcDbEntity
  8
Modules
100
AcDbBlockReference
  2
fs_54641099_full
 10
74.47607445543417
 20
-153.0479780663019
 30
1.8561011592512138
1001
HelioScope
1040
1.134
1040
2.382
1000
portrait
  0
INSERT
  5
AC0
330
17
100
AcDbEntity
  8
Modules
100
AcDbBlockReference
  2
fs_54641099_full
 10
75.62278461543417
 20
-153.0479780663019
 30
1.8561011592512138
1001
HelioScope
1040
1.134
1040
2.382
1000
portrait
  0
INSERT
  5
AC2
330
17
100
AcDbEntity
  8
Modules
100
AcDbBlockReference
  2
fs_54641099_full
 10
76.76949477543417
 20
-153.0479780663019
 30
1.8561011592512138
1001
HelioScope
1040
1.134
1040
2.382
1000
portrait
  0
INSERT
  5
AC4
330
17
100
AcDbEntity
  8
Modules
100
AcDbBlockReference
  2
fs_54641099_full
 10
77.91620493543417
 20
-153.0479780663019
 30
1.8561011592512138
1001
HelioScope
1040
1.134
1040
2.382
1000
portrait
  0
INSERT
  5
AC6
330
17
100
AcDbEntity
  8
Modules
100
AcDbBlockReference
  2
fs_54641099_full
 10
79.06291509543416
 20
-153.0479780663019
 30
1.8561011592512138
1001
HelioScope
1040
1.134
1040
2.382
1000
portrait
  0
INSERT
  5
AC8
330
17
100
AcDbEntity
  8
Modules
100
AcDbBlockReference
  2
fs_54641099_full
 10
-16.11402818456582
 20
-163.97503816456413
 30
1.8561011592512138
1001
HelioScope
1040
1.134
1040
2.382
1000
portrait
  0
INSERT
  5
ACA
330
17
100
AcDbEntity
  8
Modules
100
AcDbBlockReference
  2
fs_54641099_full
 10
-17.260738344565823
 20
-163.97503816456413
 30
1.8561011592512138
1001
HelioScope
1040
1.134
1040
2.382
1000
portrait
  0
INSERT
  5
ACC
330
17
100
AcDbEntity
  8
Modules
100
AcDbBlockReference
  2
fs_54641099_full
 10
-18.40744850456582
 20
-163.97503816456413
 30
1.8561011592512138
1001
HelioScope
1040
1.134
1040
2.382
1000
portrait
  0
INSERT
  5
ACE
330
17
100
AcDbEntity
  8
Modules
100
AcDbBlockReference
  2
fs_54641099_full
 10
-14.96731802456582
 20
-163.97503816456413
 30
1.8561011592512138
1001
HelioScope
1040
1.134
1040
2.382
1000
portrait
  0
INSERT
  5
AD0
330
17
100
AcDbEntity
  8
Modules
100
AcDbBlockReference
  2
fs_54641099_full
 10
-13.820607864565822
 20
-163.97503816456413
 30
1.8561011592512138
1001
HelioScope
1040
1.134
1040
2.382
1000
portrait
  0
INSERT
  5
AD2
330
17
100
AcDbEntity
  8
Modules
100
AcDbBlockReference
  2
fs_54641099_full
 10
-12.673897704565821
 20
-163.97503816456413
 30
1.8561011592512138
1001
HelioScope
1040
1.134
1040
2.382
1000
portrait
  0
INSERT
  5
AD4
330
17
100
AcDbEntity
  8
Modules
100
AcDbBlockReference
  2
fs_54641099_full
 10
-11.52718754456582
 20
-163.97503816456413
 30
1.8561011592512138
1001
HelioScope
1040
1.134
1040
2.382
1000
portrait
  0
INSERT
  5
AD6
330
17
100
AcDbEntity
  8
Modules
100
AcDbBlockReference
  2
fs_54641099_full
 10
-10.380477384565822
 20
-163.97503816456413
 30
1.8561011592512138
1001
HelioScope
1040
1.134
1040
2.382
1000
portrait
  0
INSERT
  5
AD8
330
17
100
AcDbEntity
  8
Modules
100
AcDbBlockReference
  2
fs_54641099_full
 10
-9.233767224565824
 20
-163.97503816456413
 30
1.8561011592512138
1001
HelioScope
1040
1.134
1040
2.382
1000
portrait
  0
INSERT
  5
ADA
330
17
100
AcDbEntity
  8
Modules
100
AcDbBlockReference
  2
fs_54641099_full
 10
-8.087057064565823
 20
-163.97503816456413
 30
1.8561011592512138
1001
HelioScope
1040
1.134
1040
2.382
1000
portrait
  0
INSERT
  5
ADC
330
17
100
AcDbEntity
  8
Modules
100
AcDbBlockReference
  2
fs_54641099_full
 10
-6.940346904565821
 20
-163.97503816456413
 30
1.8561011592512138
1001
HelioScope
1040
1.134
1040
2.382
1000
portrait
  0
INSERT
  5
ADE
330
17
100
AcDbEntity
  8
Modules
100
AcDbBlockReference
  2
fs_54641099_full
 10
-5.7936367445658234
 20
-163.97503816456413
 30
1.8561011592512138
1001
HelioScope
1040
1.134
1040
2.382
1000
portrait
  0
INSERT
  5
AE0
330
17
100
AcDbEntity
  8
Modules
100
AcDbBlockReference
  2
fs_54641099_full
 10
-4.646926584565822
 20
-163.97503816456413
 30
1.8561011592512138
1001
HelioScope
1040
1.134
1040
2.382
1000
portrait
  0
INSERT
  5
AE2
330
17
100
AcDbEntity
  8
Modules
100
AcDbBlockReference
  2
fs_54641099_full
 10
-3.5002164245658207
 20
-163.97503816456413
 30
1.8561011592512138
1001
HelioScope
1040
1.134
1040
2.382
1000
portrait
  0
INSERT
  5
AE4
330
17
100
AcDbEntity
  8
Modules
100
AcDbBlockReference
  2
fs_54641099_full
 10
-2.353506264565823
 20
-163.97503816456413
 30
1.8561011592512138
1001
HelioScope
1040
1.134
1040
2.382
1000
portrait
  0
INSERT
  5
AE6
330
17
100
AcDbEntity
  8
Modules
100
AcDbBlockReference
  2
fs_54641099_full
 10
-1.206796104565825
 20
-163.97503816456413
 30
1.8561011592512138
1001
HelioScope
1040
1.134
1040
2.382
1000
portrait
  0
INSERT
  5
AE8
330
17
100
AcDbEntity
  8
Modules
100
AcDbBlockReference
  2
fs_54641099_full
 10
-0.06008594456582372
 20
-163.97503816456413
 30
1.8561011592512138
1001
HelioScope
1040
1.134
1040
2.382
1000
portrait
  0
INSERT
  5
AEA
330
17
100
AcDbEntity
  8
Modules
100
AcDbBlockReference
  2
fs_54641099_full
 10
1.0866242154341776
 20
-163.97503816456413
 30
1.8561011592512138
1001
HelioScope
1040
1.134
1040
2.382
1000
portrait
  0
INSERT
  5
AEC
330
17
100
AcDbEntity
  8
Modules
100
AcDbBlockReference
  2
fs_54641099_full
 10
2.2333343754341755
 20
-163.97503816456413
 30
1.8561011592512138
1001
HelioScope
1040
1.134
1040
2.382
1000
portrait
  0
INSERT
  5
AEE
330
17
100
AcDbEntity
  8
Modules
100
AcDbBlockReference
  2
fs_54641099_full
 10
3.3800445354341804
 20
-163.97503816456413
 30
1.8561011592512138
1001
HelioScope
1040
1.134
1040
2.382
1000
portrait
  0
INSERT
  5
AF0
330
17
100
AcDbEntity
  8
Modules
100
AcDbBlockReference
  2
fs_54641099_full
 10
4.526754695434178
 20
-163.97503816456413
 30
1.8561011592512138
1001
HelioScope
1040
1.134
1040
2.382
1000
portrait
  0
INSERT
  5
AF2
330
17
100
AcDbEntity
  8
Modules
100
AcDbBlockReference
  2
fs_54641099_full
 10
5.673464855434176
 20
-163.97503816456413
 30
1.8561011592512138
1001
HelioScope
1040
1.134
1040
2.382
1000
portrait
  0
INSERT
  5
AF4
330
17
100
AcDbEntity
  8
Modules
100
AcDbBlockReference
  2
fs_54641099_full
 10
6.820175015434174
 20
-163.97503816456413
 30
1.8561011592512138
1001
HelioScope
1040
1.134
1040
2.382
1000
portrait
  0
INSERT
  5
AF6
330
17
100
AcDbEntity
  8
Modules
100
AcDbBlockReference
  2
fs_54641099_full
 10
7.966885175434172
 20
-163.97503816456413
 30
1.8561011592512138
1001
HelioScope
1040
1.134
1040
2.382
1000
portrait
  0
INSERT
  5
AF8
330
17
100
AcDbEntity
  8
Modules
100
AcDbBlockReference
  2
fs_54641099_full
 10
9.113595335434177
 20
-163.97503816456413
 30
1.8561011592512138
1001
HelioScope
1040
1.134
1040
2.382
1000
portrait
  0
INSERT
  5
AFA
330
17
100
AcDbEntity
  8
Modules
100
AcDbBlockReference
  2
fs_54641099_full
 10
10.260305495434174
 20
-163.97503816456413
 30
1.8561011592512138
1001
HelioScope
1040
1.134
1040
2.382
1000
portrait
  0
INSERT
  5
AFC
330
17
100
AcDbEntity
  8
Modules
100
AcDbBlockReference
  2
fs_54641099_full
 10
11.40701565543418
 20
-163.97503816456413
 30
1.8561011592512138
1001
HelioScope
1040
1.134
1040
2.382
1000
portrait
  0
INSERT
  5
AFE
330
17
100
AcDbEntity
  8
Modules
100
AcDbBlockReference
  2
fs_54641099_full
 10
12.553725815434177
 20
-163.97503816456413
 30
1.8561011592512138
1001
HelioScope
1040
1.134
1040
2.382
1000
portrait
  0
INSERT
  5
B00
330
17
100
AcDbEntity
  8
Modules
100
AcDbBlockReference
  2
fs_54641099_full
 10
13.700435975434175
 20
-163.97503816456413
 30
1.8561011592512138
1001
HelioScope
1040
1.134
1040
2.382
1000
portrait
  0
INSERT
  5
B02
330
17
100
AcDbEntity
  8
Modules
100
AcDbBlockReference
  2
fs_54641099_full
 10
14.847146135434173
 20
-163.97503816456413
 30
1.8561011592512138
1001
HelioScope
1040
1.134
1040
2.382
1000
portrait
  0
INSERT
  5
B04
330
17
100
AcDbEntity
  8
Modules
100
AcDbBlockReference
  2
fs_54641099_full
 10
15.99385629543417
 20
-163.97503816456413
 30
1.8561011592512138
1001
HelioScope
1040
1.134
1040
2.382
1000
portrait
  0
INSERT
  5
B06
330
17
100
AcDbEntity
  8
Modules
100
AcDbBlockReference
  2
fs_54641099_full
 10
17.140566455434175
 20
-163.97503816456413
 30
1.8561011592512138
1001
HelioScope
1040
1.134
1040
2.382
1000
portrait
  0
INSERT
  5
B08
330
17
100
AcDbEntity
  8
Modules
100
AcDbBlockReference
  2
fs_54641099_full
 10
18.287276615434173
 20
-163.97503816456413
 30
1.8561011592512138
1001
HelioScope
1040
1.134
1040
2.382
1000
portrait
  0
INSERT
  5
B0A
330
17
100
AcDbEntity
  8
Modules
100
AcDbBlockReference
  2
fs_54641099_full
 10
19.43398677543417
 20
-163.97503816456413
 30
1.8561011592512138
1001
HelioScope
1040
1.134
1040
2.382
1000
portrait
  0
INSERT
  5
B0C
330
17
100
AcDbEntity
  8
Modules
100
AcDbBlockReference
  2
fs_54641099_full
 10
20.580696935434176
 20
-163.97503816456413
 30
1.8561011592512138
1001
HelioScope
1040
1.134
1040
2.382
1000
portrait
  0
INSERT
  5
B0E
330
17
100
AcDbEntity
  8
Modules
100
AcDbBlockReference
  2
fs_54641099_full
 10
21.727407095434174
 20
-163.97503816456413
 30
1.8561011592512138
1001
HelioScope
1040
1.134
1040
2.382
1000
portrait
  0
INSERT
  5
B10
330
17
100
AcDbEntity
  8
Modules
100
AcDbBlockReference
  2
fs_54641099_full
 10
22.87411725543417
 20
-163.97503816456413
 30
1.8561011592512138
1001
HelioScope
1040
1.134
1040
2.382
1000
portrait
  0
INSERT
  5
B12
330
17
100
AcDbEntity
  8
Modules
100
AcDbBlockReference
  2
fs_54641099_full
 10
24.02082741543417
 20
-163.97503816456413
 30
1.8561011592512138
1001
HelioScope
1040
1.134
1040
2.382
1000
portrait
  0
INSERT
  5
B14
330
17
100
AcDbEntity
  8
Modules
100
AcDbBlockReference
  2
fs_54641099_full
 10
25.167537575434174
 20
-163.97503816456413
 30
1.8561011592512138
1001
HelioScope
1040
1.134
1040
2.382
1000
portrait
  0
INSERT
  5
B16
330
17
100
AcDbEntity
  8
Modules
100
AcDbBlockReference
  2
fs_54641099_full
 10
26.314247735434172
 20
-163.97503816456413
 30
1.8561011592512138
1001
HelioScope
1040
1.134
1040
2.382
1000
portrait
  0
INSERT
  5
B18
330
17
100
AcDbEntity
  8
Modules
100
AcDbBlockReference
  2
fs_54641099_full
 10
27.46095789543417
 20
-163.97503816456413
 30
1.8561011592512138
1001
HelioScope
1040
1.134
1040
2.382
1000
portrait
  0
INSERT
  5
B1A
330
17
100
AcDbEntity
  8
Modules
100
AcDbBlockReference
  2
fs_54641099_full
 10
28.607668055434175
 20
-163.97503816456413
 30
1.8561011592512138
1001
HelioScope
1040
1.134
1040
2.382
1000
portrait
  0
INSERT
  5
B1C
330
17
100
AcDbEntity
  8
Modules
100
AcDbBlockReference
  2
fs_54641099_full
 10
29.754378215434173
 20
-163.97503816456413
 30
1.8561011592512138
1001
HelioScope
1040
1.134
1040
2.382
1000
portrait
  0
INSERT
  5
B1E
330
17
100
AcDbEntity
  8
Modules
100
AcDbBlockReference
  2
fs_54641099_full
 10
30.90108837543417
 20
-163.97503816456413
 30
1.8561011592512138
1001
HelioScope
1040
1.134
1040
2.382
1000
portrait
  0
INSERT
  5
B20
330
17
100
AcDbEntity
  8
Modules
100
AcDbBlockReference
  2
fs_54641099_full
 10
32.04779853543417
 20
-163.97503816456413
 30
1.8561011592512138
1001
HelioScope
1040
1.134
1040
2.382
1000
portrait
  0
INSERT
  5
B22
330
17
100
AcDbEntity
  8
Modules
100
AcDbBlockReference
  2
fs_54641099_full
 10
33.19450869543417
 20
-163.97503816456413
 30
1.8561011592512138
1001
HelioScope
1040
1.134
1040
2.382
1000
portrait
  0
INSERT
  5
B24
330
17
100
AcDbEntity
  8
Modules
100
AcDbBlockReference
  2
fs_54641099_full
 10
34.341218855434164
 20
-163.97503816456413
 30
1.8561011592512138
1001
HelioScope
1040
1.134
1040
2.382
1000
portrait
  0
INSERT
  5
B26
330
17
100
AcDbEntity
  8
Modules
100
AcDbBlockReference
  2
fs_54641099_full
 10
35.48792901543416
 20
-163.97503816456413
 30
1.8561011592512138
1001
HelioScope
1040
1.134
1040
2.382
1000
portrait
  0
INSERT
  5
B28
330
17
100
AcDbEntity
  8
Modules
100
AcDbBlockReference
  2
fs_54641099_full
 10
36.634639175434174
 20
-163.97503816456413
 30
1.8561011592512138
1001
HelioScope
1040
1.134
1040
2.382
1000
portrait
  0
INSERT
  5
B2A
330
17
100
AcDbEntity
  8
Modules
100
AcDbBlockReference
  2
fs_54641099_full
 10
37.78134933543417
 20
-163.97503816456413
 30
1.8561011592512138
1001
HelioScope
1040
1.134
1040
2.382
1000
portrait
  0
INSERT
  5
B2C
330
17
100
AcDbEntity
  8
Modules
100
AcDbBlockReference
  2
fs_54641099_full
 10
38.92805949543417
 20
-163.97503816456413
 30
1.8561011592512138
1001
HelioScope
1040
1.134
1040
2.382
1000
portrait
  0
INSERT
  5
B2E
330
17
100
AcDbEntity
  8
Modules
100
AcDbBlockReference
  2
fs_54641099_full
 10
40.07476965543417
 20
-163.97503816456413
 30
1.8561011592512138
1001
HelioScope
1040
1.134
1040
2.382
1000
portrait
  0
INSERT
  5
B30
330
17
100
AcDbEntity
  8
Modules
100
AcDbBlockReference
  2
fs_54641099_full
 10
41.22147981543418
 20
-163.97503816456413
 30
1.8561011592512138
1001
HelioScope
1040
1.134
1040
2.382
1000
portrait
  0
INSERT
  5
B32
330
17
100
AcDbEntity
  8
Modules
100
AcDbBlockReference
  2
fs_54641099_full
 10
42.36818997543418
 20
-163.97503816456413
 30
1.8561011592512138
1001
HelioScope
1040
1.134
1040
2.382
1000
portrait
  0
INSERT
  5
B34
330
17
100
AcDbEntity
  8
Modules
100
AcDbBlockReference
  2
fs_54641099_full
 10
43.514900135434175
 20
-163.97503816456413
 30
1.8561011592512138
1001
HelioScope
1040
1.134
1040
2.382
1000
portrait
  0
INSERT
  5
B36
330
17
100
AcDbEntity
  8
Modules
100
AcDbBlockReference
  2
fs_54641099_full
 10
44.66161029543417
 20
-163.97503816456413
 30
1.8561011592512138
1001
HelioScope
1040
1.134
1040
2.382
1000
portrait
  0
INSERT
  5
B38
330
17
100
AcDbEntity
  8
Modules
100
AcDbBlockReference
  2
fs_54641099_full
 10
45.80832045543417
 20
-163.97503816456413
 30
1.8561011592512138
1001
HelioScope
1040
1.134
1040
2.382
1000
portrait
  0
INSERT
  5
B3A
330
17
100
AcDbEntity
  8
Modules
100
AcDbBlockReference
  2
fs_54641099_full
 10
46.95503061543417
 20
-163.97503816456413
 30
1.8561011592512138
1001
HelioScope
1040
1.134
1040
2.382
1000
portrait
  0
INSERT
  5
B3C
330
17
100
AcDbEntity
  8
Modules
100
AcDbBlockReference
  2
fs_54641099_full
 10
48.101740775434166
 20
-163.97503816456413
 30
1.8561011592512138
1001
HelioScope
1040
1.134
1040
2.382
1000
portrait
  0
INSERT
  5
B3E
330
17
100
AcDbEntity
  8
Modules
100
AcDbBlockReference
  2
fs_54641099_full
 10
49.248450935434164
 20
-163.97503816456413
 30
1.8561011592512138
1001
HelioScope
1040
1.134
1040
2.382
1000
portrait
  0
INSERT
  5
B40
330
17
100
AcDbEntity
  8
Modules
100
AcDbBlockReference
  2
fs_54641099_full
 10
50.39516109543416
 20
-163.97503816456413
 30
1.8561011592512138
1001
HelioScope
1040
1.134
1040
2.382
1000
portrait
  0
INSERT
  5
B42
330
17
100
AcDbEntity
  8
Modules
100
AcDbBlockReference
  2
fs_54641099_full
 10
51.541871255434174
 20
-163.97503816456413
 30
1.8561011592512138
1001
HelioScope
1040
1.134
1040
2.382
1000
portrait
  0
INSERT
  5
B44
330
17
100
AcDbEntity
  8
Modules
100
AcDbBlockReference
  2
fs_54641099_full
 10
52.68858141543417
 20
-163.97503816456413
 30
1.8561011592512138
1001
HelioScope
1040
1.134
1040
2.382
1000
portrait
  0
INSERT
  5
B46
330
17
100
AcDbEntity
  8
Modules
100
AcDbBlockReference
  2
fs_54641099_full
 10
53.83529157543417
 20
-163.97503816456413
 30
1.8561011592512138
1001
HelioScope
1040
1.134
1040
2.382
1000
portrait
  0
INSERT
  5
B48
330
17
100
AcDbEntity
  8
Modules
100
AcDbBlockReference
  2
fs_54641099_full
 10
54.98200173543417
 20
-163.97503816456413
 30
1.8561011592512138
1001
HelioScope
1040
1.134
1040
2.382
1000
portrait
  0
INSERT
  5
B4A
330
17
100
AcDbEntity
  8
Modules
100
AcDbBlockReference
  2
fs_54641099_full
 10
56.128711895434165
 20
-163.97503816456413
 30
1.8561011592512138
1001
HelioScope
1040
1.134
1040
2.382
1000
portrait
  0
INSERT
  5
B4C
330
17
100
AcDbEntity
  8
Modules
100
AcDbBlockReference
  2
fs_54641099_full
 10
57.27542205543416
 20
-163.97503816456413
 30
1.8561011592512138
1001
HelioScope
1040
1.134
1040
2.382
1000
portrait
  0
INSERT
  5
B4E
330
17
100
AcDbEntity
  8
Modules
100
AcDbBlockReference
  2
fs_54641099_full
 10
58.42213221543416
 20
-163.97503816456413
 30
1.8561011592512138
1001
HelioScope
1040
1.134
1040
2.382
1000
portrait
  0
INSERT
  5
B50
330
17
100
AcDbEntity
  8
Modules
100
AcDbBlockReference
  2
fs_54641099_full
 10
59.56884237543417
 20
-163.97503816456413
 30
1.8561011592512138
1001
HelioScope
1040
1.134
1040
2.382
1000
portrait
  0
INSERT
  5
B52
330
17
100
AcDbEntity
  8
Modules
100
AcDbBlockReference
  2
fs_54641099_full
 10
60.71555253543417
 20
-163.97503816456413
 30
1.8561011592512138
1001
HelioScope
1040
1.134
1040
2.382
1000
portrait
  0
INSERT
  5
B54
330
17
100
AcDbEntity
  8
Modules
100
AcDbBlockReference
  2
fs_54641099_full
 10
61.86226269543417
 20
-163.97503816456413
 30
1.8561011592512138
1001
HelioScope
1040
1.134
1040
2.382
1000
portrait
  0
INSERT
  5
B56
330
17
100
AcDbEntity
  8
Modules
100
AcDbBlockReference
  2
fs_54641099_full
 10
63.008972855434166
 20
-163.97503816456413
 30
1.8561011592512138
1001
HelioScope
1040
1.134
1040
2.382
1000
portrait
  0
INSERT
  5
B58
330
17
100
AcDbEntity
  8
Modules
100
AcDbBlockReference
  2
fs_54641099_full
 10
64.15568301543416
 20
-163.97503816456413
 30
1.8561011592512138
1001
HelioScope
1040
1.134
1040
2.382
1000
portrait
  0
INSERT
  5
B5A
330
17
100
AcDbEntity
  8
Modules
100
AcDbBlockReference
  2
fs_54641099_full
 10
65.30239317543416
 20
-163.97503816456413
 30
1.8561011592512138
1001
HelioScope
1040
1.134
1040
2.382
1000
portrait
  0
INSERT
  5
B5C
330
17
100
AcDbEntity
  8
Modules
100
AcDbBlockReference
  2
fs_54641099_full
 10
66.44910333543416
 20
-163.97503816456413
 30
1.8561011592512138
1001
HelioScope
1040
1.134
1040
2.382
1000
portrait
  0
INSERT
  5
B5E
330
17
100
AcDbEntity
  8
Modules
100
AcDbBlockReference
  2
fs_54641099_full
 10
67.59581349543417
 20
-163.97503816456413
 30
1.8561011592512138
1001
HelioScope
1040
1.134
1040
2.382
1000
portrait
  0
INSERT
  5
B60
330
17
100
AcDbEntity
  8
Modules
100
AcDbBlockReference
  2
fs_54641099_full
 10
68.74252365543417
 20
-163.97503816456413
 30
1.8561011592512138
1001
HelioScope
1040
1.134
1040
2.382
1000
portrait
  0
INSERT
  5
B62
330
17
100
AcDbEntity
  8
Modules
100
AcDbBlockReference
  2
fs_54641099_full
 10
69.88923381543417
 20
-163.97503816456413
 30
1.8561011592512138
1001
HelioScope
1040
1.134
1040
2.382
1000
portrait
  0
INSERT
  5
B64
330
17
100
AcDbEntity
  8
Modules
100
AcDbBlockReference
  2
fs_54641099_full
 10
71.03594397543417
 20
-163.97503816456413
 30
1.8561011592512138
1001
HelioScope
1040
1.134
1040
2.382
1000
portrait
  0
INSERT
  5
B66
330
17
100
AcDbEntity
  8
Modules
100
AcDbBlockReference
  2
fs_54641099_full
 10
-13.820607864565822
 20
-174.90209826282634
 30
1.8561011592512138
1001
HelioScope
1040
1.134
1040
2.382
1000
portrait
  0
INSERT
  5
B68
330
17
100
AcDbEntity
  8
Modules
100
AcDbBlockReference
  2
fs_54641099_full
 10
-12.673897704565821
 20
-174.90209826282634
 30
1.8561011592512138
1001
HelioScope
1040
1.134
1040
2.382
1000
portrait
  0
INSERT
  5
B6A
330
17
100
AcDbEntity
  8
Modules
100
AcDbBlockReference
  2
fs_54641099_full
 10
-11.527187544565823
 20
-174.90209826282634
 30
1.8561011592512138
1001
HelioScope
1040
1.134
1040
2.382
1000
portrait
  0
INSERT
  5
B6C
330
17
100
AcDbEntity
  8
Modules
100
AcDbBlockReference
  2
fs_54641099_full
 10
-10.380477384565822
 20
-174.90209826282634
 30
1.8561011592512138
1001
HelioScope
1040
1.134
1040
2.382
1000
portrait
  0
INSERT
  5
B6E
330
17
100
AcDbEntity
  8
Modules
100
AcDbBlockReference
  2
fs_54641099_full
 10
-9.233767224565824
 20
-174.90209826282634
 30
1.8561011592512138
1001
HelioScope
1040
1.134
1040
2.382
1000
portrait
  0
INSERT
  5
B70
330
17
100
AcDbEntity
  8
Modules
100
AcDbBlockReference
  2
fs_54641099_full
 10
-8.087057064565823
 20
-174.90209826282634
 30
1.8561011592512138
1001
HelioScope
1040
1.134
1040
2.382
1000
portrait
  0
INSERT
  5
B72
330
17
100
AcDbEntity
  8
Modules
100
AcDbBlockReference
  2
fs_54641099_full
 10
-6.940346904565821
 20
-174.90209826282634
 30
1.8561011592512138
1001
HelioScope
1040
1.134
1040
2.382
1000
portrait
  0
INSERT
  5
B74
330
17
100
AcDbEntity
  8
Modules
100
AcDbBlockReference
  2
fs_54641099_full
 10
-5.7936367445658234
 20
-174.90209826282634
 30
1.8561011592512138
1001
HelioScope
1040
1.134
1040
2.382
1000
portrait
  0
INSERT
  5
B76
330
17
100
AcDbEntity
  8
Modules
100
AcDbBlockReference
  2
fs_54641099_full
 10
-4.646926584565826
 20
-174.90209826282634
 30
1.8561011592512138
1001
HelioScope
1040
1.134
1040
2.382
1000
portrait
  0
INSERT
  5
B78
330
17
100
AcDbEntity
  8
Modules
100
AcDbBlockReference
  2
fs_54641099_full
 10
-3.5002164245658243
 20
-174.90209826282634
 30
1.8561011592512138
1001
HelioScope
1040
1.134
1040
2.382
1000
portrait
  0
INSERT
  5
B7A
330
17
100
AcDbEntity
  8
Modules
100
AcDbBlockReference
  2
fs_54641099_full
 10
-2.353506264565823
 20
-174.90209826282634
 30
1.8561011592512138
1001
HelioScope
1040
1.134
1040
2.382
1000
portrait
  0
INSERT
  5
B7C
330
17
100
AcDbEntity
  8
Modules
100
AcDbBlockReference
  2
fs_54641099_full
 10
-1.206796104565825
 20
-174.90209826282634
 30
1.8561011592512138
1001
HelioScope
1040
1.134
1040
2.382
1000
portrait
  0
INSERT
  5
B7E
330
17
100
AcDbEntity
  8
Modules
100
AcDbBlockReference
  2
fs_54641099_full
 10
-0.06008594456582372
 20
-174.90209826282634
 30
1.8561011592512138
1001
HelioScope
1040
1.134
1040
2.382
1000
portrait
  0
INSERT
  5
B80
330
17
100
AcDbEntity
  8
Modules
100
AcDbBlockReference
  2
fs_54641099_full
 10
1.0866242154341776
 20
-174.90209826282634
 30
1.8561011592512138
1001
HelioScope
1040
1.134
1040
2.382
1000
portrait
  0
INSERT
  5
B82
330
17
100
AcDbEntity
  8
Modules
100
AcDbBlockReference
  2
fs_54641099_full
 10
2.2333343754341755
 20
-174.90209826282634
 30
1.8561011592512138
1001
HelioScope
1040
1.134
1040
2.382
1000
portrait
  0
INSERT
  5
B84
330
17
100
AcDbEntity
  8
Modules
100
AcDbBlockReference
  2
fs_54641099_full
 10
3.3800445354341733
 20
-174.90209826282634
 30
1.8561011592512138
1001
HelioScope
1040
1.134
1040
2.382
1000
portrait
  0
INSERT
  5
B86
330
17
100
AcDbEntity
  8
Modules
100
AcDbBlockReference
  2
fs_54641099_full
 10
4.526754695434178
 20
-174.90209826282634
 30
1.8561011592512138
1001
HelioScope
1040
1.134
1040
2.382
1000
portrait
  0
INSERT
  5
B88
330
17
100
AcDbEntity
  8
Modules
100
AcDbBlockReference
  2
fs_54641099_full
 10
5.673464855434176
 20
-174.90209826282634
 30
1.8561011592512138
1001
HelioScope
1040
1.134
1040
2.382
1000
portrait
  0
INSERT
  5
B8A
330
17
100
AcDbEntity
  8
Modules
100
AcDbBlockReference
  2
fs_54641099_full
 10
6.820175015434174
 20
-174.90209826282634
 30
1.8561011592512138
1001
HelioScope
1040
1.134
1040
2.382
1000
portrait
  0
INSERT
  5
B8C
330
17
100
AcDbEntity
  8
Modules
100
AcDbBlockReference
  2
fs_54641099_full
 10
7.966885175434172
 20
-174.90209826282634
 30
1.8561011592512138
1001
HelioScope
1040
1.134
1040
2.382
1000
portrait
  0
INSERT
  5
B8E
330
17
100
AcDbEntity
  8
Modules
100
AcDbBlockReference
  2
fs_54641099_full
 10
9.11359533543417
 20
-174.90209826282634
 30
1.8561011592512138
1001
HelioScope
1040
1.134
1040
2.382
1000
portrait
  0
INSERT
  5
B90
330
17
100
AcDbEntity
  8
Modules
100
AcDbBlockReference
  2
fs_54641099_full
 10
10.260305495434174
 20
-174.90209826282634
 30
1.8561011592512138
1001
HelioScope
1040
1.134
1040
2.382
1000
portrait
  0
INSERT
  5
B92
330
17
100
AcDbEntity
  8
Modules
100
AcDbBlockReference
  2
fs_54641099_full
 10
11.407015655434172
 20
-174.90209826282634
 30
1.8561011592512138
1001
HelioScope
1040
1.134
1040
2.382
1000
portrait
  0
INSERT
  5
B94
330
17
100
AcDbEntity
  8
Modules
100
AcDbBlockReference
  2
fs_54641099_full
 10
12.553725815434177
 20
-174.90209826282634
 30
1.8561011592512138
1001
HelioScope
1040
1.134
1040
2.382
1000
portrait
  0
INSERT
  5
B96
330
17
100
AcDbEntity
  8
Modules
100
AcDbBlockReference
  2
fs_54641099_full
 10
13.700435975434175
 20
-174.90209826282634
 30
1.8561011592512138
1001
HelioScope
1040
1.134
1040
2.382
1000
portrait
  0
INSERT
  5
B98
330
17
100
AcDbEntity
  8
Modules
100
AcDbBlockReference
  2
fs_54641099_full
 10
14.847146135434173
 20
-174.90209826282634
 30
1.8561011592512138
1001
HelioScope
1040
1.134
1040
2.382
1000
portrait
  0
INSERT
  5
B9A
330
17
100
AcDbEntity
  8
Modules
100
AcDbBlockReference
  2
fs_54641099_full
 10
15.99385629543417
 20
-174.90209826282634
 30
1.8561011592512138
1001
HelioScope
1040
1.134
1040
2.382
1000
portrait
  0
INSERT
  5
B9C
330
17
100
AcDbEntity
  8
Modules
100
AcDbBlockReference
  2
fs_54641099_full
 10
17.14056645543417
 20
-174.90209826282634
 30
1.8561011592512138
1001
HelioScope
1040
1.134
1040
2.382
1000
portrait
  0
INSERT
  5
B9E
330
17
100
AcDbEntity
  8
Modules
100
AcDbBlockReference
  2
fs_54641099_full
 10
18.287276615434173
 20
-174.90209826282634
 30
1.8561011592512138
1001
HelioScope
1040
1.134
1040
2.382
1000
portrait
  0
INSERT
  5
BA0
330
17
100
AcDbEntity
  8
Modules
100
AcDbBlockReference
  2
fs_54641099_full
 10
19.43398677543417
 20
-174.90209826282634
 30
1.8561011592512138
1001
HelioScope
1040
1.134
1040
2.382
1000
portrait
  0
INSERT
  5
BA2
330
17
100
AcDbEntity
  8
Modules
100
AcDbBlockReference
  2
fs_54641099_full
 10
20.58069693543417
 20
-174.90209826282634
 30
1.8561011592512138
1001
HelioScope
1040
1.134
1040
2.382
1000
portrait
  0
INSERT
  5
BA4
330
17
100
AcDbEntity
  8
Modules
100
AcDbBlockReference
  2
fs_54641099_full
 10
21.727407095434174
 20
-174.90209826282634
 30
1.8561011592512138
1001
HelioScope
1040
1.134
1040
2.382
1000
portrait
  0
INSERT
  5
BA6
330
17
100
AcDbEntity
  8
Modules
100
AcDbBlockReference
  2
fs_54641099_full
 10
22.87411725543417
 20
-174.90209826282634
 30
1.8561011592512138
1001
HelioScope
1040
1.134
1040
2.382
1000
portrait
  0
INSERT
  5
BA8
330
17
100
AcDbEntity
  8
Modules
100
AcDbBlockReference
  2
fs_54641099_full
 10
24.02082741543417
 20
-174.90209826282634
 30
1.8561011592512138
1001
HelioScope
1040
1.134
1040
2.382
1000
portrait
  0
INSERT
  5
BAA
330
17
100
AcDbEntity
  8
Modules
100
AcDbBlockReference
  2
fs_54641099_full
 10
25.167537575434174
 20
-174.90209826282634
 30
1.8561011592512138
1001
HelioScope
1040
1.134
1040
2.382
1000
portrait
  0
INSERT
  5
BAC
330
17
100
AcDbEntity
  8
Modules
100
AcDbBlockReference
  2
fs_54641099_full
 10
26.314247735434172
 20
-174.90209826282634
 30
1.8561011592512138
1001
HelioScope
1040
1.134
1040
2.382
1000
portrait
  0
INSERT
  5
BAE
330
17
100
AcDbEntity
  8
Modules
100
AcDbBlockReference
  2
fs_54641099_full
 10
27.46095789543417
 20
-174.90209826282634
 30
1.8561011592512138
1001
HelioScope
1040
1.134
1040
2.382
1000
portrait
  0
INSERT
  5
BB0
330
17
100
AcDbEntity
  8
Modules
100
AcDbBlockReference
  2
fs_54641099_full
 10
28.607668055434168
 20
-174.90209826282634
 30
1.8561011592512138
1001
HelioScope
1040
1.134
1040
2.382
1000
portrait
  0
INSERT
  5
BB2
330
17
100
AcDbEntity
  8
Modules
100
AcDbBlockReference
  2
fs_54641099_full
 10
29.754378215434173
 20
-174.90209826282634
 30
1.8561011592512138
1001
HelioScope
1040
1.134
1040
2.382
1000
portrait
  0
INSERT
  5
BB4
330
17
100
AcDbEntity
  8
Modules
100
AcDbBlockReference
  2
fs_54641099_full
 10
30.90108837543417
 20
-174.90209826282634
 30
1.8561011592512138
1001
HelioScope
1040
1.134
1040
2.382
1000
portrait
  0
INSERT
  5
BB6
330
17
100
AcDbEntity
  8
Modules
100
AcDbBlockReference
  2
fs_54641099_full
 10
-2.353506264565823
 20
-185.82915836108856
 30
1.8561011592512138
1001
HelioScope
1040
1.134
1040
2.382
1000
portrait
  0
INSERT
  5
BB8
330
17
100
AcDbEntity
  8
Modules
100
AcDbBlockReference
  2
fs_54641099_full
 10
-3.5002164245658243
 20
-185.82915836108856
 30
1.8561011592512138
1001
HelioScope
1040
1.134
1040
2.382
1000
portrait
  0
INSERT
  5
BBA
330
17
100
AcDbEntity
  8
Modules
100
AcDbBlockReference
  2
fs_54641099_full
 10
-4.646926584565826
 20
-185.82915836108856
 30
1.8561011592512138
1001
HelioScope
1040
1.134
1040
2.382
1000
portrait
  0
INSERT
  5
BBC
330
17
100
AcDbEntity
  8
Modules
100
AcDbBlockReference
  2
fs_54641099_full
 10
-5.7936367445658234
 20
-185.82915836108856
 30
1.8561011592512138
1001
HelioScope
1040
1.134
1040
2.382
1000
portrait
  0
INSERT
  5
BBE
330
17
100
AcDbEntity
  8
Modules
100
AcDbBlockReference
  2
fs_54641099_full
 10
-6.940346904565825
 20
-185.82915836108856
 30
1.8561011592512138
1001
HelioScope
1040
1.134
1040
2.382
1000
portrait
  0
INSERT
  5
BC0
330
17
100
AcDbEntity
  8
Modules
100
AcDbBlockReference
  2
fs_54641099_full
 10
-8.087057064565823
 20
-185.82915836108856
 30
1.8561011592512138
1001
HelioScope
1040
1.134
1040
2.382
1000
portrait
  0
INSERT
  5
BC2
330
17
100
AcDbEntity
  8
Modules
100
AcDbBlockReference
  2
fs_54641099_full
 10
-9.233767224565824
 20
-185.82915836108856
 30
1.8561011592512138
1001
HelioScope
1040
1.134
1040
2.382
1000
portrait
  0
INSERT
  5
BC4
330
17
100
AcDbEntity
  8
Modules
100
AcDbBlockReference
  2
fs_54641099_full
 10
-1.206796104565825
 20
-185.82915836108856
 30
1.8561011592512138
1001
HelioScope
1040
1.134
1040
2.382
1000
portrait
  0
INSERT
  5
BC6
330
17
100
AcDbEntity
  8
Modules
100
AcDbBlockReference
  2
fs_54641099_full
 10
-0.060085944565827276
 20
-185.82915836108856
 30
1.8561011592512138
1001
HelioScope
1040
1.134
1040
2.382
1000
portrait
  0
INSERT
  5
BC8
330
17
100
AcDbEntity
  8
Modules
100
AcDbBlockReference
  2
fs_54641099_full
 10
1.086624215434174
 20
-185.82915836108856
 30
1.8561011592512138
1001
HelioScope
1040
1.134
1040
2.382
1000
portrait
  0
INSERT
  5
BCA
330
17
100
AcDbEntity
  8
Modules
100
AcDbBlockReference
  2
fs_54641099_full
 10
2.2333343754341755
 20
-185.82915836108856
 30
1.8561011592512138
1001
HelioScope
1040
1.134
1040
2.382
1000
portrait
  0
INSERT
  5
BCC
330
17
100
AcDbEntity
  8
Modules
100
AcDbBlockReference
  2
fs_54641099_full
 10
3.3800445354341733
 20
-185.82915836108856
 30
1.8561011592512138
1001
HelioScope
1040
1.134
1040
2.382
1000
portrait
  0
INSERT
  5
BCE
330
17
100
AcDbEntity
  8
Modules
100
AcDbBlockReference
  2
fs_54641099_full
 10
4.526754695434178
 20
-185.82915836108856
 30
1.8561011592512138
1001
HelioScope
1040
1.134
1040
2.382
1000
portrait
  0
INSERT
  5
BD0
330
17
100
AcDbEntity
  8
Modules
100
AcDbBlockReference
  2
fs_54641099_full
 10
5.673464855434176
 20
-185.82915836108856
 30
1.8561011592512138
1001
HelioScope
1040
1.134
1040
2.382
1000
portrait
  0
INSERT
  5
BD2
330
17
100
AcDbEntity
  8
Modules
100
AcDbBlockReference
  2
fs_54641099_full
 10
6.820175015434174
 20
-185.82915836108856
 30
1.8561011592512138
1001
HelioScope
1040
1.134
1040
2.382
1000
portrait
  0
INSERT
  5
BD4
330
17
100
AcDbEntity
  8
Modules
100
AcDbBlockReference
  2
fs_54641099_full
 10
7.966885175434172
 20
-185.82915836108856
 30
1.8561011592512138
1001
HelioScope
1040
1.134
1040
2.382
1000
portrait
  0
INSERT
  5
BD6
330
17
100
AcDbEntity
  8
Modules
100
AcDbBlockReference
  2
fs_54641099_full
 10
9.11359533543417
 20
-185.82915836108856
 30
1.8561011592512138
1001
HelioScope
1040
1.134
1040
2.382
1000
portrait
  0
INSERT
  5
BD8
330
17
100
AcDbEntity
  8
Modules
100
AcDbBlockReference
  2
fs_54641099_full
 10
10.260305495434174
 20
-185.82915836108856
 30
1.8561011592512138
1001
HelioScope
1040
1.134
1040
2.382
1000
portrait
  0
INSERT
  5
BDA
330
17
100
AcDbEntity
  8
Modules
100
AcDbBlockReference
  2
fs_54641099_full
 10
11.407015655434172
 20
-185.82915836108856
 30
1.8561011592512138
1001
HelioScope
1040
1.134
1040
2.382
1000
portrait
  0
INSERT
  5
BDC
330
17
100
AcDbEntity
  8
Modules
100
AcDbBlockReference
  2
fs_54641099_full
 10
12.553725815434177
 20
-185.82915836108856
 30
1.8561011592512138
1001
HelioScope
1040
1.134
1040
2.382
1000
portrait
  0
INSERT
  5
BDE
330
17
100
AcDbEntity
  8
Modules
100
AcDbBlockReference
  2
fs_54641099_full
 10
13.700435975434175
 20
-185.82915836108856
 30
1.8561011592512138
1001
HelioScope
1040
1.134
1040
2.382
1000
portrait
  0
INSERT
  5
BE0
330
17
100
AcDbEntity
  8
Modules
100
AcDbBlockReference
  2
fs_54641099_full
 10
14.847146135434173
 20
-185.82915836108856
 30
1.8561011592512138
1001
HelioScope
1040
1.134
1040
2.382
1000
portrait
  0
INSERT
  5
BE2
330
17
100
AcDbEntity
  8
Modules
100
AcDbBlockReference
  2
fs_54641099_full
 10
15.99385629543417
 20
-185.82915836108856
 30
1.8561011592512138
1001
HelioScope
1040
1.134
1040
2.382
1000
portrait
  0
INSERT
  5
BE4
330
17
100
AcDbEntity
  8
Modules
100
AcDbBlockReference
  2
fs_54641099_full
 10
17.14056645543417
 20
-185.82915836108856
 30
1.8561011592512138
1001
HelioScope
1040
1.134
1040
2.382
1000
portrait
  0
INSERT
  5
BE6
330
17
100
AcDbEntity
  8
Modules
100
AcDbBlockReference
  2
fs_54641099_full
 10
18.287276615434173
 20
-185.82915836108856
 30
1.8561011592512138
1001
HelioScope
1040
1.134
1040
2.382
1000
portrait
  0
INSERT
  5
BE8
330
17
100
AcDbEntity
  8
Modules
100
AcDbBlockReference
  2
fs_54641099_full
 10
19.43398677543417
 20
-185.82915836108856
 30
1.8561011592512138
1001
HelioScope
1040
1.134
1040
2.382
1000
portrait
  0
INSERT
  5
BEA
330
17
100
AcDbEntity
  8
Modules
100
AcDbBlockReference
  2
fs_54641099_full
 10
20.580696935434176
 20
-185.82915836108856
 30
1.8561011592512138
1001
HelioScope
1040
1.134
1040
2.382
1000
portrait
  0
INSERT
  5
BEC
330
17
100
AcDbEntity
  8
Modules
100
AcDbBlockReference
  2
fs_54641099_full
 10
21.727407095434174
 20
-185.82915836108856
 30
1.8561011592512138
1001
HelioScope
1040
1.134
1040
2.382
1000
portrait
  0
INSERT
  5
BEE
330
17
100
AcDbEntity
  8
Modules
100
AcDbBlockReference
  2
fs_54641099_full
 10
22.87411725543417
 20
-185.82915836108856
 30
1.8561011592512138
1001
HelioScope
1040
1.134
1040
2.382
1000
portrait
  0
INSERT
  5
BF0
330
17
100
AcDbEntity
  8
Modules
100
AcDbBlockReference
  2
fs_54641099_full
 10
24.02082741543417
 20
-185.82915836108856
 30
1.8561011592512138
1001
HelioScope
1040
1.134
1040
2.382
1000
portrait
  0
INSERT
  5
BF2
330
17
100
AcDbEntity
  8
Modules
100
AcDbBlockReference
  2
fs_54641099_full
 10
1.0866242154341776
 20
-196.75621845935078
 30
1.8561011592512138
1001
HelioScope
1040
1.134
1040
2.382
1000
portrait
  0
INSERT
  5
BF4
330
17
100
AcDbEntity
  8
Modules
100
AcDbBlockReference
  2
fs_54641099_full
 10
-0.06008594456582017
 20
-196.75621845935078
 30
1.8561011592512138
1001
HelioScope
1040
1.134
1040
2.382
1000
portrait
  0
INSERT
  5
BF6
330
17
100
AcDbEntity
  8
Modules
100
AcDbBlockReference
  2
fs_54641099_full
 10
-1.2067961045658215
 20
-196.75621845935078
 30
1.8561011592512138
1001
HelioScope
1040
1.134
1040
2.382
1000
portrait
  0
INSERT
  5
BF8
330
17
100
AcDbEntity
  8
Modules
100
AcDbBlockReference
  2
fs_54641099_full
 10
-2.353506264565823
 20
-196.75621845935078
 30
1.8561011592512138
1001
HelioScope
1040
1.134
1040
2.382
1000
portrait
  0
INSERT
  5
BFA
330
17
100
AcDbEntity
  8
Modules
100
AcDbBlockReference
  2
fs_54641099_full
 10
-3.5002164245658207
 20
-196.75621845935078
 30
1.8561011592512138
1001
HelioScope
1040
1.134
1040
2.382
1000
portrait
  0
INSERT
  5
BFC
330
17
100
AcDbEntity
  8
Modules
100
AcDbBlockReference
  2
fs_54641099_full
 10
-4.646926584565822
 20
-196.75621845935078
 30
1.8561011592512138
1001
HelioScope
1040
1.134
1040
2.382
1000
portrait
  0
INSERT
  5
BFE
330
17
100
AcDbEntity
  8
Modules
100
AcDbBlockReference
  2
fs_54641099_full
 10
-5.79363674456582
 20
-196.75621845935078
 30
1.8561011592512138
1001
HelioScope
1040
1.134
1040
2.382
1000
portrait
  0
INSERT
  5
C00
330
17
100
AcDbEntity
  8
Modules
100
AcDbBlockReference
  2
fs_54641099_full
 10
-6.940346904565821
 20
-196.75621845935078
 30
1.8561011592512138
1001
HelioScope
1040
1.134
1040
2.382
1000
portrait
  0
INSERT
  5
C02
330
17
100
AcDbEntity
  8
Modules
100
AcDbBlockReference
  2
fs_54641099_full
 10
2.2333343754341755
 20
-196.75621845935078
 30
1.8561011592512138
1001
HelioScope
1040
1.134
1040
2.382
1000
portrait
  0
INSERT
  5
C04
330
17
100
AcDbEntity
  8
Modules
100
AcDbBlockReference
  2
fs_54641099_full
 10
3.3800445354341804
 20
-196.75621845935078
 30
1.8561011592512138
1001
HelioScope
1040
1.134
1040
2.382
1000
portrait
  0
INSERT
  5
C06
330
17
100
AcDbEntity
  8
Modules
100
AcDbBlockReference
  2
fs_54641099_full
 10
4.526754695434178
 20
-196.75621845935078
 30
1.8561011592512138
1001
HelioScope
1040
1.134
1040
2.382
1000
portrait
  0
INSERT
  5
C08
330
17
100
AcDbEntity
  8
Modules
100
AcDbBlockReference
  2
fs_54641099_full
 10
5.673464855434176
 20
-196.75621845935078
 30
1.8561011592512138
1001
HelioScope
1040
1.134
1040
2.382
1000
portrait
  0
INSERT
  5
C0A
330
17
100
AcDbEntity
  8
Modules
100
AcDbBlockReference
  2
fs_54641099_full
 10
6.820175015434174
 20
-196.75621845935078
 30
1.8561011592512138
1001
HelioScope
1040
1.134
1040
2.382
1000
portrait
  0
INSERT
  5
C0C
330
17
100
AcDbEntity
  8
Modules
100
AcDbBlockReference
  2
fs_54641099_full
 10
7.966885175434179
 20
-196.75621845935078
 30
1.8561011592512138
1001
HelioScope
1040
1.134
1040
2.382
1000
portrait
  0
INSERT
  5
C0E
330
17
100
AcDbEntity
  8
Modules
100
AcDbBlockReference
  2
fs_54641099_full
 10
9.113595335434177
 20
-196.75621845935078
 30
1.8561011592512138
1001
HelioScope
1040
1.134
1040
2.382
1000
portrait
  0
INSERT
  5
C10
330
17
100
AcDbEntity
  8
Modules
100
AcDbBlockReference
  2
fs_54641099_full
 10
10.260305495434174
 20
-196.75621845935078
 30
1.8561011592512138
1001
HelioScope
1040
1.134
1040
2.382
1000
portrait
  0
INSERT
  5
C12
330
17
100
AcDbEntity
  8
Modules
100
AcDbBlockReference
  2
fs_54641099_full
 10
11.40701565543418
 20
-196.75621845935078
 30
1.8561011592512138
1001
HelioScope
1040
1.134
1040
2.382
1000
portrait
  0
INSERT
  5
C14
330
17
100
AcDbEntity
  8
Modules
100
AcDbBlockReference
  2
fs_54641099_full
 10
12.553725815434177
 20
-196.75621845935078
 30
1.8561011592512138
1001
HelioScope
1040
1.134
1040
2.382
1000
portrait
  0
INSERT
  5
C16
330
17
100
AcDbEntity
  8
Modules
100
AcDbBlockReference
  2
fs_54641099_full
 10
13.700435975434175
 20
-196.75621845935078
 30
1.8561011592512138
1001
HelioScope
1040
1.134
1040
2.382
1000
portrait
  0
INSERT
  5
C18
330
17
100
AcDbEntity
  8
Modules
100
AcDbBlockReference
  2
fs_54641099_full
 10
14.847146135434173
 20
-196.75621845935078
 30
1.8561011592512138
1001
HelioScope
1040
1.134
1040
2.382
1000
portrait
  0
INSERT
  5
C1A
330
17
100
AcDbEntity
  8
Modules
100
AcDbBlockReference
  2
fs_54641099_full
 10
15.99385629543417
 20
-196.75621845935078
 30
1.8561011592512138
1001
HelioScope
1040
1.134
1040
2.382
1000
portrait
  0
INSERT
  5
C1C
330
17
100
AcDbEntity
  8
Modules
100
AcDbBlockReference
  2
fs_54641099_full
 10
17.140566455434175
 20
-196.75621845935078
 30
1.8561011592512138
1001
HelioScope
1040
1.134
1040
2.382
1000
portrait
  0
INSERT
  5
C1E
330
17
100
AcDbEntity
  8
Modules
100
AcDbBlockReference
  2
fs_54641099_full
 10
18.287276615434173
 20
-196.75621845935078
 30
1.8561011592512138
1001
HelioScope
1040
1.134
1040
2.382
1000
portrait
  0
INSERT
  5
C20
330
17
100
AcDbEntity
  8
Modules
100
AcDbBlockReference
  2
fs_54641099_full
 10
12.553725815434177
 20
-207.683278557613
 30
1.8561011592512138
1001
HelioScope
1040
1.134
1040
2.382
1000
portrait
  0
INSERT
  5
C22
330
17
100
AcDbEntity
  8
Modules
100
AcDbBlockReference
  2
fs_54641099_full
 10
11.40701565543418
 20
-207.683278557613
 30
1.8561011592512138
1001
HelioScope
1040
1.134
1040
2.382
1000
portrait
  0
INSERT
  5
C24
330
17
100
AcDbEntity
  8
Modules
100
AcDbBlockReference
  2
fs_54641099_full
 10
10.260305495434181
 20
-207.683278557613
 30
1.8561011592512138
1001
HelioScope
1040
1.134
1040
2.382
1000
portrait
  0
INSERT
  5
C26
330
17
100
AcDbEntity
  8
Modules
100
AcDbBlockReference
  2
fs_54641099_full
 10
9.113595335434177
 20
-207.683278557613
 30
1.8561011592512138
1001
HelioScope
1040
1.134
1040
2.382
1000
portrait
  0
INSERT
  5
C28
330
17
100
AcDbEntity
  8
Modules
100
AcDbBlockReference
  2
fs_54641099_full
 10
7.966885175434179
 20
-207.683278557613
 30
1.8561011592512138
1001
HelioScope
1040
1.134
1040
2.382
1000
portrait
  0
INSERT
  5
C2A
330
17
100
AcDbEntity
  8
Modules
100
AcDbBlockReference
  2
fs_54641099_full
 10
6.820175015434174
 20
-207.683278557613
 30
1.8561011592512138
1001
HelioScope
1040
1.134
1040
2.382
1000
portrait
  0
INSERT
  5
C2C
330
17
100
AcDbEntity
  8
Modules
100
AcDbBlockReference
  2
fs_54641099_full
 10
5.673464855434176
 20
-207.683278557613
 30
1.8561011592512138
1001
HelioScope
1040
1.134
1040
2.382
1000
portrait
  0
INSERT
  5
C2E
330
17
100
AcDbEntity
  8
Modules
100
AcDbBlockReference
  2
fs_54641099_full
 10
4.526754695434178
 20
-207.683278557613
 30
1.8561011592512138
1001
HelioScope
1040
1.134
1040
2.382
1000
portrait
  0
INSERT
  5
C30
330
17
100
AcDbEntity
  8
Modules
100
AcDbBlockReference
  2
fs_54641099_full
 10
3.3800445354341804
 20
-207.683278557613
 30
1.8561011592512138
1001
HelioScope
1040
1.134
1040
2.382
1000
portrait
  0
INSERT
  5
C32
330
17
100
AcDbEntity
  8
Modules
100
AcDbBlockReference
  2
fs_54641099_full
 10
2.2333343754341755
 20
-207.683278557613
 30
1.8561011592512138
1001
HelioScope
1040
1.134
1040
2.382
1000
portrait
  0
INSERT
  5
C34
330
17
100
AcDbEntity
  8
Modules
100
AcDbBlockReference
  2
fs_54641099_full
 10
1.0866242154341776
 20
-207.683278557613
 30
1.8561011592512138
1001
HelioScope
1040
1.134
1040
2.382
1000
portrait
  0
INSERT
  5
C36
330
17
100
AcDbEntity
  8
Modules
100
AcDbBlockReference
  2
fs_54641099_full
 10
-0.06008594456582017
 20
-207.683278557613
 30
1.8561011592512138
1001
HelioScope
1040
1.134
1040
2.382
1000
portrait
  0
INSERT
  5
C38
330
17
100
AcDbEntity
  8
Modules
100
AcDbBlockReference
  2
fs_54641099_full
 10
-1.2067961045658215
 20
-207.683278557613
 30
1.8561011592512138
1001
HelioScope
1040
1.134
1040
2.382
1000
portrait
  0
INSERT
  5
C3A
330
17
100
AcDbEntity
  8
Modules
100
AcDbBlockReference
  2
fs_54641099_full
 10
-2.3535062645658194
 20
-207.683278557613
 30
1.8561011592512138
1001
HelioScope
1040
1.134
1040
2.382
1000
portrait
  0
INSERT
  5
C3C
330
17
100
AcDbEntity
  8
Modules
100
AcDbBlockReference
  2
fs_54641099_full
 10
-3.5002164245658207
 20
-207.683278557613
 30
1.8561011592512138
1001
HelioScope
1040
1.134
1040
2.382
1000
portrait
  0
POLYLINE
  5
C40
330
17
100
AcDbEntity
  8
Field_Segments
100
AcDbPolyFaceMesh
 66
1
 10
0.0
 20
0.0
 30
0.0
 70
97
 71
21
 72
21
  0
VERTEX
  5
C42
330
17
100
AcDbEntity
  8
Field_Segments
100
AcDbVertex
100
AcDbPolyFaceMeshVertex
 10
-50.69991768253751
 20
-19.473857300754503
 30
1e-06
 70
192
  0
VERTEX
  5
C44
330
17
100
AcDbEntity
  8
Field_Segments
100
AcDbVertex
100
AcDbPolyFaceMeshVertex
 10
-41.27327607894422
 20
49.42514041258444
 30
1e-06
 70
192
  0
VERTEX
  5
C49
330
17
100
AcDbEntity
  8
Field_Segments
100
AcDbVertex
100
AcDbPolyFaceMeshVertex
 10
-58.047536718368264
 20
-17.206080236819517
 30
1e-06
 70
192
  0
VERTEX
  5
C4E
330
17
100
AcDbEntity
  8
Field_Segments
100
AcDbVertex
100
AcDbPolyFaceMeshVertex
 10
-99.01690907319531
 20
-55.65794190007617
 30
1e-06
 70
192
  0
VERTEX
  5
C53
330
17
100
AcDbEntity
  8
Field_Segments
100
AcDbVertex
100
AcDbPolyFaceMeshVertex
 10
-65.37906428190897
 20
-90.57722839769721
 30
1e-06
 70
192
  0
VERTEX
  5
C58
330
17
100
AcDbEntity
  8
Field_Segments
100
AcDbVertex
100
AcDbPolyFaceMeshVertex
 10
-45.83707826030457
 20
-120.05038764339571
 30
1e-06
 70
192
  0
VERTEX
  5
C5D
330
17
100
AcDbEntity
  8
Field_Segments
100
AcDbVertex
100
AcDbPolyFaceMeshVertex
 10
-33.98374247670842
 20
-147.28102390300847
 30
1e-06
 70
192
  0
VERTEX
  5
C62
330
17
100
AcDbEntity
  8
Field_Segments
100
AcDbVertex
100
AcDbPolyFaceMeshVertex
 10
-15.402837734855005
 20
-193.0925649044746
 30
1e-06
 70
192
  0
VERTEX
  5
C67
330
17
100
AcDbEntity
  8
Field_Segments
100
AcDbVertex
100
AcDbPolyFaceMeshVertex
 10
-6.75310621709567
 20
-224.4878867096752
 30
1e-06
 70
192
  0
VERTEX
  5
C6C
330
17
100
AcDbEntity
  8
Field_Segments
100
AcDbVertex
100
AcDbPolyFaceMeshVertex
 10
-29.773906242913228
 20
-319.3598326316744
 30
1e-06
 70
192
  0
VERTEX
  5
C71
330
17
100
AcDbEntity
  8
Field_Segments
100
AcDbVertex
100
AcDbPolyFaceMeshVertex
 10
1.0536886151462248
 20
-221.1441084656155
 30
1e-06
 70
192
  0
VERTEX
  5
C76
330
17
100
AcDbEntity
  8
Field_Segments
100
AcDbVertex
100
AcDbPolyFaceMeshVertex
 10
15.351763217178252
 20
-222.56572415017308
 30
1e-06
 70
192
  0
VERTEX
  5
C7B
330
17
100
AcDbEntity
  8
Field_Segments
100
AcDbVertex
100
AcDbPolyFaceMeshVertex
 10
27.52545942735805
 20
-199.4997734361482
 30
1e-06
 70
192
  0
VERTEX
  5
C80
330
17
100
AcDbEntity
  8
Field_Segments
100
AcDbVertex
100
AcDbPolyFaceMeshVertex
 10
41.37400529454764
 20
-177.67939701195843
 30
1e-06
 70
192
  0
VERTEX
  5
C85
330
17
100
AcDbEntity
  8
Field_Segments
100
AcDbVertex
100
AcDbPolyFaceMeshVertex
 10
55.40836768828349
 20
-181.0816666831671
 30
1e-06
 70
192
  0
VERTEX
  5
C8A
330
17
100
AcDbEntity
  8
Field_Segments
100
AcDbVertex
100
AcDbPolyFaceMeshVertex
 10
65.61517670190956
 20
-189.79998271563937
 30
1e-06
 70
192
  0
VERTEX
  5
C8F
330
17
100
AcDbEntity
  8
Field_Segments
100
AcDbVertex
100
AcDbPolyFaceMeshVertex
 10
120.47677515014968
 20
-113.24891511344394
 30
1e-06
 70
192
  0
VERTEX
  5
C94
330
17
100
AcDbEntity
  8
Field_Segments
100
AcDbVertex
100
AcDbPolyFaceMeshVertex
 10
127.67353668902247
 20
-96.69218504655483
 30
1e-06
 70
192
  0
VERTEX
  5
C99
330
17
100
AcDbEntity
  8
Field_Segments
100
AcDbVertex
100
AcDbPolyFaceMeshVertex
 10
112.39638468102899
 20
-85.3928321804228
 30
1e-06
 70
192
  0
VERTEX
  5
C9E
330
17
100
AcDbEntity
  8
Field_Segments
100
AcDbVertex
100
AcDbPolyFaceMeshVertex
 10
15.219057197130809
 20
-28.192173333226712
 30
1e-06
 70
192
  0
VERTEX
  5
CA3
330
17
100
AcDbEntity
  8
Field_Segments
100
AcDbVertex
100
AcDbPolyFaceMeshVertex
 10
-18.80363951495609
 20
-37.97369863795169
 30
1e-06
 70
192
  0
VERTEX
  5
C46
330
17
100
AcDbEntity
  8
Field_Segments
100
AcDbFaceRecord
 10
0.0
 20
0.0
 30
0.0
 70
128
 71
1
 72
1
 73
2
 74
2
  0
VERTEX
  5
C4B
330
17
100
AcDbEntity
  8
Field_Segments
100
AcDbFaceRecord
 10
0.0
 20
0.0
 30
0.0
 70
128
 71
2
 72
2
 73
3
 74
3
  0
VERTEX
  5
C50
330
17
100
AcDbEntity
  8
Field_Segments
100
AcDbFaceRecord
 10
0.0
 20
0.0
 30
0.0
 70
128
 71
3
 72
3
 73
4
 74
4
  0
VERTEX
  5
C55
330
17
100
AcDbEntity
  8
Field_Segments
100
AcDbFaceRecord
 10
0.0
 20
0.0
 30
0.0
 70
128
 71
4
 72
4
 73
5
 74
5
  0
VERTEX
  5
C5A
330
17
100
AcDbEntity
  8
Field_Segments
100
AcDbFaceRecord
 10
0.0
 20
0.0
 30
0.0
 70
128
 71
5
 72
5
 73
6
 74
6
  0
VERTEX
  5
C5F
330
17
100
AcDbEntity
  8
Field_Segments
100
AcDbFaceRecord
 10
0.0
 20
0.0
 30
0.0
 70
128
 71
6
 72
6
 73
7
 74
7
  0
VERTEX
  5
C64
330
17
100
AcDbEntity
  8
Field_Segments
100
AcDbFaceRecord
 10
0.0
 20
0.0
 30
0.0
 70
128
 71
7
 72
7
 73
8
 74
8
  0
VERTEX
  5
C69
330
17
100
AcDbEntity
  8
Field_Segments
100
AcDbFaceRecord
 10
0.0
 20
0.0
 30
0.0
 70
128
 71
8
 72
8
 73
9
 74
9
  0
VERTEX
  5
C6E
330
17
100
AcDbEntity
  8
Field_Segments
100
AcDbFaceRecord
 10
0.0
 20
0.0
 30
0.0
 70
128
 71
9
 72
9
 73
10
 74
10
  0
VERTEX
  5
C73
330
17
100
AcDbEntity
  8
Field_Segments
100
AcDbFaceRecord
 10
0.0
 20
0.0
 30
0.0
 70
128
 71
10
 72
10
 73
11
 74
11
  0
VERTEX
  5
C78
330
17
100
AcDbEntity
  8
Field_Segments
100
AcDbFaceRecord
 10
0.0
 20
0.0
 30
0.0
 70
128
 71
11
 72
11
 73
12
 74
12
  0
VERTEX
  5
C7D
330
17
100
AcDbEntity
  8
Field_Segments
100
AcDbFaceRecord
 10
0.0
 20
0.0
 30
0.0
 70
128
 71
12
 72
12
 73
13
 74
13
  0
VERTEX
  5
C82
330
17
100
AcDbEntity
  8
Field_Segments
100
AcDbFaceRecord
 10
0.0
 20
0.0
 30
0.0
 70
128
 71
13
 72
13
 73
14
 74
14
  0
VERTEX
  5
C87
330
17
100
AcDbEntity
  8
Field_Segments
100
AcDbFaceRecord
 10
0.0
 20
0.0
 30
0.0
 70
128
 71
14
 72
14
 73
15
 74
15
  0
VERTEX
  5
C8C
330
17
100
AcDbEntity
  8
Field_Segments
100
AcDbFaceRecord
 10
0.0
 20
0.0
 30
0.0
 70
128
 71
15
 72
15
 73
16
 74
16
  0
VERTEX
  5
C91
330
17
100
AcDbEntity
  8
Field_Segments
100
AcDbFaceRecord
 10
0.0
 20
0.0
 30
0.0
 70
128
 71
16
 72
16
 73
17
 74
17
  0
VERTEX
  5
C96
330
17
100
AcDbEntity
  8
Field_Segments
100
AcDbFaceRecord
 10
0.0
 20
0.0
 30
0.0
 70
128
 71
17
 72
17
 73
18
 74
18
  0
VERTEX
  5
C9B
330
17
100
AcDbEntity
  8
Field_Segments
100
AcDbFaceRecord
 10
0.0
 20
0.0
 30
0.0
 70
128
 71
18
 72
18
 73
19
 74
19
  0
VERTEX
  5
CA0
330
17
100
AcDbEntity
  8
Field_Segments
100
AcDbFaceRecord
 10
0.0
 20
0.0
 30
0.0
 70
128
 71
19
 72
19
 73
20
 74
20
  0
VERTEX
  5
CA5
330
17
100
AcDbEntity
  8
Field_Segments
100
AcDbFaceRecord
 10
0.0
 20
0.0
 30
0.0
 70
128
 71
20
 72
20
 73
21
 74
21
  0
VERTEX
  5
CAA
330
17
100
AcDbEntity
  8
Field_Segments
100
AcDbFaceRecord
 10
0.0
 20
0.0
 30
0.0
 70
128
 71
21
 72
21
 73
1
 74
1
  0
SEQEND
  5
C41
330
C40
100
AcDbEntity
  8
Field_Segments
  0
POLYLINE
  5
CAB
330
17
100
AcDbEntity
  8
Field_Segment_Setback
100
AcDb3dPolyline
 66
1
 10
0.0
 20
0.0
 30
0.0
 70
9
  0
VERTEX
  5
CAD
330
17
100
AcDbEntity
  8
Field_Segment_Setback
100
AcDbVertex
100
AcDb3dPolylineVertex
 10
-3.199
 20
-218.563
 30
-0.000999
 70
32
  0
VERTEX
  5
CAE
330
17
100
AcDbEntity
  8
Field_Segment_Setback
100
AcDbVertex
100
AcDb3dPolylineVertex
 10
-10.582
 20
-191.764
 30
-0.000999
 70
32
  0
VERTEX
  5
CAF
330
17
100
AcDbEntity
  8
Field_Segment_Setback
100
AcDbVertex
100
AcDb3dPolylineVertex
 10
-10.769
 20
-191.213
 30
-0.000999
 70
32
  0
VERTEX
  5
CB0
330
17
100
AcDbEntity
  8
Field_Segment_Setback
100
AcDbVertex
100
AcDb3dPolylineVertex
 10
-29.35
 20
-145.402
 30
-0.000999
 70
32
  0
VERTEX
  5
CB1
330
17
100
AcDbEntity
  8
Field_Segment_Setback
100
AcDbVertex
100
AcDb3dPolylineVertex
 10
-29.399
 20
-145.285
 30
-0.000999
 70
32
  0
VERTEX
  5
CB2
330
17
100
AcDbEntity
  8
Field_Segment_Setback
100
AcDbVertex
100
AcDb3dPolylineVertex
 10
-41.253
 20
-118.055
 30
-0.000999
 70
32
  0
VERTEX
  5
CB3
330
17
100
AcDbEntity
  8
Field_Segment_Setback
100
AcDbVertex
100
AcDb3dPolylineVertex
 10
-41.67
 20
-117.287
 30
-0.000999
 70
32
  0
VERTEX
  5
CB4
330
17
100
AcDbEntity
  8
Field_Segment_Setback
100
AcDbVertex
100
AcDb3dPolylineVertex
 10
-61.212
 20
-87.814
 30
-0.000999
 70
32
  0
VERTEX
  5
CB5
330
17
100
AcDbEntity
  8
Field_Segment_Setback
100
AcDbVertex
100
AcDb3dPolylineVertex
 10
-61.778
 20
-87.108
 30
-0.000999
 70
32
  0
VERTEX
  5
CB6
330
17
100
AcDbEntity
  8
Field_Segment_Setback
100
AcDbVertex
100
AcDb3dPolylineVertex
 10
-91.901
 20
-55.837
 30
-0.000999
 70
32
  0
VERTEX
  5
CB7
330
17
100
AcDbEntity
  8
Field_Segment_Setback
100
AcDbVertex
100
AcDb3dPolylineVertex
 10
-55.255
 20
-21.442
 30
-0.000999
 70
32
  0
VERTEX
  5
CB8
330
17
100
AcDbEntity
  8
Field_Segment_Setback
100
AcDbVertex
100
AcDb3dPolylineVertex
 10
-55.137
 20
-21.779
 30
-0.000999
 70
32
  0
VERTEX
  5
CB9
330
17
100
AcDbEntity
  8
Field_Segment_Setback
100
AcDbVertex
100
AcDb3dPolylineVertex
 10
-54.317
 20
-22.926
 30
-0.000999
 70
32
  0
VERTEX
  5
CBA
330
17
100
AcDbEntity
  8
Field_Segment_Setback
100
AcDbVertex
100
AcDb3dPolylineVertex
 10
-53.209
 20
-23.799
 30
-0.000999
 70
32
  0
VERTEX
  5
CBB
330
17
100
AcDbEntity
  8
Field_Segment_Setback
100
AcDbVertex
100
AcDb3dPolylineVertex
 10
-21.312
 20
-42.299
 30
-0.000999
 70
32
  0
VERTEX
  5
CBC
330
17
100
AcDbEntity
  8
Field_Segment_Setback
100
AcDbVertex
100
AcDb3dPolylineVertex
 10
-20.215
 20
-42.77
 30
-0.000999
 70
32
  0
VERTEX
  5
CBD
330
17
100
AcDbEntity
  8
Field_Segment_Setback
100
AcDbVertex
100
AcDb3dPolylineVertex
 10
-18.819
 20
-42.974
 30
-0.000999
 70
32
  0
VERTEX
  5
CBE
330
17
100
AcDbEntity
  8
Field_Segment_Setback
100
AcDbVertex
100
AcDb3dPolylineVertex
 10
-17.422
 20
-42.779
 30
-0.000999
 70
32
  0
VERTEX
  5
CBF
330
17
100
AcDbEntity
  8
Field_Segment_Setback
100
AcDbVertex
100
AcDb3dPolylineVertex
 10
14.536
 20
-33.592
 30
-0.000999
 70
32
  0
VERTEX
  5
CC0
330
17
100
AcDbEntity
  8
Field_Segment_Setback
100
AcDbVertex
100
AcDb3dPolylineVertex
 10
109.633
 20
-89.569
 30
-0.000999
 70
32
  0
VERTEX
  5
CC1
330
17
100
AcDbEntity
  8
Field_Segment_Setback
100
AcDbVertex
100
AcDb3dPolylineVertex
 10
121.502
 20
-98.347
 30
-0.000999
 70
32
  0
VERTEX
  5
CC2
330
17
100
AcDbEntity
  8
Field_Segment_Setback
100
AcDbVertex
100
AcDb3dPolylineVertex
 10
116.103
 20
-110.769
 30
-0.000999
 70
32
  0
VERTEX
  5
CC3
330
17
100
AcDbEntity
  8
Field_Segment_Setback
100
AcDbVertex
100
AcDb3dPolylineVertex
 10
64.723
 20
-182.462
 30
-0.000999
 70
32
  0
VERTEX
  5
CC4
330
17
100
AcDbEntity
  8
Field_Segment_Setback
100
AcDbVertex
100
AcDb3dPolylineVertex
 10
58.656
 20
-177.28
 30
-0.000999
 70
32
  0
VERTEX
  5
CC5
330
17
100
AcDbEntity
  8
Field_Segment_Setback
100
AcDbVertex
100
AcDb3dPolylineVertex
 10
57.897
 20
-176.745
 30
-0.000999
 70
32
  0
VERTEX
  5
CC6
330
17
100
AcDbEntity
  8
Field_Segment_Setback
100
AcDbVertex
100
AcDb3dPolylineVertex
 10
56.586
 20
-176.222
 30
-0.000999
 70
32
  0
VERTEX
  5
CC7
330
17
100
AcDbEntity
  8
Field_Segment_Setback
100
AcDbVertex
100
AcDb3dPolylineVertex
 10
42.552
 20
-172.82
 30
-0.000999
 70
32
  0
VERTEX
  5
CC8
330
17
100
AcDbEntity
  8
Field_Segment_Setback
100
AcDbVertex
100
AcDb3dPolylineVertex
 10
40.597
 20
-172.74
 30
-0.000999
 70
32
  0
VERTEX
  5
CC9
330
17
100
AcDbEntity
  8
Field_Segment_Setback
100
AcDbVertex
100
AcDb3dPolylineVertex
 10
39.248
 20
-173.154
 30
-0.000999
 70
32
  0
VERTEX
  5
CCA
330
17
100
AcDbEntity
  8
Field_Segment_Setback
100
AcDbVertex
100
AcDb3dPolylineVertex
 10
38.069
 20
-173.928
 30
-0.000999
 70
32
  0
VERTEX
  5
CCB
330
17
100
AcDbEntity
  8
Field_Segment_Setback
100
AcDbVertex
100
AcDb3dPolylineVertex
 10
37.152
 20
-175.0
 30
-0.000999
 70
32
  0
VERTEX
  5
CCC
330
17
100
AcDbEntity
  8
Field_Segment_Setback
100
AcDbVertex
100
AcDb3dPolylineVertex
 10
23.304
 20
-196.821
 30
-0.000999
 70
32
  0
VERTEX
  5
CCD
330
17
100
AcDbEntity
  8
Field_Segment_Setback
100
AcDbVertex
100
AcDb3dPolylineVertex
 10
23.104
 20
-197.166
 30
-0.000999
 70
32
  0
VERTEX
  5
CCE
330
17
100
AcDbEntity
  8
Field_Segment_Setback
100
AcDbVertex
100
AcDb3dPolylineVertex
 10
12.5
 20
-217.257
 30
-0.000999
 70
32
  0
VERTEX
  5
CCF
330
17
100
AcDbEntity
  8
Field_Segment_Setback
100
AcDbVertex
100
AcDb3dPolylineVertex
 10
1.548
 20
-216.169
 30
-0.000999
 70
32
  0
VERTEX
  5
CD0
330
17
100
AcDbEntity
  8
Field_Segment_Setback
100
AcDbVertex
100
AcDb3dPolylineVertex
 10
0.384
 20
-216.189
 30
-0.000999
 70
32
  0
VERTEX
  5
CD1
330
17
100
AcDbEntity
  8
Field_Segment_Setback
100
AcDbVertex
100
AcDb3dPolylineVertex
 10
-0.973
 20
-216.573
 30
-0.000999
 70
32
  0
VERTEX
  5
CD2
330
17
100
AcDbEntity
  8
Field_Segment_Setback
100
AcDbVertex
100
AcDb3dPolylineVertex
 10
-2.169
 20
-217.322
 30
-0.000999
 70
32
  0
VERTEX
  5
CD3
330
17
100
AcDbEntity
  8
Field_Segment_Setback
100
AcDbVertex
100
AcDb3dPolylineVertex
 10
-3.109
 20
-218.374
 30
-0.000999
 70
32
  0
SEQEND
  5
CAC
330
CAB
100
AcDbEntity
  8
Field_Segment_Setback
  0
VIEWPORT
  5
31
330
1B
100
AcDbEntity
 67
1
  8
VIEWPORTS
100
AcDbViewport
 10
14.328313807913581
 20
-134.967346109545
 30
0.0
 40
127.67353668902247
 41
49.42514041258444
 68
2
 69
3
 12
0.0
 22
0.0
 13
0.0
 23
0.0
 14
10.0
 24
10.0
 15
10.0
 25
10.0
 16
0.0
 26
0.0
 36
1.0
 17
0.0
 27
0.0
 37
0.0
 42
50.0
 43
0.0
 44
0.0
 45
368.78497304425883
 50
0.0
 51
0.0
 72
100
 90
0
  1

281
0
 71
0
 74
0
110
0.0
120
0.0
130
0.0
111
1.0
121
0.0
131
0.0
112
0.0
122
1.0
132
0.0
 79
0
146
0.0
  0
ENDSEC
  0
SECTION
  2
OBJECTS
  0
DICTIONARY
  5
A
330
0
100
AcDbDictionary
280
0
281
1
  3
ACAD_COLOR
350
B
  3
ACAD_GROUP
350
C
  3
ACAD_LAYOUT
350
D
  3
ACAD_MATERIAL
350
E
  3
ACAD_MLEADERSTYLE
350
F
  3
ACAD_MLINESTYLE
350
10
  3
ACAD_PLOTSETTINGS
350
11
  3
ACAD_PLOTSTYLENAME
350
12
  3
ACAD_SCALELIST
350
14
  3
ACAD_TABLESTYLE
350
15
  3
ACAD_VISUALSTYLE
350
16
  3
EZDXF_META
350
2D
  3
ACAD_IMAGE_VARS
350
32
  3
ACAD_IMAGE_DICT
350
33
  0
DICTIONARY
  5
B
330
A
100
AcDbDictionary
280
0
281
1
  0
DICTIONARY
  5
C
330
A
100
AcDbDictionary
280
0
281
1
  0
DICTIONARY
  5
D
330
A
100
AcDbDictionary
280
0
281
1
  3
Model
350
1A
  3
Layout1
350
1E
  0
DICTIONARY
  5
E
330
A
100
AcDbDictionary
280
0
281
1
  3
ByBlock
350
1F
  3
ByLayer
350
20
  3
Global
350
21
  0
DICTIONARY
  5
F
330
A
100
AcDbDictionary
280
0
281
1
  3
Standard
350
2C
  0
DICTIONARY
  5
10
330
A
100
AcDbDictionary
280
0
281
1
  3
Standard
350
22
  0
DICTIONARY
  5
11
330
A
100
AcDbDictionary
280
0
281
1
  0
ACDBDICTIONARYWDFLT
  5
12
330
A
100
AcDbDictionary
280
0
281
1
  3
Normal
350
13
100
AcDbDictionaryWithDefault
340
13
  0
ACDBPLACEHOLDER
  5
13
330
12
  0
DICTIONARY
  5
14
330
A
100
AcDbDictionary
280
0
281
1
  0
DICTIONARY
  5
15
330
A
100
AcDbDictionary
280
0
281
1
  0
DICTIONARY
  5
16
330
A
100
AcDbDictionary
280
0
281
1
  0
LAYOUT
  5
1A
330
D
100
AcDbPlotSettings
  1

  4
A3
  6

 40
7.5
 41
20.0
 42
7.5
 43
20.0
 44
420.0
 45
297.0
 46
0.0
 47
0.0
 48
0.0
 49
0.0
140
0.0
141
0.0
142
1.0
143
1.0
 70
1024
 72
1
 73
0
 74
5
  7

 75
16
 76
0
 77
2
 78
300
147
1.0
148
0.0
149
0.0
100
AcDbLayout
  1
Model
 70
1
 71
0
 10
0.0
 20
0.0
 11
420.0
 21
297.0
 12
0.0
 22
0.0
 32
0.0
 14
1e+20
 24
1e+20
 34
1e+20
 15
-1e+20
 25
-1e+20
 35
-1e+20
146
0.0
 13
0.0
 23
0.0
 33
0.0
 16
1.0
 26
0.0
 36
0.0
 17
0.0
 27
1.0
 37
0.0
 76
1
330
17
  0
LAYOUT
  5
1E
330
D
100
AcDbPlotSettings
  1

  4
A3
  6

 40
7.5
 41
20.0
 42
7.5
 43
20.0
 44
420.0
 45
297.0
 46
0.0
 47
0.0
 48
0.0
 49
0.0
140
0.0
141
0.0
142
1.0
143
1.0
 70
0
 72
1
 73
0
 74
5
  7

 75
16
 76
0
 77
2
 78
300
147
1.0
148
0.0
149
0.0
100
AcDbLayout
  1
Layout1
 70
1
 71
1
 10
0.0
 20
0.0
 11
420.0
 21
297.0
 12
0.0
 22
0.0
 32
0.0
 14
1e+20
 24
1e+20
 34
1e+20
 15
-1e+20
 25
-1e+20
 35
-1e+20
146
0.0
 13
0.0
 23
0.0
 33
0.0
 16
1.0
 26
0.0
 36
0.0
 17
0.0
 27
1.0
 37
0.0
 76
1
330
1B
  0
MATERIAL
  5
1F
102
{ACAD_REACTORS
330
E
102
}
330
E
100
AcDbMaterial
  1
ByBlock
  2

 70
0
 40
1.0
 71
1
 41
1.0
 91
-1023410177
 42
1.0
 72
1
  3

 73
1
 74
1
 75
1
 44
0.5
 73
0
 45
1.0
 46
1.0
 77
1
  4

 78
1
 79
1
170
1
 48
1.0
171
1
  6

172
1
173
1
174
1
140
1.0
141
1.0
175
1
  7

176
1
177
1
178
1
143
1.0
179
1
  8

270
1
271
1
272
1
145
1.0
146
1.0
273
1
  9

274
1
275
1
276
1
 42
1.0
 72
1
  3

 73
1
 74
1
 75
1
 94
63
  0
MATERIAL
  5
20
102
{ACAD_REACTORS
330
E
102
}
330
E
100
AcDbMaterial
  1
ByLayer
  2

 70
0
 40
1.0
 71
1
 41
1.0
 91
-1023410177
 42
1.0
 72
1
  3

 73
1
 74
1
 75
1
 44
0.5
 73
0
 45
1.0
 46
1.0
 77
1
  4

 78
1
 79
1
170
1
 48
1.0
171
1
  6

172
1
173
1
174
1
140
1.0
141
1.0
175
1
  7

176
1
177
1
178
1
143
1.0
179
1
  8

270
1
271
1
272
1
145
1.0
146
1.0
273
1
  9

274
1
275
1
276
1
 42
1.0
 72
1
  3

 73
1
 74
1
 75
1
 94
63
  0
MATERIAL
  5
21
102
{ACAD_REACTORS
330
E
102
}
330
E
100
AcDbMaterial
  1
Global
  2

 70
0
 40
1.0
 71
1
 41
1.0
 91
-1023410177
 42
1.0
 72
1
  3

 73
1
 74
1
 75
1
 44
0.5
 73
0
 45
1.0
 46
1.0
 77
1
  4

 78
1
 79
1
170
1
 48
1.0
171
1
  6

172
1
173
1
174
1
140
1.0
141
1.0
175
1
  7

176
1
177
1
178
1
143
1.0
179
1
  8

270
1
271
1
272
1
145
1.0
146
1.0
273
1
  9

274
1
275
1
276
1
 42
1.0
 72
1
  3

 73
1
 74
1
 75
1
 94
63
  0
MLINESTYLE
  5
22
102
{ACAD_REACTORS
330
10
102
}
330
10
100
AcDbMlineStyle
  2
Standard
 70
0
  3

 62
256
 51
90.0
 52
90.0
 71
2
 49
0.5
 62
256
  6
BYLAYER
 49
-0.5
 62
256
  6
BYLAYER
  0
MLEADERSTYLE
  5
2C
102
{ACAD_REACTORS
330
F
102
}
330
F
100
AcDbMLeaderStyle
179
2
170
2
171
1
172
0
 90
2
 40
0.0
 41
0.0
173
1
 91
-1056964608
 92
-2
290
1
 42
2.0
291
1
 43
8.0
  3
Standard
 44
4.0
300

342
29
174
1
175
1
176
0
178
1
 93
-1056964608
 45
4.0
292
0
297
0
 46
4.0
 94
-1056964608
 47
1.0
 49
1.0
140
1.0
294
1
141
0.0
177
0
142
1.0
295
0
296
0
143
3.75
271
0
272
9
273
9
  0
DICTIONARY
  5
2D
330
A
100
AcDbDictionary
280
1
281
1
  3
CREATED_BY_EZDXF
350
2E
  3
WRITTEN_BY_EZDXF
350
CD7
  0
DICTIONARYVAR
  5
2E
330
2D
100
DictionaryVariables
280
0
  1
1.3.5 @ 2026-09-23T11:02:34.491896+00:00
  0
RASTERVARIABLES
  5
32
102
{ACAD_REACTORS
330
A
102
}
330
A
100
AcDbRasterVariables
 90
0
 70
0
 71
1
 72
3
  0
DICTIONARY
  5
33
330
A
100
AcDbDictionary
280
0
281
1
  3
design_10482797_baseimage.jpg
350
34
  0
IMAGEDEF
  5
34
102
{ACAD_REACTORS
330
33
330
36
102
}
330
33
100
AcDbRasterImageDef
 90
0
  1
design_10482797_baseimage.jpg
 10
900.0
 20
900.0
 11
0.01
 21
0.01
280
1
281
0
  0
IMAGEDEF_REACTOR
  5
36
330
35
100
AcDbRasterImageDefReactor
 90
2
330
35
  0
DICTIONARYVAR
  5
CD7
330
2D
100
DictionaryVariables
280
0
  1
1.3.5 @ 2026-09-23T11:02:35.620142+00:00
  0
ENDSEC
  0
EOF
